series_id,year,period,value,footnote_codes,state_fips,county_fips,measure_code,county_name,date,metric,value_lag_1m,value_lag_1y,mom_change,yoy_change
LAUCN260930000000005,1990,M01,57760,"",26,093,05,Livingston,1990-01-01,employed_count,,,,
LAUCN260930000000005,1990,M02,58606,"",26,093,05,Livingston,1990-02-01,employed_count,57760,,846,
LAUCN260930000000005,1990,M03,58759,"",26,093,05,Livingston,1990-03-01,employed_count,58606,,153,
LAUCN260930000000005,1990,M04,57940,"",26,093,05,Livingston,1990-04-01,employed_count,58759,,-819,
LAUCN260930000000005,1990,M05,57835,"",26,093,05,Livingston,1990-05-01,employed_count,57940,,-105,
LAUCN260930000000005,1990,M06,57933,"",26,093,05,Livingston,1990-06-01,employed_count,57835,,98,
LAUCN260930000000005,1990,M07,56407,"",26,093,05,Livingston,1990-07-01,employed_count,57933,,-1526,
LAUCN260930000000005,1990,M08,56291,"",26,093,05,Livingston,1990-08-01,employed_count,56407,,-116,
LAUCN260930000000005,1990,M09,58326,"",26,093,05,Livingston,1990-09-01,employed_count,56291,,2035,
LAUCN260930000000005,1990,M10,58509,"",26,093,05,Livingston,1990-10-01,employed_count,58326,,183,
LAUCN260930000000005,1990,M11,58939,"",26,093,05,Livingston,1990-11-01,employed_count,58509,,430,
LAUCN260930000000005,1990,M12,58862,"",26,093,05,Livingston,1990-12-01,employed_count,58939,,-77,
LAUCN260930000000005,1991,M01,58272,"",26,093,05,Livingston,1991-01-01,employed_count,58862,57760,-590,512
LAUCN260930000000005,1991,M02,59108,"",26,093,05,Livingston,1991-02-01,employed_count,58272,58606,836,502
LAUCN260930000000005,1991,M03,59328,"",26,093,05,Livingston,1991-03-01,employed_count,59108,58759,220,569
LAUCN260930000000005,1991,M04,58362,"",26,093,05,Livingston,1991-04-01,employed_count,59328,57940,-966,422
LAUCN260930000000005,1991,M05,57796,"",26,093,05,Livingston,1991-05-01,employed_count,58362,57835,-566,-39
LAUCN260930000000005,1991,M06,57980,"",26,093,05,Livingston,1991-06-01,employed_count,57796,57933,184,47
LAUCN260930000000005,1991,M07,57740,"",26,093,05,Livingston,1991-07-01,employed_count,57980,56407,-240,1333
LAUCN260930000000005,1991,M08,57357,"",26,093,05,Livingston,1991-08-01,employed_count,57740,56291,-383,1066
LAUCN260930000000005,1991,M09,59162,"",26,093,05,Livingston,1991-09-01,employed_count,57357,58326,1805,836
LAUCN260930000000005,1991,M10,60363,"",26,093,05,Livingston,1991-10-01,employed_count,59162,58509,1201,1854
LAUCN260930000000005,1991,M11,60034,"",26,093,05,Livingston,1991-11-01,employed_count,60363,58939,-329,1095
LAUCN260930000000005,1991,M12,59589,"",26,093,05,Livingston,1991-12-01,employed_count,60034,58862,-445,727
LAUCN260930000000005,1992,M01,62132,"",26,093,05,Livingston,1992-01-01,employed_count,59589,58272,2543,3860
LAUCN260930000000005,1992,M02,62616,"",26,093,05,Livingston,1992-02-01,employed_count,62132,59108,484,3508
LAUCN260930000000005,1992,M03,62819,"",26,093,05,Livingston,1992-03-01,employed_count,62616,59328,203,3491
LAUCN260930000000005,1992,M04,62659,"",26,093,05,Livingston,1992-04-01,employed_count,62819,58362,-160,4297
LAUCN260930000000005,1992,M05,62074,"",26,093,05,Livingston,1992-05-01,employed_count,62659,57796,-585,4278
LAUCN260930000000005,1992,M06,62562,"",26,093,05,Livingston,1992-06-01,employed_count,62074,57980,488,4582
LAUCN260930000000005,1992,M07,62869,"",26,093,05,Livingston,1992-07-01,employed_count,62562,57740,307,5129
LAUCN260930000000005,1992,M08,62624,"",26,093,05,Livingston,1992-08-01,employed_count,62869,57357,-245,5267
LAUCN260930000000005,1992,M09,62443,"",26,093,05,Livingston,1992-09-01,employed_count,62624,59162,-181,3281
LAUCN260930000000005,1992,M10,63612,"",26,093,05,Livingston,1992-10-01,employed_count,62443,60363,1169,3249
LAUCN260930000000005,1992,M11,64836,"",26,093,05,Livingston,1992-11-01,employed_count,63612,60034,1224,4802
LAUCN260930000000005,1992,M12,64749,"",26,093,05,Livingston,1992-12-01,employed_count,64836,59589,-87,5160
LAUCN260930000000005,1993,M01,63477,"",26,093,05,Livingston,1993-01-01,employed_count,64749,62132,-1272,1345
LAUCN260930000000005,1993,M02,64391,"",26,093,05,Livingston,1993-02-01,employed_count,63477,62616,914,1775
LAUCN260930000000005,1993,M03,64039,"",26,093,05,Livingston,1993-03-01,employed_count,64391,62819,-352,1220
LAUCN260930000000005,1993,M04,64473,"",26,093,05,Livingston,1993-04-01,employed_count,64039,62659,434,1814
LAUCN260930000000005,1993,M05,63591,"",26,093,05,Livingston,1993-05-01,employed_count,64473,62074,-882,1517
LAUCN260930000000005,1993,M06,64251,"",26,093,05,Livingston,1993-06-01,employed_count,63591,62562,660,1689
LAUCN260930000000005,1993,M07,64046,"",26,093,05,Livingston,1993-07-01,employed_count,64251,62869,-205,1177
LAUCN260930000000005,1993,M08,63780,"",26,093,05,Livingston,1993-08-01,employed_count,64046,62624,-266,1156
LAUCN260930000000005,1993,M09,64225,"",26,093,05,Livingston,1993-09-01,employed_count,63780,62443,445,1782
LAUCN260930000000005,1993,M10,65690,"",26,093,05,Livingston,1993-10-01,employed_count,64225,63612,1465,2078
LAUCN260930000000005,1993,M11,65503,"",26,093,05,Livingston,1993-11-01,employed_count,65690,64836,-187,667
LAUCN260930000000005,1993,M12,65249,"",26,093,05,Livingston,1993-12-01,employed_count,65503,64749,-254,500
LAUCN260930000000005,1994,M01,65565,"",26,093,05,Livingston,1994-01-01,employed_count,65249,63477,316,2088
LAUCN260930000000005,1994,M02,66244,"",26,093,05,Livingston,1994-02-01,employed_count,65565,64391,679,1853
LAUCN260930000000005,1994,M03,65759,"",26,093,05,Livingston,1994-03-01,employed_count,66244,64039,-485,1720
LAUCN260930000000005,1994,M04,65909,"",26,093,05,Livingston,1994-04-01,employed_count,65759,64473,150,1436
LAUCN260930000000005,1994,M05,65261,"",26,093,05,Livingston,1994-05-01,employed_count,65909,63591,-648,1670
LAUCN260930000000005,1994,M06,65724,"",26,093,05,Livingston,1994-06-01,employed_count,65261,64251,463,1473
LAUCN260930000000005,1994,M07,65660,"",26,093,05,Livingston,1994-07-01,employed_count,65724,64046,-64,1614
LAUCN260930000000005,1994,M08,65707,"",26,093,05,Livingston,1994-08-01,employed_count,65660,63780,47,1927
LAUCN260930000000005,1994,M09,66571,"",26,093,05,Livingston,1994-09-01,employed_count,65707,64225,864,2346
LAUCN260930000000005,1994,M10,67998,"",26,093,05,Livingston,1994-10-01,employed_count,66571,65690,1427,2308
LAUCN260930000000005,1994,M11,67834,"",26,093,05,Livingston,1994-11-01,employed_count,67998,65503,-164,2331
LAUCN260930000000005,1994,M12,67849,"",26,093,05,Livingston,1994-12-01,employed_count,67834,65249,15,2600
LAUCN260930000000005,1995,M01,66767,"",26,093,05,Livingston,1995-01-01,employed_count,67849,65565,-1082,1202
LAUCN260930000000005,1995,M02,67806,"",26,093,05,Livingston,1995-02-01,employed_count,66767,66244,1039,1562
LAUCN260930000000005,1995,M03,67961,"",26,093,05,Livingston,1995-03-01,employed_count,67806,65759,155,2202
LAUCN260930000000005,1995,M04,67681,"",26,093,05,Livingston,1995-04-01,employed_count,67961,65909,-280,1772
LAUCN260930000000005,1995,M05,66570,"",26,093,05,Livingston,1995-05-01,employed_count,67681,65261,-1111,1309
LAUCN260930000000005,1995,M06,67307,"",26,093,05,Livingston,1995-06-01,employed_count,66570,65724,737,1583
LAUCN260930000000005,1995,M07,68579,"",26,093,05,Livingston,1995-07-01,employed_count,67307,65660,1272,2919
LAUCN260930000000005,1995,M08,67812,"",26,093,05,Livingston,1995-08-01,employed_count,68579,65707,-767,2105
LAUCN260930000000005,1995,M09,68480,"",26,093,05,Livingston,1995-09-01,employed_count,67812,66571,668,1909
LAUCN260930000000005,1995,M10,69427,"",26,093,05,Livingston,1995-10-01,employed_count,68480,67998,947,1429
LAUCN260930000000005,1995,M11,68851,"",26,093,05,Livingston,1995-11-01,employed_count,69427,67834,-576,1017
LAUCN260930000000005,1995,M12,68925,"",26,093,05,Livingston,1995-12-01,employed_count,68851,67849,74,1076
LAUCN260930000000005,1996,M01,68159,"",26,093,05,Livingston,1996-01-01,employed_count,68925,66767,-766,1392
LAUCN260930000000005,1996,M02,70362,"",26,093,05,Livingston,1996-02-01,employed_count,68159,67806,2203,2556
LAUCN260930000000005,1996,M03,71548,"",26,093,05,Livingston,1996-03-01,employed_count,70362,67961,1186,3587
LAUCN260930000000005,1996,M04,70489,"",26,093,05,Livingston,1996-04-01,employed_count,71548,67681,-1059,2808
LAUCN260930000000005,1996,M05,69631,"",26,093,05,Livingston,1996-05-01,employed_count,70489,66570,-858,3061
LAUCN260930000000005,1996,M06,70590,"",26,093,05,Livingston,1996-06-01,employed_count,69631,67307,959,3283
LAUCN260930000000005,1996,M07,70977,"",26,093,05,Livingston,1996-07-01,employed_count,70590,68579,387,2398
LAUCN260930000000005,1996,M08,70339,"",26,093,05,Livingston,1996-08-01,employed_count,70977,67812,-638,2527
LAUCN260930000000005,1996,M09,70813,"",26,093,05,Livingston,1996-09-01,employed_count,70339,68480,474,2333
LAUCN260930000000005,1996,M10,71577,"",26,093,05,Livingston,1996-10-01,employed_count,70813,69427,764,2150
LAUCN260930000000005,1996,M11,71554,"",26,093,05,Livingston,1996-11-01,employed_count,71577,68851,-23,2703
LAUCN260930000000005,1996,M12,71358,"",26,093,05,Livingston,1996-12-01,employed_count,71554,68925,-196,2433
LAUCN260930000000005,1997,M01,70453,"",26,093,05,Livingston,1997-01-01,employed_count,71358,68159,-905,2294
LAUCN260930000000005,1997,M02,71111,"",26,093,05,Livingston,1997-02-01,employed_count,70453,70362,658,749
LAUCN260930000000005,1997,M03,71451,"",26,093,05,Livingston,1997-03-01,employed_count,71111,71548,340,-97
LAUCN260930000000005,1997,M04,71420,"",26,093,05,Livingston,1997-04-01,employed_count,71451,70489,-31,931
LAUCN260930000000005,1997,M05,71227,"",26,093,05,Livingston,1997-05-01,employed_count,71420,69631,-193,1596
LAUCN260930000000005,1997,M06,71686,"",26,093,05,Livingston,1997-06-01,employed_count,71227,70590,459,1096
LAUCN260930000000005,1997,M07,72362,"",26,093,05,Livingston,1997-07-01,employed_count,71686,70977,676,1385
LAUCN260930000000005,1997,M08,72400,"",26,093,05,Livingston,1997-08-01,employed_count,72362,70339,38,2061
LAUCN260930000000005,1997,M09,73392,"",26,093,05,Livingston,1997-09-01,employed_count,72400,70813,992,2579
LAUCN260930000000005,1997,M10,73849,"",26,093,05,Livingston,1997-10-01,employed_count,73392,71577,457,2272
LAUCN260930000000005,1997,M11,74442,"",26,093,05,Livingston,1997-11-01,employed_count,73849,71554,593,2888
LAUCN260930000000005,1997,M12,74136,"",26,093,05,Livingston,1997-12-01,employed_count,74442,71358,-306,2778
LAUCN260930000000005,1998,M01,73458,"",26,093,05,Livingston,1998-01-01,employed_count,74136,70453,-678,3005
LAUCN260930000000005,1998,M02,74356,"",26,093,05,Livingston,1998-02-01,employed_count,73458,71111,898,3245
LAUCN260930000000005,1998,M03,74906,"",26,093,05,Livingston,1998-03-01,employed_count,74356,71451,550,3455
LAUCN260930000000005,1998,M04,74710,"",26,093,05,Livingston,1998-04-01,employed_count,74906,71420,-196,3290
LAUCN260930000000005,1998,M05,74577,"",26,093,05,Livingston,1998-05-01,employed_count,74710,71227,-133,3350
LAUCN260930000000005,1998,M06,74741,"",26,093,05,Livingston,1998-06-01,employed_count,74577,71686,164,3055
LAUCN260930000000005,1998,M07,73343,"",26,093,05,Livingston,1998-07-01,employed_count,74741,72362,-1398,981
LAUCN260930000000005,1998,M08,75494,"",26,093,05,Livingston,1998-08-01,employed_count,73343,72400,2151,3094
LAUCN260930000000005,1998,M09,76239,"",26,093,05,Livingston,1998-09-01,employed_count,75494,73392,745,2847
LAUCN260930000000005,1998,M10,77225,"",26,093,05,Livingston,1998-10-01,employed_count,76239,73849,986,3376
LAUCN260930000000005,1998,M11,77499,"",26,093,05,Livingston,1998-11-01,employed_count,77225,74442,274,3057
LAUCN260930000000005,1998,M12,77427,"",26,093,05,Livingston,1998-12-01,employed_count,77499,74136,-72,3291
LAUCN260930000000005,1999,M01,77086,"",26,093,05,Livingston,1999-01-01,employed_count,77427,73458,-341,3628
LAUCN260930000000005,1999,M02,78060,"",26,093,05,Livingston,1999-02-01,employed_count,77086,74356,974,3704
LAUCN260930000000005,1999,M03,78726,"",26,093,05,Livingston,1999-03-01,employed_count,78060,74906,666,3820
LAUCN260930000000005,1999,M04,78936,"",26,093,05,Livingston,1999-04-01,employed_count,78726,74710,210,4226
LAUCN260930000000005,1999,M05,78881,"",26,093,05,Livingston,1999-05-01,employed_count,78936,74577,-55,4304
LAUCN260930000000005,1999,M06,79031,"",26,093,05,Livingston,1999-06-01,employed_count,78881,74741,150,4290
LAUCN260930000000005,1999,M07,79925,"",26,093,05,Livingston,1999-07-01,employed_count,79031,73343,894,6582
LAUCN260930000000005,1999,M08,78957,"",26,093,05,Livingston,1999-08-01,employed_count,79925,75494,-968,3463
LAUCN260930000000005,1999,M09,78776,"",26,093,05,Livingston,1999-09-01,employed_count,78957,76239,-181,2537
LAUCN260930000000005,1999,M10,80258,"",26,093,05,Livingston,1999-10-01,employed_count,78776,77225,1482,3033
LAUCN260930000000005,1999,M11,80294,"",26,093,05,Livingston,1999-11-01,employed_count,80258,77499,36,2795
LAUCN260930000000005,1999,M12,80120,"",26,093,05,Livingston,1999-12-01,employed_count,80294,77427,-174,2693
LAUCN260930000000005,2000,M01,87728,"",26,093,05,Livingston,2000-01-01,employed_count,80120,77086,7608,10642
LAUCN260930000000005,2000,M02,87640,"",26,093,05,Livingston,2000-02-01,employed_count,87728,78060,-88,9580
LAUCN260930000000005,2000,M03,87578,"",26,093,05,Livingston,2000-03-01,employed_count,87640,78726,-62,8852
LAUCN260930000000005,2000,M04,87477,"",26,093,05,Livingston,2000-04-01,employed_count,87578,78936,-101,8541
LAUCN260930000000005,2000,M05,87334,"",26,093,05,Livingston,2000-05-01,employed_count,87477,78881,-143,8453
LAUCN260930000000005,2000,M06,88502,"",26,093,05,Livingston,2000-06-01,employed_count,87334,79031,1168,9471
LAUCN260930000000005,2000,M07,88240,"",26,093,05,Livingston,2000-07-01,employed_count,88502,79925,-262,8315
LAUCN260930000000005,2000,M08,88480,"",26,093,05,Livingston,2000-08-01,employed_count,88240,78957,240,9523
LAUCN260930000000005,2000,M09,87375,"",26,093,05,Livingston,2000-09-01,employed_count,88480,78776,-1105,8599
LAUCN260930000000005,2000,M10,87185,"",26,093,05,Livingston,2000-10-01,employed_count,87375,80258,-190,6927
LAUCN260930000000005,2000,M11,86788,"",26,093,05,Livingston,2000-11-01,employed_count,87185,80294,-397,6494
LAUCN260930000000005,2000,M12,86831,"",26,093,05,Livingston,2000-12-01,employed_count,86788,80120,43,6711
LAUCN260930000000005,2001,M01,87267,"",26,093,05,Livingston,2001-01-01,employed_count,86831,87728,436,-461
LAUCN260930000000005,2001,M02,87252,"",26,093,05,Livingston,2001-02-01,employed_count,87267,87640,-15,-388
LAUCN260930000000005,2001,M03,87314,"",26,093,05,Livingston,2001-03-01,employed_count,87252,87578,62,-264
LAUCN260930000000005,2001,M04,86083,"",26,093,05,Livingston,2001-04-01,employed_count,87314,87477,-1231,-1394
LAUCN260930000000005,2001,M05,86162,"",26,093,05,Livingston,2001-05-01,employed_count,86083,87334,79,-1172
LAUCN260930000000005,2001,M06,86696,"",26,093,05,Livingston,2001-06-01,employed_count,86162,88502,534,-1806
LAUCN260930000000005,2001,M07,87037,"",26,093,05,Livingston,2001-07-01,employed_count,86696,88240,341,-1203
LAUCN260930000000005,2001,M08,86485,"",26,093,05,Livingston,2001-08-01,employed_count,87037,88480,-552,-1995
LAUCN260930000000005,2001,M09,86091,"",26,093,05,Livingston,2001-09-01,employed_count,86485,87375,-394,-1284
LAUCN260930000000005,2001,M10,85937,"",26,093,05,Livingston,2001-10-01,employed_count,86091,87185,-154,-1248
LAUCN260930000000005,2001,M11,85365,"",26,093,05,Livingston,2001-11-01,employed_count,85937,86788,-572,-1423
LAUCN260930000000005,2001,M12,85440,"",26,093,05,Livingston,2001-12-01,employed_count,85365,86831,75,-1391
LAUCN260930000000005,2002,M01,85500,"",26,093,05,Livingston,2002-01-01,employed_count,85440,87267,60,-1767
LAUCN260930000000005,2002,M02,85932,"",26,093,05,Livingston,2002-02-01,employed_count,85500,87252,432,-1320
LAUCN260930000000005,2002,M03,85703,"",26,093,05,Livingston,2002-03-01,employed_count,85932,87314,-229,-1611
LAUCN260930000000005,2002,M04,85681,"",26,093,05,Livingston,2002-04-01,employed_count,85703,86083,-22,-402
LAUCN260930000000005,2002,M05,86208,"",26,093,05,Livingston,2002-05-01,employed_count,85681,86162,527,46
LAUCN260930000000005,2002,M06,86518,"",26,093,05,Livingston,2002-06-01,employed_count,86208,86696,310,-178
LAUCN260930000000005,2002,M07,86709,"",26,093,05,Livingston,2002-07-01,employed_count,86518,87037,191,-328
LAUCN260930000000005,2002,M08,87475,"",26,093,05,Livingston,2002-08-01,employed_count,86709,86485,766,990
LAUCN260930000000005,2002,M09,87497,"",26,093,05,Livingston,2002-09-01,employed_count,87475,86091,22,1406
LAUCN260930000000005,2002,M10,87557,"",26,093,05,Livingston,2002-10-01,employed_count,87497,85937,60,1620
LAUCN260930000000005,2002,M11,86842,"",26,093,05,Livingston,2002-11-01,employed_count,87557,85365,-715,1477
LAUCN260930000000005,2002,M12,86531,"",26,093,05,Livingston,2002-12-01,employed_count,86842,85440,-311,1091
LAUCN260930000000005,2003,M01,86694,"",26,093,05,Livingston,2003-01-01,employed_count,86531,85500,163,1194
LAUCN260930000000005,2003,M02,87072,"",26,093,05,Livingston,2003-02-01,employed_count,86694,85932,378,1140
LAUCN260930000000005,2003,M03,87006,"",26,093,05,Livingston,2003-03-01,employed_count,87072,85703,-66,1303
LAUCN260930000000005,2003,M04,86589,"",26,093,05,Livingston,2003-04-01,employed_count,87006,85681,-417,908
LAUCN260930000000005,2003,M05,86711,"",26,093,05,Livingston,2003-05-01,employed_count,86589,86208,122,503
LAUCN260930000000005,2003,M06,87367,"",26,093,05,Livingston,2003-06-01,employed_count,86711,86518,656,849
LAUCN260930000000005,2003,M07,87268,"",26,093,05,Livingston,2003-07-01,employed_count,87367,86709,-99,559
LAUCN260930000000005,2003,M08,87353,"",26,093,05,Livingston,2003-08-01,employed_count,87268,87475,85,-122
LAUCN260930000000005,2003,M09,86883,"",26,093,05,Livingston,2003-09-01,employed_count,87353,87497,-470,-614
LAUCN260930000000005,2003,M10,87315,"",26,093,05,Livingston,2003-10-01,employed_count,86883,87557,432,-242
LAUCN260930000000005,2003,M11,87328,"",26,093,05,Livingston,2003-11-01,employed_count,87315,86842,13,486
LAUCN260930000000005,2003,M12,86954,"",26,093,05,Livingston,2003-12-01,employed_count,87328,86531,-374,423
LAUCN260930000000005,2004,M01,87255,"",26,093,05,Livingston,2004-01-01,employed_count,86954,86694,301,561
LAUCN260930000000005,2004,M02,87616,"",26,093,05,Livingston,2004-02-01,employed_count,87255,87072,361,544
LAUCN260930000000005,2004,M03,87512,"",26,093,05,Livingston,2004-03-01,employed_count,87616,87006,-104,506
LAUCN260930000000005,2004,M04,87171,"",26,093,05,Livingston,2004-04-01,employed_count,87512,86589,-341,582
LAUCN260930000000005,2004,M05,87690,"",26,093,05,Livingston,2004-05-01,employed_count,87171,86711,519,979
LAUCN260930000000005,2004,M06,88217,"",26,093,05,Livingston,2004-06-01,employed_count,87690,87367,527,850
LAUCN260930000000005,2004,M07,88802,"",26,093,05,Livingston,2004-07-01,employed_count,88217,87268,585,1534
LAUCN260930000000005,2004,M08,89090,"",26,093,05,Livingston,2004-08-01,employed_count,88802,87353,288,1737
LAUCN260930000000005,2004,M09,88416,"",26,093,05,Livingston,2004-09-01,employed_count,89090,86883,-674,1533
LAUCN260930000000005,2004,M10,89245,"",26,093,05,Livingston,2004-10-01,employed_count,88416,87315,829,1930
LAUCN260930000000005,2004,M11,88667,"",26,093,05,Livingston,2004-11-01,employed_count,89245,87328,-578,1339
LAUCN260930000000005,2004,M12,88396,"",26,093,05,Livingston,2004-12-01,employed_count,88667,86954,-271,1442
LAUCN260930000000005,2005,M01,87854,"",26,093,05,Livingston,2005-01-01,employed_count,88396,87255,-542,599
LAUCN260930000000005,2005,M02,87915,"",26,093,05,Livingston,2005-02-01,employed_count,87854,87616,61,299
LAUCN260930000000005,2005,M03,88159,"",26,093,05,Livingston,2005-03-01,employed_count,87915,87512,244,647
LAUCN260930000000005,2005,M04,88474,"",26,093,05,Livingston,2005-04-01,employed_count,88159,87171,315,1303
LAUCN260930000000005,2005,M05,89417,"",26,093,05,Livingston,2005-05-01,employed_count,88474,87690,943,1727
LAUCN260930000000005,2005,M06,90137,"",26,093,05,Livingston,2005-06-01,employed_count,89417,88217,720,1920
LAUCN260930000000005,2005,M07,90857,"",26,093,05,Livingston,2005-07-01,employed_count,90137,88802,720,2055
LAUCN260930000000005,2005,M08,91492,"",26,093,05,Livingston,2005-08-01,employed_count,90857,89090,635,2402
LAUCN260930000000005,2005,M09,90591,"",26,093,05,Livingston,2005-09-01,employed_count,91492,88416,-901,2175
LAUCN260930000000005,2005,M10,90449,"",26,093,05,Livingston,2005-10-01,employed_count,90591,89245,-142,1204
LAUCN260930000000005,2005,M11,89734,"",26,093,05,Livingston,2005-11-01,employed_count,90449,88667,-715,1067
LAUCN260930000000005,2005,M12,89376,"",26,093,05,Livingston,2005-12-01,employed_count,89734,88396,-358,980
LAUCN260930000000005,2006,M01,88381,"",26,093,05,Livingston,2006-01-01,employed_count,89376,87854,-995,527
LAUCN260930000000005,2006,M02,88424,"",26,093,05,Livingston,2006-02-01,employed_count,88381,87915,43,509
LAUCN260930000000005,2006,M03,88914,"",26,093,05,Livingston,2006-03-01,employed_count,88424,88159,490,755
LAUCN260930000000005,2006,M04,88710,"",26,093,05,Livingston,2006-04-01,employed_count,88914,88474,-204,236
LAUCN260930000000005,2006,M05,89489,"",26,093,05,Livingston,2006-05-01,employed_count,88710,89417,779,72
LAUCN260930000000005,2006,M06,89958,"",26,093,05,Livingston,2006-06-01,employed_count,89489,90137,469,-179
LAUCN260930000000005,2006,M07,90211,"",26,093,05,Livingston,2006-07-01,employed_count,89958,90857,253,-646
LAUCN260930000000005,2006,M08,90646,"",26,093,05,Livingston,2006-08-01,employed_count,90211,91492,435,-846
LAUCN260930000000005,2006,M09,90058,"",26,093,05,Livingston,2006-09-01,employed_count,90646,90591,-588,-533
LAUCN260930000000005,2006,M10,91036,"",26,093,05,Livingston,2006-10-01,employed_count,90058,90449,978,587
LAUCN260930000000005,2006,M11,90143,"",26,093,05,Livingston,2006-11-01,employed_count,91036,89734,-893,409
LAUCN260930000000005,2006,M12,89896,"",26,093,05,Livingston,2006-12-01,employed_count,90143,89376,-247,520
LAUCN260930000000005,2007,M01,88101,"",26,093,05,Livingston,2007-01-01,employed_count,89896,88381,-1795,-280
LAUCN260930000000005,2007,M02,88103,"",26,093,05,Livingston,2007-02-01,employed_count,88101,88424,2,-321
LAUCN260930000000005,2007,M03,88561,"",26,093,05,Livingston,2007-03-01,employed_count,88103,88914,458,-353
LAUCN260930000000005,2007,M04,87288,"",26,093,05,Livingston,2007-04-01,employed_count,88561,88710,-1273,-1422
LAUCN260930000000005,2007,M05,88089,"",26,093,05,Livingston,2007-05-01,employed_count,87288,89489,801,-1400
LAUCN260930000000005,2007,M06,88731,"",26,093,05,Livingston,2007-06-01,employed_count,88089,89958,642,-1227
LAUCN260930000000005,2007,M07,89322,"",26,093,05,Livingston,2007-07-01,employed_count,88731,90211,591,-889
LAUCN260930000000005,2007,M08,88501,"",26,093,05,Livingston,2007-08-01,employed_count,89322,90646,-821,-2145
LAUCN260930000000005,2007,M09,88119,"",26,093,05,Livingston,2007-09-01,employed_count,88501,90058,-382,-1939
LAUCN260930000000005,2007,M10,87895,"",26,093,05,Livingston,2007-10-01,employed_count,88119,91036,-224,-3141
LAUCN260930000000005,2007,M11,87843,"",26,093,05,Livingston,2007-11-01,employed_count,87895,90143,-52,-2300
LAUCN260930000000005,2007,M12,87097,"",26,093,05,Livingston,2007-12-01,employed_count,87843,89896,-746,-2799
LAUCN260930000000005,2008,M01,85837,"",26,093,05,Livingston,2008-01-01,employed_count,87097,88101,-1260,-2264
LAUCN260930000000005,2008,M02,85529,"",26,093,05,Livingston,2008-02-01,employed_count,85837,88103,-308,-2574
LAUCN260930000000005,2008,M03,85605,"",26,093,05,Livingston,2008-03-01,employed_count,85529,88561,76,-2956
LAUCN260930000000005,2008,M04,85075,"",26,093,05,Livingston,2008-04-01,employed_count,85605,87288,-530,-2213
LAUCN260930000000005,2008,M05,85463,"",26,093,05,Livingston,2008-05-01,employed_count,85075,88089,388,-2626
LAUCN260930000000005,2008,M06,85930,"",26,093,05,Livingston,2008-06-01,employed_count,85463,88731,467,-2801
LAUCN260930000000005,2008,M07,86343,"",26,093,05,Livingston,2008-07-01,employed_count,85930,89322,413,-2979
LAUCN260930000000005,2008,M08,86287,"",26,093,05,Livingston,2008-08-01,employed_count,86343,88501,-56,-2214
LAUCN260930000000005,2008,M09,85323,"",26,093,05,Livingston,2008-09-01,employed_count,86287,88119,-964,-2796
LAUCN260930000000005,2008,M10,84824,"",26,093,05,Livingston,2008-10-01,employed_count,85323,87895,-499,-3071
LAUCN260930000000005,2008,M11,83231,"",26,093,05,Livingston,2008-11-01,employed_count,84824,87843,-1593,-4612
LAUCN260930000000005,2008,M12,82042,"",26,093,05,Livingston,2008-12-01,employed_count,83231,87097,-1189,-5055
LAUCN260930000000005,2009,M01,79998,"",26,093,05,Livingston,2009-01-01,employed_count,82042,85837,-2044,-5839
LAUCN260930000000005,2009,M02,79485,"",26,093,05,Livingston,2009-02-01,employed_count,79998,85529,-513,-6044
LAUCN260930000000005,2009,M03,79336,"",26,093,05,Livingston,2009-03-01,employed_count,79485,85605,-149,-6269
LAUCN260930000000005,2009,M04,79128,"",26,093,05,Livingston,2009-04-01,employed_count,79336,85075,-208,-5947
LAUCN260930000000005,2009,M05,78867,"",26,093,05,Livingston,2009-05-01,employed_count,79128,85463,-261,-6596
LAUCN260930000000005,2009,M06,78933,"",26,093,05,Livingston,2009-06-01,employed_count,78867,85930,66,-6997
LAUCN260930000000005,2009,M07,79624,"",26,093,05,Livingston,2009-07-01,employed_count,78933,86343,691,-6719
LAUCN260930000000005,2009,M08,79755,"",26,093,05,Livingston,2009-08-01,employed_count,79624,86287,131,-6532
LAUCN260930000000005,2009,M09,78778,"",26,093,05,Livingston,2009-09-01,employed_count,79755,85323,-977,-6545
LAUCN260930000000005,2009,M10,78771,"",26,093,05,Livingston,2009-10-01,employed_count,78778,84824,-7,-6053
LAUCN260930000000005,2009,M11,78874,"",26,093,05,Livingston,2009-11-01,employed_count,78771,83231,103,-4357
LAUCN260930000000005,2009,M12,78483,"",26,093,05,Livingston,2009-12-01,employed_count,78874,82042,-391,-3559
LAUCN260930000000005,2010,M01,81231,"",26,093,05,Livingston,2010-01-01,employed_count,78483,79998,2748,1233
LAUCN260930000000005,2010,M02,81210,"",26,093,05,Livingston,2010-02-01,employed_count,81231,79485,-21,1725
LAUCN260930000000005,2010,M03,82181,"",26,093,05,Livingston,2010-03-01,employed_count,81210,79336,971,2845
LAUCN260930000000005,2010,M04,82506,"",26,093,05,Livingston,2010-04-01,employed_count,82181,79128,325,3378
LAUCN260930000000005,2010,M05,83101,"",26,093,05,Livingston,2010-05-01,employed_count,82506,78867,595,4234
LAUCN260930000000005,2010,M06,83246,"",26,093,05,Livingston,2010-06-01,employed_count,83101,78933,145,4313
LAUCN260930000000005,2010,M07,83724,"",26,093,05,Livingston,2010-07-01,employed_count,83246,79624,478,4100
LAUCN260930000000005,2010,M08,84470,"",26,093,05,Livingston,2010-08-01,employed_count,83724,79755,746,4715
LAUCN260930000000005,2010,M09,84137,"",26,093,05,Livingston,2010-09-01,employed_count,84470,78778,-333,5359
LAUCN260930000000005,2010,M10,83629,"",26,093,05,Livingston,2010-10-01,employed_count,84137,78771,-508,4858
LAUCN260930000000005,2010,M11,82999,"",26,093,05,Livingston,2010-11-01,employed_count,83629,78874,-630,4125
LAUCN260930000000005,2010,M12,82742,"",26,093,05,Livingston,2010-12-01,employed_count,82999,78483,-257,4259
LAUCN260930000000005,2011,M01,81964,"",26,093,05,Livingston,2011-01-01,employed_count,82742,81231,-778,733
LAUCN260930000000005,2011,M02,81659,"",26,093,05,Livingston,2011-02-01,employed_count,81964,81210,-305,449
LAUCN260930000000005,2011,M03,82814,"",26,093,05,Livingston,2011-03-01,employed_count,81659,82181,1155,633
LAUCN260930000000005,2011,M04,82662,"",26,093,05,Livingston,2011-04-01,employed_count,82814,82506,-152,156
LAUCN260930000000005,2011,M05,83697,"",26,093,05,Livingston,2011-05-01,employed_count,82662,83101,1035,596
LAUCN260930000000005,2011,M06,83880,"",26,093,05,Livingston,2011-06-01,employed_count,83697,83246,183,634
LAUCN260930000000005,2011,M07,84477,"",26,093,05,Livingston,2011-07-01,employed_count,83880,83724,597,753
LAUCN260930000000005,2011,M08,85552,"",26,093,05,Livingston,2011-08-01,employed_count,84477,84470,1075,1082
LAUCN260930000000005,2011,M09,85622,"",26,093,05,Livingston,2011-09-01,employed_count,85552,84137,70,1485
LAUCN260930000000005,2011,M10,85884,"",26,093,05,Livingston,2011-10-01,employed_count,85622,83629,262,2255
LAUCN260930000000005,2011,M11,85788,"",26,093,05,Livingston,2011-11-01,employed_count,85884,82999,-96,2789
LAUCN260930000000005,2011,M12,85851,"",26,093,05,Livingston,2011-12-01,employed_count,85788,82742,63,3109
LAUCN260930000000005,2012,M01,84546,"",26,093,05,Livingston,2012-01-01,employed_count,85851,81964,-1305,2582
LAUCN260930000000005,2012,M02,84480,"",26,093,05,Livingston,2012-02-01,employed_count,84546,81659,-66,2821
LAUCN260930000000005,2012,M03,85282,"",26,093,05,Livingston,2012-03-01,employed_count,84480,82814,802,2468
LAUCN260930000000005,2012,M04,84658,"",26,093,05,Livingston,2012-04-01,employed_count,85282,82662,-624,1996
LAUCN260930000000005,2012,M05,85565,"",26,093,05,Livingston,2012-05-01,employed_count,84658,83697,907,1868
LAUCN260930000000005,2012,M06,86332,"",26,093,05,Livingston,2012-06-01,employed_count,85565,83880,767,2452
LAUCN260930000000005,2012,M07,86834,"",26,093,05,Livingston,2012-07-01,employed_count,86332,84477,502,2357
LAUCN260930000000005,2012,M08,87173,"",26,093,05,Livingston,2012-08-01,employed_count,86834,85552,339,1621
LAUCN260930000000005,2012,M09,87500,"",26,093,05,Livingston,2012-09-01,employed_count,87173,85622,327,1878
LAUCN260930000000005,2012,M10,87888,"",26,093,05,Livingston,2012-10-01,employed_count,87500,85884,388,2004
LAUCN260930000000005,2012,M11,87334,"",26,093,05,Livingston,2012-11-01,employed_count,87888,85788,-554,1546
LAUCN260930000000005,2012,M12,87237,"",26,093,05,Livingston,2012-12-01,employed_count,87334,85851,-97,1386
LAUCN260930000000005,2013,M01,86243,"",26,093,05,Livingston,2013-01-01,employed_count,87237,84546,-994,1697
LAUCN260930000000005,2013,M02,86217,"",26,093,05,Livingston,2013-02-01,employed_count,86243,84480,-26,1737
LAUCN260930000000005,2013,M03,87149,"",26,093,05,Livingston,2013-03-01,employed_count,86217,85282,932,1867
LAUCN260930000000005,2013,M04,87319,"",26,093,05,Livingston,2013-04-01,employed_count,87149,84658,170,2661
LAUCN260930000000005,2013,M05,88488,"",26,093,05,Livingston,2013-05-01,employed_count,87319,85565,1169,2923
LAUCN260930000000005,2013,M06,88913,"",26,093,05,Livingston,2013-06-01,employed_count,88488,86332,425,2581
LAUCN260930000000005,2013,M07,89920,"",26,093,05,Livingston,2013-07-01,employed_count,88913,86834,1007,3086
LAUCN260930000000005,2013,M08,90141,"",26,093,05,Livingston,2013-08-01,employed_count,89920,87173,221,2968
LAUCN260930000000005,2013,M09,90178,"",26,093,05,Livingston,2013-09-01,employed_count,90141,87500,37,2678
LAUCN260930000000005,2013,M10,89342,"",26,093,05,Livingston,2013-10-01,employed_count,90178,87888,-836,1454
LAUCN260930000000005,2013,M11,89217,"",26,093,05,Livingston,2013-11-01,employed_count,89342,87334,-125,1883
LAUCN260930000000005,2013,M12,89479,"",26,093,05,Livingston,2013-12-01,employed_count,89217,87237,262,2242
LAUCN260930000000005,2014,M01,88670,"",26,093,05,Livingston,2014-01-01,employed_count,89479,86243,-809,2427
LAUCN260930000000005,2014,M02,88217,"",26,093,05,Livingston,2014-02-01,employed_count,88670,86217,-453,2000
LAUCN260930000000005,2014,M03,88948,"",26,093,05,Livingston,2014-03-01,employed_count,88217,87149,731,1799
LAUCN260930000000005,2014,M04,88418,"",26,093,05,Livingston,2014-04-01,employed_count,88948,87319,-530,1099
LAUCN260930000000005,2014,M05,89053,"",26,093,05,Livingston,2014-05-01,employed_count,88418,88488,635,565
LAUCN260930000000005,2014,M06,89827,"",26,093,05,Livingston,2014-06-01,employed_count,89053,88913,774,914
LAUCN260930000000005,2014,M07,90751,"",26,093,05,Livingston,2014-07-01,employed_count,89827,89920,924,831
LAUCN260930000000005,2014,M08,90822,"",26,093,05,Livingston,2014-08-01,employed_count,90751,90141,71,681
LAUCN260930000000005,2014,M09,90792,"",26,093,05,Livingston,2014-09-01,employed_count,90822,90178,-30,614
LAUCN260930000000005,2014,M10,91123,"",26,093,05,Livingston,2014-10-01,employed_count,90792,89342,331,1781
LAUCN260930000000005,2014,M11,90553,"",26,093,05,Livingston,2014-11-01,employed_count,91123,89217,-570,1336
LAUCN260930000000005,2014,M12,90713,"",26,093,05,Livingston,2014-12-01,employed_count,90553,89479,160,1234
LAUCN260930000000005,2015,M01,90239,"",26,093,05,Livingston,2015-01-01,employed_count,90713,88670,-474,1569
LAUCN260930000000005,2015,M02,89737,"",26,093,05,Livingston,2015-02-01,employed_count,90239,88217,-502,1520
LAUCN260930000000005,2015,M03,90583,"",26,093,05,Livingston,2015-03-01,employed_count,89737,88948,846,1635
LAUCN260930000000005,2015,M04,90785,"",26,093,05,Livingston,2015-04-01,employed_count,90583,88418,202,2367
LAUCN260930000000005,2015,M05,91850,"",26,093,05,Livingston,2015-05-01,employed_count,90785,89053,1065,2797
LAUCN260930000000005,2015,M06,92615,"",26,093,05,Livingston,2015-06-01,employed_count,91850,89827,765,2788
LAUCN260930000000005,2015,M07,93342,"",26,093,05,Livingston,2015-07-01,employed_count,92615,90751,727,2591
LAUCN260930000000005,2015,M08,93595,"",26,093,05,Livingston,2015-08-01,employed_count,93342,90822,253,2773
LAUCN260930000000005,2015,M09,93613,"",26,093,05,Livingston,2015-09-01,employed_count,93595,90792,18,2821
LAUCN260930000000005,2015,M10,94000,"",26,093,05,Livingston,2015-10-01,employed_count,93613,91123,387,2877
LAUCN260930000000005,2015,M11,94252,"",26,093,05,Livingston,2015-11-01,employed_count,94000,90553,252,3699
LAUCN260930000000005,2015,M12,94186,"",26,093,05,Livingston,2015-12-01,employed_count,94252,90713,-66,3473
LAUCN260930000000005,2016,M01,89987,T,26,093,05,Livingston,2016-01-01,employed_count,94186,90239,-4199,-252
LAUCN260930000000005,2016,M02,90197,T,26,093,05,Livingston,2016-02-01,employed_count,89987,89737,210,460
LAUCN260930000000005,2016,M03,91493,T,26,093,05,Livingston,2016-03-01,employed_count,90197,90583,1296,910
LAUCN260930000000005,2016,M04,91187,T,26,093,05,Livingston,2016-04-01,employed_count,91493,90785,-306,402
LAUCN260930000000005,2016,M05,92095,T,26,093,05,Livingston,2016-05-01,employed_count,91187,91850,908,245
LAUCN260930000000005,2016,M06,92447,T,26,093,05,Livingston,2016-06-01,employed_count,92095,92615,352,-168
LAUCN260930000000005,2016,M07,93607,T,26,093,05,Livingston,2016-07-01,employed_count,92447,93342,1160,265
LAUCN260930000000005,2016,M08,93714,T,26,093,05,Livingston,2016-08-01,employed_count,93607,93595,107,119
LAUCN260930000000005,2016,M09,93809,T,26,093,05,Livingston,2016-09-01,employed_count,93714,93613,95,196
LAUCN260930000000005,2016,M10,93590,T,26,093,05,Livingston,2016-10-01,employed_count,93809,94000,-219,-410
LAUCN260930000000005,2016,M11,93466,T,26,093,05,Livingston,2016-11-01,employed_count,93590,94252,-124,-786
LAUCN260930000000005,2016,M12,93713,T,26,093,05,Livingston,2016-12-01,employed_count,93466,94186,247,-473
LAUCN260930000000005,2017,M01,93141,T,26,093,05,Livingston,2017-01-01,employed_count,93713,89987,-572,3154
LAUCN260930000000005,2017,M02,93409,T,26,093,05,Livingston,2017-02-01,employed_count,93141,90197,268,3212
LAUCN260930000000005,2017,M03,94620,T,26,093,05,Livingston,2017-03-01,employed_count,93409,91493,1211,3127
LAUCN260930000000005,2017,M04,94741,T,26,093,05,Livingston,2017-04-01,employed_count,94620,91187,121,3554
LAUCN260930000000005,2017,M05,95227,T,26,093,05,Livingston,2017-05-01,employed_count,94741,92095,486,3132
LAUCN260930000000005,2017,M06,95759,T,26,093,05,Livingston,2017-06-01,employed_count,95227,92447,532,3312
LAUCN260930000000005,2017,M07,96645,T,26,093,05,Livingston,2017-07-01,employed_count,95759,93607,886,3038
LAUCN260930000000005,2017,M08,96676,T,26,093,05,Livingston,2017-08-01,employed_count,96645,93714,31,2962
LAUCN260930000000005,2017,M09,96666,T,26,093,05,Livingston,2017-09-01,employed_count,96676,93809,-10,2857
LAUCN260930000000005,2017,M10,96262,T,26,093,05,Livingston,2017-10-01,employed_count,96666,93590,-404,2672
LAUCN260930000000005,2017,M11,96048,T,26,093,05,Livingston,2017-11-01,employed_count,96262,93466,-214,2582
LAUCN260930000000005,2017,M12,95655,T,26,093,05,Livingston,2017-12-01,employed_count,96048,93713,-393,1942
LAUCN260930000000005,2018,M01,94921,T,26,093,05,Livingston,2018-01-01,employed_count,95655,93141,-734,1780
LAUCN260930000000005,2018,M02,95363,T,26,093,05,Livingston,2018-02-01,employed_count,94921,93409,442,1954
LAUCN260930000000005,2018,M03,96351,T,26,093,05,Livingston,2018-03-01,employed_count,95363,94620,988,1731
LAUCN260930000000005,2018,M04,96187,T,26,093,05,Livingston,2018-04-01,employed_count,96351,94741,-164,1446
LAUCN260930000000005,2018,M05,96895,T,26,093,05,Livingston,2018-05-01,employed_count,96187,95227,708,1668
LAUCN260930000000005,2018,M06,97205,T,26,093,05,Livingston,2018-06-01,employed_count,96895,95759,310,1446
LAUCN260930000000005,2018,M07,97857,T,26,093,05,Livingston,2018-07-01,employed_count,97205,96645,652,1212
LAUCN260930000000005,2018,M08,97765,T,26,093,05,Livingston,2018-08-01,employed_count,97857,96676,-92,1089
LAUCN260930000000005,2018,M09,98074,T,26,093,05,Livingston,2018-09-01,employed_count,97765,96666,309,1408
LAUCN260930000000005,2018,M10,98160,T,26,093,05,Livingston,2018-10-01,employed_count,98074,96262,86,1898
LAUCN260930000000005,2018,M11,97874,T,26,093,05,Livingston,2018-11-01,employed_count,98160,96048,-286,1826
LAUCN260930000000005,2018,M12,97977,T,26,093,05,Livingston,2018-12-01,employed_count,97874,95655,103,2322
LAUCN260930000000005,2019,M01,97184,T,26,093,05,Livingston,2019-01-01,employed_count,97977,94921,-793,2263
LAUCN260930000000005,2019,M02,97319,T,26,093,05,Livingston,2019-02-01,employed_count,97184,95363,135,1956
LAUCN260930000000005,2019,M03,97887,T,26,093,05,Livingston,2019-03-01,employed_count,97319,96351,568,1536
LAUCN260930000000005,2019,M04,97434,T,26,093,05,Livingston,2019-04-01,employed_count,97887,96187,-453,1247
LAUCN260930000000005,2019,M05,97654,T,26,093,05,Livingston,2019-05-01,employed_count,97434,96895,220,759
LAUCN260930000000005,2019,M06,98374,T,26,093,05,Livingston,2019-06-01,employed_count,97654,97205,720,1169
LAUCN260930000000005,2019,M07,99628,T,26,093,05,Livingston,2019-07-01,employed_count,98374,97857,1254,1771
LAUCN260930000000005,2019,M08,99591,T,26,093,05,Livingston,2019-08-01,employed_count,99628,97765,-37,1826
LAUCN260930000000005,2019,M09,99657,T,26,093,05,Livingston,2019-09-01,employed_count,99591,98074,66,1583
LAUCN260930000000005,2019,M10,99621,T,26,093,05,Livingston,2019-10-01,employed_count,99657,98160,-36,1461
LAUCN260930000000005,2019,M11,98815,T,26,093,05,Livingston,2019-11-01,employed_count,99621,97874,-806,941
LAUCN260930000000005,2019,M12,98637,T,26,093,05,Livingston,2019-12-01,employed_count,98815,97977,-178,660
LAUCN260930000000005,2020,M01,97385,T,26,093,05,Livingston,2020-01-01,employed_count,98637,97184,-1252,201
LAUCN260930000000005,2020,M02,97194,T,26,093,05,Livingston,2020-02-01,employed_count,97385,97319,-191,-125
LAUCN260930000000005,2020,M03,96146,T,26,093,05,Livingston,2020-03-01,employed_count,97194,97887,-1048,-1741
LAUCN260930000000005,2020,M04,68482,T,26,093,05,Livingston,2020-04-01,employed_count,96146,97434,-27664,-28952
LAUCN260930000000005,2020,M05,77280,T,26,093,05,Livingston,2020-05-01,employed_count,68482,97654,8798,-20374
LAUCN260930000000005,2020,M06,82634,T,26,093,05,Livingston,2020-06-01,employed_count,77280,98374,5354,-15740
LAUCN260930000000005,2020,M07,86257,T,26,093,05,Livingston,2020-07-01,employed_count,82634,99628,3623,-13371
LAUCN260930000000005,2020,M08,89499,T,26,093,05,Livingston,2020-08-01,employed_count,86257,99591,3242,-10092
LAUCN260930000000005,2020,M09,90080,T,26,093,05,Livingston,2020-09-01,employed_count,89499,99657,581,-9577
LAUCN260930000000005,2020,M10,92025,T,26,093,05,Livingston,2020-10-01,employed_count,90080,99621,1945,-7596
LAUCN260930000000005,2020,M11,91592,T,26,093,05,Livingston,2020-11-01,employed_count,92025,98815,-433,-7223
LAUCN260930000000005,2020,M12,89453,T,26,093,05,Livingston,2020-12-01,employed_count,91592,98637,-2139,-9184
LAUCN260930000000005,2021,M01,91509,T,26,093,05,Livingston,2021-01-01,employed_count,89453,97385,2056,-5876
LAUCN260930000000005,2021,M02,91515,T,26,093,05,Livingston,2021-02-01,employed_count,91509,97194,6,-5679
LAUCN260930000000005,2021,M03,92873,T,26,093,05,Livingston,2021-03-01,employed_count,91515,96146,1358,-3273
LAUCN260930000000005,2021,M04,92709,T,26,093,05,Livingston,2021-04-01,employed_count,92873,68482,-164,24227
LAUCN260930000000005,2021,M05,92929,T,26,093,05,Livingston,2021-05-01,employed_count,92709,77280,220,15649
LAUCN260930000000005,2021,M06,93676,T,26,093,05,Livingston,2021-06-01,employed_count,92929,82634,747,11042
LAUCN260930000000005,2021,M07,95055,T,26,093,05,Livingston,2021-07-01,employed_count,93676,86257,1379,8798
LAUCN260930000000005,2021,M08,95729,T,26,093,05,Livingston,2021-08-01,employed_count,95055,89499,674,6230
LAUCN260930000000005,2021,M09,95896,T,26,093,05,Livingston,2021-09-01,employed_count,95729,90080,167,5816
LAUCN260930000000005,2021,M10,96336,T,26,093,05,Livingston,2021-10-01,employed_count,95896,92025,440,4311
LAUCN260930000000005,2021,M11,96747,T,26,093,05,Livingston,2021-11-01,employed_count,96336,91592,411,5155
LAUCN260930000000005,2021,M12,96636,T,26,093,05,Livingston,2021-12-01,employed_count,96747,89453,-111,7183
LAUCN260930000000005,2022,M01,95768,T,26,093,05,Livingston,2022-01-01,employed_count,96636,91509,-868,4259
LAUCN260930000000005,2022,M02,95928,T,26,093,05,Livingston,2022-02-01,employed_count,95768,91515,160,4413
LAUCN260930000000005,2022,M03,96993,T,26,093,05,Livingston,2022-03-01,employed_count,95928,92873,1065,4120
LAUCN260930000000005,2022,M04,96264,T,26,093,05,Livingston,2022-04-01,employed_count,96993,92709,-729,3555
LAUCN260930000000005,2022,M05,96276,T,26,093,05,Livingston,2022-05-01,employed_count,96264,92929,12,3347
LAUCN260930000000005,2022,M06,97121,T,26,093,05,Livingston,2022-06-01,employed_count,96276,93676,845,3445
LAUCN260930000000005,2022,M07,98077,T,26,093,05,Livingston,2022-07-01,employed_count,97121,95055,956,3022
LAUCN260930000000005,2022,M08,98216,T,26,093,05,Livingston,2022-08-01,employed_count,98077,95729,139,2487
LAUCN260930000000005,2022,M09,97821,T,26,093,05,Livingston,2022-09-01,employed_count,98216,95896,-395,1925
LAUCN260930000000005,2022,M10,98081,T,26,093,05,Livingston,2022-10-01,employed_count,97821,96336,260,1745
LAUCN260930000000005,2022,M11,97739,T,26,093,05,Livingston,2022-11-01,employed_count,98081,96747,-342,992
LAUCN260930000000005,2022,M12,98385,T,26,093,05,Livingston,2022-12-01,employed_count,97739,96636,646,1749
LAUCN260930000000005,2023,M01,97080,T,26,093,05,Livingston,2023-01-01,employed_count,98385,95768,-1305,1312
LAUCN260930000000005,2023,M02,97192,T,26,093,05,Livingston,2023-02-01,employed_count,97080,95928,112,1264
LAUCN260930000000005,2023,M03,98963,T,26,093,05,Livingston,2023-03-01,employed_count,97192,96993,1771,1970
LAUCN260930000000005,2023,M04,98762,T,26,093,05,Livingston,2023-04-01,employed_count,98963,96264,-201,2498
LAUCN260930000000005,2023,M05,98865,T,26,093,05,Livingston,2023-05-01,employed_count,98762,96276,103,2589
LAUCN260930000000005,2023,M06,99733,T,26,093,05,Livingston,2023-06-01,employed_count,98865,97121,868,2612
LAUCN260930000000005,2023,M07,100870,T,26,093,05,Livingston,2023-07-01,employed_count,99733,98077,1137,2793
LAUCN260930000000005,2023,M08,101146,T,26,093,05,Livingston,2023-08-01,employed_count,100870,98216,276,2930
LAUCN260930000000005,2023,M09,100986,T,26,093,05,Livingston,2023-09-01,employed_count,101146,97821,-160,3165
LAUCN260930000000005,2023,M10,100220,T,26,093,05,Livingston,2023-10-01,employed_count,100986,98081,-766,2139
LAUCN260930000000005,2023,M11,100470,T,26,093,05,Livingston,2023-11-01,employed_count,100220,97739,250,2731
LAUCN260930000000005,2023,M12,100126,T,26,093,05,Livingston,2023-12-01,employed_count,100470,98385,-344,1741
LAUCN260930000000005,2024,M01,98255,T,26,093,05,Livingston,2024-01-01,employed_count,100126,97080,-1871,1175
LAUCN260930000000005,2024,M02,97602,T,26,093,05,Livingston,2024-02-01,employed_count,98255,97192,-653,410
LAUCN260930000000005,2024,M03,98768,T,26,093,05,Livingston,2024-03-01,employed_count,97602,98963,1166,-195
LAUCN260930000000005,2024,M04,98272,T,26,093,05,Livingston,2024-04-01,employed_count,98768,98762,-496,-490
LAUCN260930000000005,2024,M05,97877,T,26,093,05,Livingston,2024-05-01,employed_count,98272,98865,-395,-988
LAUCN260930000000005,2024,M06,98038,T,26,093,05,Livingston,2024-06-01,employed_count,97877,99733,161,-1695
LAUCN260930000000005,2024,M07,98558,T,26,093,05,Livingston,2024-07-01,employed_count,98038,100870,520,-2312
LAUCN260930000000005,2024,M08,99013,T,26,093,05,Livingston,2024-08-01,employed_count,98558,101146,455,-2133
LAUCN260930000000005,2024,M09,98837,T,26,093,05,Livingston,2024-09-01,employed_count,99013,100986,-176,-2149
LAUCN260930000000005,2024,M10,98032,T,26,093,05,Livingston,2024-10-01,employed_count,98837,100220,-805,-2188
LAUCN260930000000005,2024,M11,97481,T,26,093,05,Livingston,2024-11-01,employed_count,98032,100470,-551,-2989
LAUCN260930000000005,2024,M12,97498,T,26,093,05,Livingston,2024-12-01,employed_count,97481,100126,17,-2628
LAUCN260930000000005,2025,M01,96733,T,26,093,05,Livingston,2025-01-01,employed_count,97498,98255,-765,-1522
LAUCN260930000000005,2025,M02,96228,T,26,093,05,Livingston,2025-02-01,employed_count,96733,97602,-505,-1374
LAUCN260930000000005,2025,M03,97229,T,26,093,05,Livingston,2025-03-01,employed_count,96228,98768,1001,-1539
LAUCN260930000000005,2025,M04,97213,T,26,093,05,Livingston,2025-04-01,employed_count,97229,98272,-16,-1059
LAUCN260930000000005,2025,M05,96697,T,26,093,05,Livingston,2025-05-01,employed_count,97213,97877,-516,-1180
LAUCN260930000000005,2025,M06,97576,T,26,093,05,Livingston,2025-06-01,employed_count,96697,98038,879,-462
LAUCN260930000000005,2025,M07,97769,T,26,093,05,Livingston,2025-07-01,employed_count,97576,98558,193,-789
LAUCN260930000000005,2025,M08,97481,T,26,093,05,Livingston,2025-08-01,employed_count,97769,99013,-288,-1532
LAUCN260930000000005,2025,M09,97103,T,26,093,05,Livingston,2025-09-01,employed_count,97481,98837,-378,-1734
LAUCN260930000000005,2025,M11,97901,T,26,093,05,Livingston,2025-11-01,employed_count,97103,98032,798,-131
LAUCN260930000000005,2025,M12,97928,T,26,093,05,Livingston,2025-12-01,employed_count,97901,97481,27,447
LAUCN260930000000005,2026,M01,96706,"",26,093,05,Livingston,2026-01-01,employed_count,97928,97498,-1222,-792
LAUCN260930000000005,2026,M02,96067,"",26,093,05,Livingston,2026-02-01,employed_count,96706,96733,-639,-666
LAUCN260930000000005,2026,M03,97288,"",26,093,05,Livingston,2026-03-01,employed_count,96067,96228,1221,1060
LAUCN260930000000005,2026,M04,98018,P,26,093,05,Livingston,2026-04-01,employed_count,97288,97229,730,789
LAUCN260930000000006,1990,M01,61308,"",26,093,06,Livingston,1990-01-01,labor_force,,,,
LAUCN260930000000006,1990,M02,62186,"",26,093,06,Livingston,1990-02-01,labor_force,61308,,878,
LAUCN260930000000006,1990,M03,62447,"",26,093,06,Livingston,1990-03-01,labor_force,62186,,261,
LAUCN260930000000006,1990,M04,61341,"",26,093,06,Livingston,1990-04-01,labor_force,62447,,-1106,
LAUCN260930000000006,1990,M05,60997,"",26,093,06,Livingston,1990-05-01,labor_force,61341,,-344,
LAUCN260930000000006,1990,M06,61278,"",26,093,06,Livingston,1990-06-01,labor_force,60997,,281,
LAUCN260930000000006,1990,M07,60059,"",26,093,06,Livingston,1990-07-01,labor_force,61278,,-1219,
LAUCN260930000000006,1990,M08,59918,"",26,093,06,Livingston,1990-08-01,labor_force,60059,,-141,
LAUCN260930000000006,1990,M09,61855,"",26,093,06,Livingston,1990-09-01,labor_force,59918,,1937,
LAUCN260930000000006,1990,M10,62126,"",26,093,06,Livingston,1990-10-01,labor_force,61855,,271,
LAUCN260930000000006,1990,M11,62193,"",26,093,06,Livingston,1990-11-01,labor_force,62126,,67,
LAUCN260930000000006,1990,M12,62873,"",26,093,06,Livingston,1990-12-01,labor_force,62193,,680,
LAUCN260930000000006,1991,M01,62709,"",26,093,06,Livingston,1991-01-01,labor_force,62873,61308,-164,1401
LAUCN260930000000006,1991,M02,63934,"",26,093,06,Livingston,1991-02-01,labor_force,62709,62186,1225,1748
LAUCN260930000000006,1991,M03,64237,"",26,093,06,Livingston,1991-03-01,labor_force,63934,62447,303,1790
LAUCN260930000000006,1991,M04,62709,"",26,093,06,Livingston,1991-04-01,labor_force,64237,61341,-1528,1368
LAUCN260930000000006,1991,M05,62346,"",26,093,06,Livingston,1991-05-01,labor_force,62709,60997,-363,1349
LAUCN260930000000006,1991,M06,62782,"",26,093,06,Livingston,1991-06-01,labor_force,62346,61278,436,1504
LAUCN260930000000006,1991,M07,62268,"",26,093,06,Livingston,1991-07-01,labor_force,62782,60059,-514,2209
LAUCN260930000000006,1991,M08,61838,"",26,093,06,Livingston,1991-08-01,labor_force,62268,59918,-430,1920
LAUCN260930000000006,1991,M09,63447,"",26,093,06,Livingston,1991-09-01,labor_force,61838,61855,1609,1592
LAUCN260930000000006,1991,M10,64891,"",26,093,06,Livingston,1991-10-01,labor_force,63447,62126,1444,2765
LAUCN260930000000006,1991,M11,64889,"",26,093,06,Livingston,1991-11-01,labor_force,64891,62193,-2,2696
LAUCN260930000000006,1991,M12,64238,"",26,093,06,Livingston,1991-12-01,labor_force,64889,62873,-651,1365
LAUCN260930000000006,1992,M01,67394,"",26,093,06,Livingston,1992-01-01,labor_force,64238,62709,3156,4685
LAUCN260930000000006,1992,M02,68067,"",26,093,06,Livingston,1992-02-01,labor_force,67394,63934,673,4133
LAUCN260930000000006,1992,M03,68201,"",26,093,06,Livingston,1992-03-01,labor_force,68067,64237,134,3964
LAUCN260930000000006,1992,M04,67241,"",26,093,06,Livingston,1992-04-01,labor_force,68201,62709,-960,4532
LAUCN260930000000006,1992,M05,66425,"",26,093,06,Livingston,1992-05-01,labor_force,67241,62346,-816,4079
LAUCN260930000000006,1992,M06,66955,"",26,093,06,Livingston,1992-06-01,labor_force,66425,62782,530,4173
LAUCN260930000000006,1992,M07,66766,"",26,093,06,Livingston,1992-07-01,labor_force,66955,62268,-189,4498
LAUCN260930000000006,1992,M08,66529,"",26,093,06,Livingston,1992-08-01,labor_force,66766,61838,-237,4691
LAUCN260930000000006,1992,M09,65932,"",26,093,06,Livingston,1992-09-01,labor_force,66529,63447,-597,2485
LAUCN260930000000006,1992,M10,66786,"",26,093,06,Livingston,1992-10-01,labor_force,65932,64891,854,1895
LAUCN260930000000006,1992,M11,67879,"",26,093,06,Livingston,1992-11-01,labor_force,66786,64889,1093,2990
LAUCN260930000000006,1992,M12,67954,"",26,093,06,Livingston,1992-12-01,labor_force,67879,64238,75,3716
LAUCN260930000000006,1993,M01,67156,"",26,093,06,Livingston,1993-01-01,labor_force,67954,67394,-798,-238
LAUCN260930000000006,1993,M02,67970,"",26,093,06,Livingston,1993-02-01,labor_force,67156,68067,814,-97
LAUCN260930000000006,1993,M03,67311,"",26,093,06,Livingston,1993-03-01,labor_force,67970,68201,-659,-890
LAUCN260930000000006,1993,M04,67400,"",26,093,06,Livingston,1993-04-01,labor_force,67311,67241,89,159
LAUCN260930000000006,1993,M05,66295,"",26,093,06,Livingston,1993-05-01,labor_force,67400,66425,-1105,-130
LAUCN260930000000006,1993,M06,66981,"",26,093,06,Livingston,1993-06-01,labor_force,66295,66955,686,26
LAUCN260930000000006,1993,M07,66844,"",26,093,06,Livingston,1993-07-01,labor_force,66981,66766,-137,78
LAUCN260930000000006,1993,M08,66408,"",26,093,06,Livingston,1993-08-01,labor_force,66844,66529,-436,-121
LAUCN260930000000006,1993,M09,66798,"",26,093,06,Livingston,1993-09-01,labor_force,66408,65932,390,866
LAUCN260930000000006,1993,M10,68353,"",26,093,06,Livingston,1993-10-01,labor_force,66798,66786,1555,1567
LAUCN260930000000006,1993,M11,68306,"",26,093,06,Livingston,1993-11-01,labor_force,68353,67879,-47,427
LAUCN260930000000006,1993,M12,68157,"",26,093,06,Livingston,1993-12-01,labor_force,68306,67954,-149,203
LAUCN260930000000006,1994,M01,69687,"",26,093,06,Livingston,1994-01-01,labor_force,68157,67156,1530,2531
LAUCN260930000000006,1994,M02,70307,"",26,093,06,Livingston,1994-02-01,labor_force,69687,67970,620,2337
LAUCN260930000000006,1994,M03,69483,"",26,093,06,Livingston,1994-03-01,labor_force,70307,67311,-824,2172
LAUCN260930000000006,1994,M04,68550,"",26,093,06,Livingston,1994-04-01,labor_force,69483,67400,-933,1150
LAUCN260930000000006,1994,M05,67494,"",26,093,06,Livingston,1994-05-01,labor_force,68550,66295,-1056,1199
LAUCN260930000000006,1994,M06,68126,"",26,093,06,Livingston,1994-06-01,labor_force,67494,66981,632,1145
LAUCN260930000000006,1994,M07,68167,"",26,093,06,Livingston,1994-07-01,labor_force,68126,66844,41,1323
LAUCN260930000000006,1994,M08,68119,"",26,093,06,Livingston,1994-08-01,labor_force,68167,66408,-48,1711
LAUCN260930000000006,1994,M09,68705,"",26,093,06,Livingston,1994-09-01,labor_force,68119,66798,586,1907
LAUCN260930000000006,1994,M10,69922,"",26,093,06,Livingston,1994-10-01,labor_force,68705,68353,1217,1569
LAUCN260930000000006,1994,M11,69525,"",26,093,06,Livingston,1994-11-01,labor_force,69922,68306,-397,1219
LAUCN260930000000006,1994,M12,69605,"",26,093,06,Livingston,1994-12-01,labor_force,69525,68157,80,1448
LAUCN260930000000006,1995,M01,69573,"",26,093,06,Livingston,1995-01-01,labor_force,69605,69687,-32,-114
LAUCN260930000000006,1995,M02,70567,"",26,093,06,Livingston,1995-02-01,labor_force,69573,70307,994,260
LAUCN260930000000006,1995,M03,70947,"",26,093,06,Livingston,1995-03-01,labor_force,70567,69483,380,1464
LAUCN260930000000006,1995,M04,70135,"",26,093,06,Livingston,1995-04-01,labor_force,70947,68550,-812,1585
LAUCN260930000000006,1995,M05,68812,"",26,093,06,Livingston,1995-05-01,labor_force,70135,67494,-1323,1318
LAUCN260930000000006,1995,M06,70488,"",26,093,06,Livingston,1995-06-01,labor_force,68812,68126,1676,2362
LAUCN260930000000006,1995,M07,71214,"",26,093,06,Livingston,1995-07-01,labor_force,70488,68167,726,3047
LAUCN260930000000006,1995,M08,70064,"",26,093,06,Livingston,1995-08-01,labor_force,71214,68119,-1150,1945
LAUCN260930000000006,1995,M09,70362,"",26,093,06,Livingston,1995-09-01,labor_force,70064,68705,298,1657
LAUCN260930000000006,1995,M10,71076,"",26,093,06,Livingston,1995-10-01,labor_force,70362,69922,714,1154
LAUCN260930000000006,1995,M11,71237,"",26,093,06,Livingston,1995-11-01,labor_force,71076,69525,161,1712
LAUCN260930000000006,1995,M12,71079,"",26,093,06,Livingston,1995-12-01,labor_force,71237,69605,-158,1474
LAUCN260930000000006,1996,M01,71027,"",26,093,06,Livingston,1996-01-01,labor_force,71079,69573,-52,1454
LAUCN260930000000006,1996,M02,73590,"",26,093,06,Livingston,1996-02-01,labor_force,71027,70567,2563,3023
LAUCN260930000000006,1996,M03,74421,"",26,093,06,Livingston,1996-03-01,labor_force,73590,70947,831,3474
LAUCN260930000000006,1996,M04,72694,"",26,093,06,Livingston,1996-04-01,labor_force,74421,70135,-1727,2559
LAUCN260930000000006,1996,M05,71585,"",26,093,06,Livingston,1996-05-01,labor_force,72694,68812,-1109,2773
LAUCN260930000000006,1996,M06,72706,"",26,093,06,Livingston,1996-06-01,labor_force,71585,70488,1121,2218
LAUCN260930000000006,1996,M07,73620,"",26,093,06,Livingston,1996-07-01,labor_force,72706,71214,914,2406
LAUCN260930000000006,1996,M08,72987,"",26,093,06,Livingston,1996-08-01,labor_force,73620,70064,-633,2923
LAUCN260930000000006,1996,M09,73101,"",26,093,06,Livingston,1996-09-01,labor_force,72987,70362,114,2739
LAUCN260930000000006,1996,M10,73859,"",26,093,06,Livingston,1996-10-01,labor_force,73101,71076,758,2783
LAUCN260930000000006,1996,M11,73592,"",26,093,06,Livingston,1996-11-01,labor_force,73859,71237,-267,2355
LAUCN260930000000006,1996,M12,73525,"",26,093,06,Livingston,1996-12-01,labor_force,73592,71079,-67,2446
LAUCN260930000000006,1997,M01,73995,"",26,093,06,Livingston,1997-01-01,labor_force,73525,71027,470,2968
LAUCN260930000000006,1997,M02,74179,"",26,093,06,Livingston,1997-02-01,labor_force,73995,73590,184,589
LAUCN260930000000006,1997,M03,74482,"",26,093,06,Livingston,1997-03-01,labor_force,74179,74421,303,61
LAUCN260930000000006,1997,M04,73675,"",26,093,06,Livingston,1997-04-01,labor_force,74482,72694,-807,981
LAUCN260930000000006,1997,M05,72708,"",26,093,06,Livingston,1997-05-01,labor_force,73675,71585,-967,1123
LAUCN260930000000006,1997,M06,73384,"",26,093,06,Livingston,1997-06-01,labor_force,72708,72706,676,678
LAUCN260930000000006,1997,M07,74455,"",26,093,06,Livingston,1997-07-01,labor_force,73384,73620,1071,835
LAUCN260930000000006,1997,M08,74484,"",26,093,06,Livingston,1997-08-01,labor_force,74455,72987,29,1497
LAUCN260930000000006,1997,M09,75220,"",26,093,06,Livingston,1997-09-01,labor_force,74484,73101,736,2119
LAUCN260930000000006,1997,M10,75531,"",26,093,06,Livingston,1997-10-01,labor_force,75220,73859,311,1672
LAUCN260930000000006,1997,M11,76095,"",26,093,06,Livingston,1997-11-01,labor_force,75531,73592,564,2503
LAUCN260930000000006,1997,M12,75916,"",26,093,06,Livingston,1997-12-01,labor_force,76095,73525,-179,2391
LAUCN260930000000006,1998,M01,76002,"",26,093,06,Livingston,1998-01-01,labor_force,75916,73995,86,2007
LAUCN260930000000006,1998,M02,76722,"",26,093,06,Livingston,1998-02-01,labor_force,76002,74179,720,2543
LAUCN260930000000006,1998,M03,77366,"",26,093,06,Livingston,1998-03-01,labor_force,76722,74482,644,2884
LAUCN260930000000006,1998,M04,76297,"",26,093,06,Livingston,1998-04-01,labor_force,77366,73675,-1069,2622
LAUCN260930000000006,1998,M05,76145,"",26,093,06,Livingston,1998-05-01,labor_force,76297,72708,-152,3437
LAUCN260930000000006,1998,M06,76363,"",26,093,06,Livingston,1998-06-01,labor_force,76145,73384,218,2979
LAUCN260930000000006,1998,M07,76583,"",26,093,06,Livingston,1998-07-01,labor_force,76363,74455,220,2128
LAUCN260930000000006,1998,M08,77382,"",26,093,06,Livingston,1998-08-01,labor_force,76583,74484,799,2898
LAUCN260930000000006,1998,M09,77983,"",26,093,06,Livingston,1998-09-01,labor_force,77382,75220,601,2763
LAUCN260930000000006,1998,M10,78982,"",26,093,06,Livingston,1998-10-01,labor_force,77983,75531,999,3451
LAUCN260930000000006,1998,M11,79195,"",26,093,06,Livingston,1998-11-01,labor_force,78982,76095,213,3100
LAUCN260930000000006,1998,M12,79504,"",26,093,06,Livingston,1998-12-01,labor_force,79195,75916,309,3588
LAUCN260930000000006,1999,M01,80161,"",26,093,06,Livingston,1999-01-01,labor_force,79504,76002,657,4159
LAUCN260930000000006,1999,M02,81100,"",26,093,06,Livingston,1999-02-01,labor_force,80161,76722,939,4378
LAUCN260930000000006,1999,M03,81411,"",26,093,06,Livingston,1999-03-01,labor_force,81100,77366,311,4045
LAUCN260930000000006,1999,M04,80634,"",26,093,06,Livingston,1999-04-01,labor_force,81411,76297,-777,4337
LAUCN260930000000006,1999,M05,80300,"",26,093,06,Livingston,1999-05-01,labor_force,80634,76145,-334,4155
LAUCN260930000000006,1999,M06,80595,"",26,093,06,Livingston,1999-06-01,labor_force,80300,76363,295,4232
LAUCN260930000000006,1999,M07,81724,"",26,093,06,Livingston,1999-07-01,labor_force,80595,76583,1129,5141
LAUCN260930000000006,1999,M08,80516,"",26,093,06,Livingston,1999-08-01,labor_force,81724,77382,-1208,3134
LAUCN260930000000006,1999,M09,80386,"",26,093,06,Livingston,1999-09-01,labor_force,80516,77983,-130,2403
LAUCN260930000000006,1999,M10,82060,"",26,093,06,Livingston,1999-10-01,labor_force,80386,78982,1674,3078
LAUCN260930000000006,1999,M11,82019,"",26,093,06,Livingston,1999-11-01,labor_force,82060,79195,-41,2824
LAUCN260930000000006,1999,M12,81835,"",26,093,06,Livingston,1999-12-01,labor_force,82019,79504,-184,2331
LAUCN260930000000006,2000,M01,90288,"",26,093,06,Livingston,2000-01-01,labor_force,81835,80161,8453,10127
LAUCN260930000000006,2000,M02,89855,"",26,093,06,Livingston,2000-02-01,labor_force,90288,81100,-433,8755
LAUCN260930000000006,2000,M03,90032,"",26,093,06,Livingston,2000-03-01,labor_force,89855,81411,177,8621
LAUCN260930000000006,2000,M04,89222,"",26,093,06,Livingston,2000-04-01,labor_force,90032,80634,-810,8588
LAUCN260930000000006,2000,M05,89362,"",26,093,06,Livingston,2000-05-01,labor_force,89222,80300,140,9062
LAUCN260930000000006,2000,M06,90868,"",26,093,06,Livingston,2000-06-01,labor_force,89362,80595,1506,10273
LAUCN260930000000006,2000,M07,90657,"",26,093,06,Livingston,2000-07-01,labor_force,90868,81724,-211,8933
LAUCN260930000000006,2000,M08,90731,"",26,093,06,Livingston,2000-08-01,labor_force,90657,80516,74,10215
LAUCN260930000000006,2000,M09,89473,"",26,093,06,Livingston,2000-09-01,labor_force,90731,80386,-1258,9087
LAUCN260930000000006,2000,M10,89247,"",26,093,06,Livingston,2000-10-01,labor_force,89473,82060,-226,7187
LAUCN260930000000006,2000,M11,88756,"",26,093,06,Livingston,2000-11-01,labor_force,89247,82019,-491,6737
LAUCN260930000000006,2000,M12,88900,"",26,093,06,Livingston,2000-12-01,labor_force,88756,81835,144,7065
LAUCN260930000000006,2001,M01,90181,"",26,093,06,Livingston,2001-01-01,labor_force,88900,90288,1281,-107
LAUCN260930000000006,2001,M02,90300,"",26,093,06,Livingston,2001-02-01,labor_force,90181,89855,119,445
LAUCN260930000000006,2001,M03,90451,"",26,093,06,Livingston,2001-03-01,labor_force,90300,90032,151,419
LAUCN260930000000006,2001,M04,88557,"",26,093,06,Livingston,2001-04-01,labor_force,90451,89222,-1894,-665
LAUCN260930000000006,2001,M05,88919,"",26,093,06,Livingston,2001-05-01,labor_force,88557,89362,362,-443
LAUCN260930000000006,2001,M06,89625,"",26,093,06,Livingston,2001-06-01,labor_force,88919,90868,706,-1243
LAUCN260930000000006,2001,M07,90023,"",26,093,06,Livingston,2001-07-01,labor_force,89625,90657,398,-634
LAUCN260930000000006,2001,M08,89809,"",26,093,06,Livingston,2001-08-01,labor_force,90023,90731,-214,-922
LAUCN260930000000006,2001,M09,89337,"",26,093,06,Livingston,2001-09-01,labor_force,89809,89473,-472,-136
LAUCN260930000000006,2001,M10,89420,"",26,093,06,Livingston,2001-10-01,labor_force,89337,89247,83,173
LAUCN260930000000006,2001,M11,88950,"",26,093,06,Livingston,2001-11-01,labor_force,89420,88756,-470,194
LAUCN260930000000006,2001,M12,89280,"",26,093,06,Livingston,2001-12-01,labor_force,88950,88900,330,380
LAUCN260930000000006,2002,M01,90160,"",26,093,06,Livingston,2002-01-01,labor_force,89280,90181,880,-21
LAUCN260930000000006,2002,M02,90180,"",26,093,06,Livingston,2002-02-01,labor_force,90160,90300,20,-120
LAUCN260930000000006,2002,M03,90181,"",26,093,06,Livingston,2002-03-01,labor_force,90180,90451,1,-270
LAUCN260930000000006,2002,M04,89577,"",26,093,06,Livingston,2002-04-01,labor_force,90181,88557,-604,1020
LAUCN260930000000006,2002,M05,90137,"",26,093,06,Livingston,2002-05-01,labor_force,89577,88919,560,1218
LAUCN260930000000006,2002,M06,90943,"",26,093,06,Livingston,2002-06-01,labor_force,90137,89625,806,1318
LAUCN260930000000006,2002,M07,91048,"",26,093,06,Livingston,2002-07-01,labor_force,90943,90023,105,1025
LAUCN260930000000006,2002,M08,91060,"",26,093,06,Livingston,2002-08-01,labor_force,91048,89809,12,1251
LAUCN260930000000006,2002,M09,90788,"",26,093,06,Livingston,2002-09-01,labor_force,91060,89337,-272,1451
LAUCN260930000000006,2002,M10,90822,"",26,093,06,Livingston,2002-10-01,labor_force,90788,89420,34,1402
LAUCN260930000000006,2002,M11,90464,"",26,093,06,Livingston,2002-11-01,labor_force,90822,88950,-358,1514
LAUCN260930000000006,2002,M12,90435,"",26,093,06,Livingston,2002-12-01,labor_force,90464,89280,-29,1155
LAUCN260930000000006,2003,M01,91766,"",26,093,06,Livingston,2003-01-01,labor_force,90435,90160,1331,1606
LAUCN260930000000006,2003,M02,92127,"",26,093,06,Livingston,2003-02-01,labor_force,91766,90180,361,1947
LAUCN260930000000006,2003,M03,92193,"",26,093,06,Livingston,2003-03-01,labor_force,92127,90181,66,2012
LAUCN260930000000006,2003,M04,90894,"",26,093,06,Livingston,2003-04-01,labor_force,92193,89577,-1299,1317
LAUCN260930000000006,2003,M05,91377,"",26,093,06,Livingston,2003-05-01,labor_force,90894,90137,483,1240
LAUCN260930000000006,2003,M06,92793,"",26,093,06,Livingston,2003-06-01,labor_force,91377,90943,1416,1850
LAUCN260930000000006,2003,M07,92205,"",26,093,06,Livingston,2003-07-01,labor_force,92793,91048,-588,1157
LAUCN260930000000006,2003,M08,91912,"",26,093,06,Livingston,2003-08-01,labor_force,92205,91060,-293,852
LAUCN260930000000006,2003,M09,91176,"",26,093,06,Livingston,2003-09-01,labor_force,91912,90788,-736,388
LAUCN260930000000006,2003,M10,91484,"",26,093,06,Livingston,2003-10-01,labor_force,91176,90822,308,662
LAUCN260930000000006,2003,M11,91134,"",26,093,06,Livingston,2003-11-01,labor_force,91484,90464,-350,670
LAUCN260930000000006,2003,M12,90841,"",26,093,06,Livingston,2003-12-01,labor_force,91134,90435,-293,406
LAUCN260930000000006,2004,M01,91812,"",26,093,06,Livingston,2004-01-01,labor_force,90841,91766,971,46
LAUCN260930000000006,2004,M02,92223,"",26,093,06,Livingston,2004-02-01,labor_force,91812,92127,411,96
LAUCN260930000000006,2004,M03,92489,"",26,093,06,Livingston,2004-03-01,labor_force,92223,92193,266,296
LAUCN260930000000006,2004,M04,91110,"",26,093,06,Livingston,2004-04-01,labor_force,92489,90894,-1379,216
LAUCN260930000000006,2004,M05,91955,"",26,093,06,Livingston,2004-05-01,labor_force,91110,91377,845,578
LAUCN260930000000006,2004,M06,93124,"",26,093,06,Livingston,2004-06-01,labor_force,91955,92793,1169,331
LAUCN260930000000006,2004,M07,93414,"",26,093,06,Livingston,2004-07-01,labor_force,93124,92205,290,1209
LAUCN260930000000006,2004,M08,93613,"",26,093,06,Livingston,2004-08-01,labor_force,93414,91912,199,1701
LAUCN260930000000006,2004,M09,93075,"",26,093,06,Livingston,2004-09-01,labor_force,93613,91176,-538,1899
LAUCN260930000000006,2004,M10,93837,"",26,093,06,Livingston,2004-10-01,labor_force,93075,91484,762,2353
LAUCN260930000000006,2004,M11,93361,"",26,093,06,Livingston,2004-11-01,labor_force,93837,91134,-476,2227
LAUCN260930000000006,2004,M12,93409,"",26,093,06,Livingston,2004-12-01,labor_force,93361,90841,48,2568
LAUCN260930000000006,2005,M01,93362,"",26,093,06,Livingston,2005-01-01,labor_force,93409,91812,-47,1550
LAUCN260930000000006,2005,M02,93784,"",26,093,06,Livingston,2005-02-01,labor_force,93362,92223,422,1561
LAUCN260930000000006,2005,M03,93575,"",26,093,06,Livingston,2005-03-01,labor_force,93784,92489,-209,1086
LAUCN260930000000006,2005,M04,93494,"",26,093,06,Livingston,2005-04-01,labor_force,93575,91110,-81,2384
LAUCN260930000000006,2005,M05,94230,"",26,093,06,Livingston,2005-05-01,labor_force,93494,91955,736,2275
LAUCN260930000000006,2005,M06,95316,"",26,093,06,Livingston,2005-06-01,labor_force,94230,93124,1086,2192
LAUCN260930000000006,2005,M07,95631,"",26,093,06,Livingston,2005-07-01,labor_force,95316,93414,315,2217
LAUCN260930000000006,2005,M08,95811,"",26,093,06,Livingston,2005-08-01,labor_force,95631,93613,180,2198
LAUCN260930000000006,2005,M09,95157,"",26,093,06,Livingston,2005-09-01,labor_force,95811,93075,-654,2082
LAUCN260930000000006,2005,M10,94570,"",26,093,06,Livingston,2005-10-01,labor_force,95157,93837,-587,733
LAUCN260930000000006,2005,M11,94493,"",26,093,06,Livingston,2005-11-01,labor_force,94570,93361,-77,1132
LAUCN260930000000006,2005,M12,94171,"",26,093,06,Livingston,2005-12-01,labor_force,94493,93409,-322,762
LAUCN260930000000006,2006,M01,93579,"",26,093,06,Livingston,2006-01-01,labor_force,94171,93362,-592,217
LAUCN260930000000006,2006,M02,93625,"",26,093,06,Livingston,2006-02-01,labor_force,93579,93784,46,-159
LAUCN260930000000006,2006,M03,94195,"",26,093,06,Livingston,2006-03-01,labor_force,93625,93575,570,620
LAUCN260930000000006,2006,M04,93220,"",26,093,06,Livingston,2006-04-01,labor_force,94195,93494,-975,-274
LAUCN260930000000006,2006,M05,93678,"",26,093,06,Livingston,2006-05-01,labor_force,93220,94230,458,-552
LAUCN260930000000006,2006,M06,94795,"",26,093,06,Livingston,2006-06-01,labor_force,93678,95316,1117,-521
LAUCN260930000000006,2006,M07,95149,"",26,093,06,Livingston,2006-07-01,labor_force,94795,95631,354,-482
LAUCN260930000000006,2006,M08,95427,"",26,093,06,Livingston,2006-08-01,labor_force,95149,95811,278,-384
LAUCN260930000000006,2006,M09,95040,"",26,093,06,Livingston,2006-09-01,labor_force,95427,95157,-387,-117
LAUCN260930000000006,2006,M10,95444,"",26,093,06,Livingston,2006-10-01,labor_force,95040,94570,404,874
LAUCN260930000000006,2006,M11,94725,"",26,093,06,Livingston,2006-11-01,labor_force,95444,94493,-719,232
LAUCN260930000000006,2006,M12,94931,"",26,093,06,Livingston,2006-12-01,labor_force,94725,94171,206,760
LAUCN260930000000006,2007,M01,93381,"",26,093,06,Livingston,2007-01-01,labor_force,94931,93579,-1550,-198
LAUCN260930000000006,2007,M02,93488,"",26,093,06,Livingston,2007-02-01,labor_force,93381,93625,107,-137
LAUCN260930000000006,2007,M03,93796,"",26,093,06,Livingston,2007-03-01,labor_force,93488,94195,308,-399
LAUCN260930000000006,2007,M04,92139,"",26,093,06,Livingston,2007-04-01,labor_force,93796,93220,-1657,-1081
LAUCN260930000000006,2007,M05,92851,"",26,093,06,Livingston,2007-05-01,labor_force,92139,93678,712,-827
LAUCN260930000000006,2007,M06,94109,"",26,093,06,Livingston,2007-06-01,labor_force,92851,94795,1258,-686
LAUCN260930000000006,2007,M07,94463,"",26,093,06,Livingston,2007-07-01,labor_force,94109,95149,354,-686
LAUCN260930000000006,2007,M08,93357,"",26,093,06,Livingston,2007-08-01,labor_force,94463,95427,-1106,-2070
LAUCN260930000000006,2007,M09,93294,"",26,093,06,Livingston,2007-09-01,labor_force,93357,95040,-63,-1746
LAUCN260930000000006,2007,M10,92498,"",26,093,06,Livingston,2007-10-01,labor_force,93294,95444,-796,-2946
LAUCN260930000000006,2007,M11,92421,"",26,093,06,Livingston,2007-11-01,labor_force,92498,94725,-77,-2304
LAUCN260930000000006,2007,M12,92292,"",26,093,06,Livingston,2007-12-01,labor_force,92421,94931,-129,-2639
LAUCN260930000000006,2008,M01,91253,"",26,093,06,Livingston,2008-01-01,labor_force,92292,93381,-1039,-2128
LAUCN260930000000006,2008,M02,91140,"",26,093,06,Livingston,2008-02-01,labor_force,91253,93488,-113,-2348
LAUCN260930000000006,2008,M03,91281,"",26,093,06,Livingston,2008-03-01,labor_force,91140,93796,141,-2515
LAUCN260930000000006,2008,M04,89602,"",26,093,06,Livingston,2008-04-01,labor_force,91281,92139,-1679,-2537
LAUCN260930000000006,2008,M05,91252,"",26,093,06,Livingston,2008-05-01,labor_force,89602,92851,1650,-1599
LAUCN260930000000006,2008,M06,92295,"",26,093,06,Livingston,2008-06-01,labor_force,91252,94109,1043,-1814
LAUCN260930000000006,2008,M07,92519,"",26,093,06,Livingston,2008-07-01,labor_force,92295,94463,224,-1944
LAUCN260930000000006,2008,M08,92376,"",26,093,06,Livingston,2008-08-01,labor_force,92519,93357,-143,-981
LAUCN260930000000006,2008,M09,91463,"",26,093,06,Livingston,2008-09-01,labor_force,92376,93294,-913,-1831
LAUCN260930000000006,2008,M10,91264,"",26,093,06,Livingston,2008-10-01,labor_force,91463,92498,-199,-1234
LAUCN260930000000006,2008,M11,90028,"",26,093,06,Livingston,2008-11-01,labor_force,91264,92421,-1236,-2393
LAUCN260930000000006,2008,M12,89516,"",26,093,06,Livingston,2008-12-01,labor_force,90028,92292,-512,-2776
LAUCN260930000000006,2009,M01,88362,"",26,093,06,Livingston,2009-01-01,labor_force,89516,91253,-1154,-2891
LAUCN260930000000006,2009,M02,88450,"",26,093,06,Livingston,2009-02-01,labor_force,88362,91140,88,-2690
LAUCN260930000000006,2009,M03,89104,"",26,093,06,Livingston,2009-03-01,labor_force,88450,91281,654,-2177
LAUCN260930000000006,2009,M04,88610,"",26,093,06,Livingston,2009-04-01,labor_force,89104,89602,-494,-992
LAUCN260930000000006,2009,M05,89118,"",26,093,06,Livingston,2009-05-01,labor_force,88610,91252,508,-2134
LAUCN260930000000006,2009,M06,90508,"",26,093,06,Livingston,2009-06-01,labor_force,89118,92295,1390,-1787
LAUCN260930000000006,2009,M07,90934,"",26,093,06,Livingston,2009-07-01,labor_force,90508,92519,426,-1585
LAUCN260930000000006,2009,M08,90686,"",26,093,06,Livingston,2009-08-01,labor_force,90934,92376,-248,-1690
LAUCN260930000000006,2009,M09,89694,"",26,093,06,Livingston,2009-09-01,labor_force,90686,91463,-992,-1769
LAUCN260930000000006,2009,M10,89608,"",26,093,06,Livingston,2009-10-01,labor_force,89694,91264,-86,-1656
LAUCN260930000000006,2009,M11,89036,"",26,093,06,Livingston,2009-11-01,labor_force,89608,90028,-572,-992
LAUCN260930000000006,2009,M12,89445,"",26,093,06,Livingston,2009-12-01,labor_force,89036,89516,409,-71
LAUCN260930000000006,2010,M01,93325,"",26,093,06,Livingston,2010-01-01,labor_force,89445,88362,3880,4963
LAUCN260930000000006,2010,M02,93266,"",26,093,06,Livingston,2010-02-01,labor_force,93325,88450,-59,4816
LAUCN260930000000006,2010,M03,94274,"",26,093,06,Livingston,2010-03-01,labor_force,93266,89104,1008,5170
LAUCN260930000000006,2010,M04,93502,"",26,093,06,Livingston,2010-04-01,labor_force,94274,88610,-772,4892
LAUCN260930000000006,2010,M05,93819,"",26,093,06,Livingston,2010-05-01,labor_force,93502,89118,317,4701
LAUCN260930000000006,2010,M06,94302,"",26,093,06,Livingston,2010-06-01,labor_force,93819,90508,483,3794
LAUCN260930000000006,2010,M07,95161,"",26,093,06,Livingston,2010-07-01,labor_force,94302,90934,859,4227
LAUCN260930000000006,2010,M08,94884,"",26,093,06,Livingston,2010-08-01,labor_force,95161,90686,-277,4198
LAUCN260930000000006,2010,M09,93996,"",26,093,06,Livingston,2010-09-01,labor_force,94884,89694,-888,4302
LAUCN260930000000006,2010,M10,92998,"",26,093,06,Livingston,2010-10-01,labor_force,93996,89608,-998,3390
LAUCN260930000000006,2010,M11,91723,"",26,093,06,Livingston,2010-11-01,labor_force,92998,89036,-1275,2687
LAUCN260930000000006,2010,M12,91073,"",26,093,06,Livingston,2010-12-01,labor_force,91723,89445,-650,1628
LAUCN260930000000006,2011,M01,90919,"",26,093,06,Livingston,2011-01-01,labor_force,91073,93325,-154,-2406
LAUCN260930000000006,2011,M02,90508,"",26,093,06,Livingston,2011-02-01,labor_force,90919,93266,-411,-2758
LAUCN260930000000006,2011,M03,91301,"",26,093,06,Livingston,2011-03-01,labor_force,90508,94274,793,-2973
LAUCN260930000000006,2011,M04,90361,"",26,093,06,Livingston,2011-04-01,labor_force,91301,93502,-940,-3141
LAUCN260930000000006,2011,M05,91697,"",26,093,06,Livingston,2011-05-01,labor_force,90361,93819,1336,-2122
LAUCN260930000000006,2011,M06,92624,"",26,093,06,Livingston,2011-06-01,labor_force,91697,94302,927,-1678
LAUCN260930000000006,2011,M07,93454,"",26,093,06,Livingston,2011-07-01,labor_force,92624,95161,830,-1707
LAUCN260930000000006,2011,M08,93806,"",26,093,06,Livingston,2011-08-01,labor_force,93454,94884,352,-1078
LAUCN260930000000006,2011,M09,93507,"",26,093,06,Livingston,2011-09-01,labor_force,93806,93996,-299,-489
LAUCN260930000000006,2011,M10,93265,"",26,093,06,Livingston,2011-10-01,labor_force,93507,92998,-242,267
LAUCN260930000000006,2011,M11,92520,"",26,093,06,Livingston,2011-11-01,labor_force,93265,91723,-745,797
LAUCN260930000000006,2011,M12,92986,"",26,093,06,Livingston,2011-12-01,labor_force,92520,91073,466,1913
LAUCN260930000000006,2012,M01,92474,"",26,093,06,Livingston,2012-01-01,labor_force,92986,90919,-512,1555
LAUCN260930000000006,2012,M02,92220,"",26,093,06,Livingston,2012-02-01,labor_force,92474,90508,-254,1712
LAUCN260930000000006,2012,M03,92765,"",26,093,06,Livingston,2012-03-01,labor_force,92220,91301,545,1464
LAUCN260930000000006,2012,M04,91321,"",26,093,06,Livingston,2012-04-01,labor_force,92765,90361,-1444,960
LAUCN260930000000006,2012,M05,92839,"",26,093,06,Livingston,2012-05-01,labor_force,91321,91697,1518,1142
LAUCN260930000000006,2012,M06,94135,"",26,093,06,Livingston,2012-06-01,labor_force,92839,92624,1296,1511
LAUCN260930000000006,2012,M07,95139,"",26,093,06,Livingston,2012-07-01,labor_force,94135,93454,1004,1685
LAUCN260930000000006,2012,M08,94731,"",26,093,06,Livingston,2012-08-01,labor_force,95139,93806,-408,925
LAUCN260930000000006,2012,M09,94327,"",26,093,06,Livingston,2012-09-01,labor_force,94731,93507,-404,820
LAUCN260930000000006,2012,M10,94811,"",26,093,06,Livingston,2012-10-01,labor_force,94327,93265,484,1546
LAUCN260930000000006,2012,M11,93800,"",26,093,06,Livingston,2012-11-01,labor_force,94811,92520,-1011,1280
LAUCN260930000000006,2012,M12,94383,"",26,093,06,Livingston,2012-12-01,labor_force,93800,92986,583,1397
LAUCN260930000000006,2013,M01,94098,"",26,093,06,Livingston,2013-01-01,labor_force,94383,92474,-285,1624
LAUCN260930000000006,2013,M02,93648,"",26,093,06,Livingston,2013-02-01,labor_force,94098,92220,-450,1428
LAUCN260930000000006,2013,M03,94357,"",26,093,06,Livingston,2013-03-01,labor_force,93648,92765,709,1592
LAUCN260930000000006,2013,M04,93876,"",26,093,06,Livingston,2013-04-01,labor_force,94357,91321,-481,2555
LAUCN260930000000006,2013,M05,95474,"",26,093,06,Livingston,2013-05-01,labor_force,93876,92839,1598,2635
LAUCN260930000000006,2013,M06,96709,"",26,093,06,Livingston,2013-06-01,labor_force,95474,94135,1235,2574
LAUCN260930000000006,2013,M07,97426,"",26,093,06,Livingston,2013-07-01,labor_force,96709,95139,717,2287
LAUCN260930000000006,2013,M08,97247,"",26,093,06,Livingston,2013-08-01,labor_force,97426,94731,-179,2516
LAUCN260930000000006,2013,M09,96926,"",26,093,06,Livingston,2013-09-01,labor_force,97247,94327,-321,2599
LAUCN260930000000006,2013,M10,96169,"",26,093,06,Livingston,2013-10-01,labor_force,96926,94811,-757,1358
LAUCN260930000000006,2013,M11,95453,"",26,093,06,Livingston,2013-11-01,labor_force,96169,93800,-716,1653
LAUCN260930000000006,2013,M12,95711,"",26,093,06,Livingston,2013-12-01,labor_force,95453,94383,258,1328
LAUCN260930000000006,2014,M01,95436,"",26,093,06,Livingston,2014-01-01,labor_force,95711,94098,-275,1338
LAUCN260930000000006,2014,M02,95288,"",26,093,06,Livingston,2014-02-01,labor_force,95436,93648,-148,1640
LAUCN260930000000006,2014,M03,95799,"",26,093,06,Livingston,2014-03-01,labor_force,95288,94357,511,1442
LAUCN260930000000006,2014,M04,94272,"",26,093,06,Livingston,2014-04-01,labor_force,95799,93876,-1527,396
LAUCN260930000000006,2014,M05,95379,"",26,093,06,Livingston,2014-05-01,labor_force,94272,95474,1107,-95
LAUCN260930000000006,2014,M06,96507,"",26,093,06,Livingston,2014-06-01,labor_force,95379,96709,1128,-202
LAUCN260930000000006,2014,M07,97510,"",26,093,06,Livingston,2014-07-01,labor_force,96507,97426,1003,84
LAUCN260930000000006,2014,M08,96527,"",26,093,06,Livingston,2014-08-01,labor_force,97510,97247,-983,-720
LAUCN260930000000006,2014,M09,96420,"",26,093,06,Livingston,2014-09-01,labor_force,96527,96926,-107,-506
LAUCN260930000000006,2014,M10,96626,"",26,093,06,Livingston,2014-10-01,labor_force,96420,96169,206,457
LAUCN260930000000006,2014,M11,95472,"",26,093,06,Livingston,2014-11-01,labor_force,96626,95453,-1154,19
LAUCN260930000000006,2014,M12,95378,"",26,093,06,Livingston,2014-12-01,labor_force,95472,95711,-94,-333
LAUCN260930000000006,2015,M01,95688,"",26,093,06,Livingston,2015-01-01,labor_force,95378,95436,310,252
LAUCN260930000000006,2015,M02,94643,"",26,093,06,Livingston,2015-02-01,labor_force,95688,95288,-1045,-645
LAUCN260930000000006,2015,M03,95323,"",26,093,06,Livingston,2015-03-01,labor_force,94643,95799,680,-476
LAUCN260930000000006,2015,M04,94938,"",26,093,06,Livingston,2015-04-01,labor_force,95323,94272,-385,666
LAUCN260930000000006,2015,M05,96825,"",26,093,06,Livingston,2015-05-01,labor_force,94938,95379,1887,1446
LAUCN260930000000006,2015,M06,97451,"",26,093,06,Livingston,2015-06-01,labor_force,96825,96507,626,944
LAUCN260930000000006,2015,M07,98215,"",26,093,06,Livingston,2015-07-01,labor_force,97451,97510,764,705
LAUCN260930000000006,2015,M08,97915,"",26,093,06,Livingston,2015-08-01,labor_force,98215,96527,-300,1388
LAUCN260930000000006,2015,M09,97667,"",26,093,06,Livingston,2015-09-01,labor_force,97915,96420,-248,1247
LAUCN260930000000006,2015,M10,98162,"",26,093,06,Livingston,2015-10-01,labor_force,97667,96626,495,1536
LAUCN260930000000006,2015,M11,97877,"",26,093,06,Livingston,2015-11-01,labor_force,98162,95472,-285,2405
LAUCN260930000000006,2015,M12,97831,"",26,093,06,Livingston,2015-12-01,labor_force,97877,95378,-46,2453
LAUCN260930000000006,2016,M01,94273,T,26,093,06,Livingston,2016-01-01,labor_force,97831,95688,-3558,-1415
LAUCN260930000000006,2016,M02,94450,T,26,093,06,Livingston,2016-02-01,labor_force,94273,94643,177,-193
LAUCN260930000000006,2016,M03,95876,T,26,093,06,Livingston,2016-03-01,labor_force,94450,95323,1426,553
LAUCN260930000000006,2016,M04,94796,T,26,093,06,Livingston,2016-04-01,labor_force,95876,94938,-1080,-142
LAUCN260930000000006,2016,M05,95903,T,26,093,06,Livingston,2016-05-01,labor_force,94796,96825,1107,-922
LAUCN260930000000006,2016,M06,96842,T,26,093,06,Livingston,2016-06-01,labor_force,95903,97451,939,-609
LAUCN260930000000006,2016,M07,98138,T,26,093,06,Livingston,2016-07-01,labor_force,96842,98215,1296,-77
LAUCN260930000000006,2016,M08,98044,T,26,093,06,Livingston,2016-08-01,labor_force,98138,97915,-94,129
LAUCN260930000000006,2016,M09,98017,T,26,093,06,Livingston,2016-09-01,labor_force,98044,97667,-27,350
LAUCN260930000000006,2016,M10,97712,T,26,093,06,Livingston,2016-10-01,labor_force,98017,98162,-305,-450
LAUCN260930000000006,2016,M11,97351,T,26,093,06,Livingston,2016-11-01,labor_force,97712,97877,-361,-526
LAUCN260930000000006,2016,M12,97261,T,26,093,06,Livingston,2016-12-01,labor_force,97351,97831,-90,-570
LAUCN260930000000006,2017,M01,97825,T,26,093,06,Livingston,2017-01-01,labor_force,97261,94273,564,3552
LAUCN260930000000006,2017,M02,97734,T,26,093,06,Livingston,2017-02-01,labor_force,97825,94450,-91,3284
LAUCN260930000000006,2017,M03,98196,T,26,093,06,Livingston,2017-03-01,labor_force,97734,95876,462,2320
LAUCN260930000000006,2017,M04,97411,T,26,093,06,Livingston,2017-04-01,labor_force,98196,94796,-785,2615
LAUCN260930000000006,2017,M05,97930,T,26,093,06,Livingston,2017-05-01,labor_force,97411,95903,519,2027
LAUCN260930000000006,2017,M06,98810,T,26,093,06,Livingston,2017-06-01,labor_force,97930,96842,880,1968
LAUCN260930000000006,2017,M07,100197,T,26,093,06,Livingston,2017-07-01,labor_force,98810,98138,1387,2059
LAUCN260930000000006,2017,M08,100272,T,26,093,06,Livingston,2017-08-01,labor_force,100197,98044,75,2228
LAUCN260930000000006,2017,M09,100409,T,26,093,06,Livingston,2017-09-01,labor_force,100272,98017,137,2392
LAUCN260930000000006,2017,M10,99518,T,26,093,06,Livingston,2017-10-01,labor_force,100409,97712,-891,1806
LAUCN260930000000006,2017,M11,99302,T,26,093,06,Livingston,2017-11-01,labor_force,99518,97351,-216,1951
LAUCN260930000000006,2017,M12,99114,T,26,093,06,Livingston,2017-12-01,labor_force,99302,97261,-188,1853
LAUCN260930000000006,2018,M01,99110,T,26,093,06,Livingston,2018-01-01,labor_force,99114,97825,-4,1285
LAUCN260930000000006,2018,M02,99495,T,26,093,06,Livingston,2018-02-01,labor_force,99110,97734,385,1761
LAUCN260930000000006,2018,M03,100134,T,26,093,06,Livingston,2018-03-01,labor_force,99495,98196,639,1938
LAUCN260930000000006,2018,M04,99247,T,26,093,06,Livingston,2018-04-01,labor_force,100134,97411,-887,1836
LAUCN260930000000006,2018,M05,99846,T,26,093,06,Livingston,2018-05-01,labor_force,99247,97930,599,1916
LAUCN260930000000006,2018,M06,100629,T,26,093,06,Livingston,2018-06-01,labor_force,99846,98810,783,1819
LAUCN260930000000006,2018,M07,101450,T,26,093,06,Livingston,2018-07-01,labor_force,100629,100197,821,1253
LAUCN260930000000006,2018,M08,100836,T,26,093,06,Livingston,2018-08-01,labor_force,101450,100272,-614,564
LAUCN260930000000006,2018,M09,101345,T,26,093,06,Livingston,2018-09-01,labor_force,100836,100409,509,936
LAUCN260930000000006,2018,M10,101606,T,26,093,06,Livingston,2018-10-01,labor_force,101345,99518,261,2088
LAUCN260930000000006,2018,M11,100923,T,26,093,06,Livingston,2018-11-01,labor_force,101606,99302,-683,1621
LAUCN260930000000006,2018,M12,101426,T,26,093,06,Livingston,2018-12-01,labor_force,100923,99114,503,2312
LAUCN260930000000006,2019,M01,100929,T,26,093,06,Livingston,2019-01-01,labor_force,101426,99110,-497,1819
LAUCN260930000000006,2019,M02,101276,T,26,093,06,Livingston,2019-02-01,labor_force,100929,99495,347,1781
LAUCN260930000000006,2019,M03,102050,T,26,093,06,Livingston,2019-03-01,labor_force,101276,100134,774,1916
LAUCN260930000000006,2019,M04,100598,T,26,093,06,Livingston,2019-04-01,labor_force,102050,99247,-1452,1351
LAUCN260930000000006,2019,M05,100881,T,26,093,06,Livingston,2019-05-01,labor_force,100598,99846,283,1035
LAUCN260930000000006,2019,M06,101898,T,26,093,06,Livingston,2019-06-01,labor_force,100881,100629,1017,1269
LAUCN260930000000006,2019,M07,103436,T,26,093,06,Livingston,2019-07-01,labor_force,101898,101450,1538,1986
LAUCN260930000000006,2019,M08,103125,T,26,093,06,Livingston,2019-08-01,labor_force,103436,100836,-311,2289
LAUCN260930000000006,2019,M09,102996,T,26,093,06,Livingston,2019-09-01,labor_force,103125,101345,-129,1651
LAUCN260930000000006,2019,M10,102541,T,26,093,06,Livingston,2019-10-01,labor_force,102996,101606,-455,935
LAUCN260930000000006,2019,M11,101656,T,26,093,06,Livingston,2019-11-01,labor_force,102541,100923,-885,733
LAUCN260930000000006,2019,M12,101638,T,26,093,06,Livingston,2019-12-01,labor_force,101656,101426,-18,212
LAUCN260930000000006,2020,M01,100618,T,26,093,06,Livingston,2020-01-01,labor_force,101638,100929,-1020,-311
LAUCN260930000000006,2020,M02,100270,T,26,093,06,Livingston,2020-02-01,labor_force,100618,101276,-348,-1006
LAUCN260930000000006,2020,M03,99927,T,26,093,06,Livingston,2020-03-01,labor_force,100270,102050,-343,-2123
LAUCN260930000000006,2020,M04,87106,T,26,093,06,Livingston,2020-04-01,labor_force,99927,100598,-12821,-13492
LAUCN260930000000006,2020,M05,97170,T,26,093,06,Livingston,2020-05-01,labor_force,87106,100881,10064,-3711
LAUCN260930000000006,2020,M06,96524,T,26,093,06,Livingston,2020-06-01,labor_force,97170,101898,-646,-5374
LAUCN260930000000006,2020,M07,97438,T,26,093,06,Livingston,2020-07-01,labor_force,96524,103436,914,-5998
LAUCN260930000000006,2020,M08,97310,T,26,093,06,Livingston,2020-08-01,labor_force,97438,103125,-128,-5815
LAUCN260930000000006,2020,M09,97083,T,26,093,06,Livingston,2020-09-01,labor_force,97310,102996,-227,-5913
LAUCN260930000000006,2020,M10,97528,T,26,093,06,Livingston,2020-10-01,labor_force,97083,102541,445,-5013
LAUCN260930000000006,2020,M11,96813,T,26,093,06,Livingston,2020-11-01,labor_force,97528,101656,-715,-4843
LAUCN260930000000006,2020,M12,94968,T,26,093,06,Livingston,2020-12-01,labor_force,96813,101638,-1845,-6670
LAUCN260930000000006,2021,M01,96747,T,26,093,06,Livingston,2021-01-01,labor_force,94968,100618,1779,-3871
LAUCN260930000000006,2021,M02,96394,T,26,093,06,Livingston,2021-02-01,labor_force,96747,100270,-353,-3876
LAUCN260930000000006,2021,M03,97863,T,26,093,06,Livingston,2021-03-01,labor_force,96394,99927,1469,-2064
LAUCN260930000000006,2021,M04,96693,T,26,093,06,Livingston,2021-04-01,labor_force,97863,87106,-1170,9587
LAUCN260930000000006,2021,M05,97052,T,26,093,06,Livingston,2021-05-01,labor_force,96693,97170,359,-118
LAUCN260930000000006,2021,M06,98439,T,26,093,06,Livingston,2021-06-01,labor_force,97052,96524,1387,1915
LAUCN260930000000006,2021,M07,99628,T,26,093,06,Livingston,2021-07-01,labor_force,98439,97438,1189,2190
LAUCN260930000000006,2021,M08,99866,T,26,093,06,Livingston,2021-08-01,labor_force,99628,97310,238,2556
LAUCN260930000000006,2021,M09,99820,T,26,093,06,Livingston,2021-09-01,labor_force,99866,97083,-46,2737
LAUCN260930000000006,2021,M10,99704,T,26,093,06,Livingston,2021-10-01,labor_force,99820,97528,-116,2176
LAUCN260930000000006,2021,M11,99750,T,26,093,06,Livingston,2021-11-01,labor_force,99704,96813,46,2937
LAUCN260930000000006,2021,M12,99743,T,26,093,06,Livingston,2021-12-01,labor_force,99750,94968,-7,4775
LAUCN260930000000006,2022,M01,99778,T,26,093,06,Livingston,2022-01-01,labor_force,99743,96747,35,3031
LAUCN260930000000006,2022,M02,99661,T,26,093,06,Livingston,2022-02-01,labor_force,99778,96394,-117,3267
LAUCN260930000000006,2022,M03,100349,T,26,093,06,Livingston,2022-03-01,labor_force,99661,97863,688,2486
LAUCN260930000000006,2022,M04,98857,T,26,093,06,Livingston,2022-04-01,labor_force,100349,96693,-1492,2164
LAUCN260930000000006,2022,M05,99426,T,26,093,06,Livingston,2022-05-01,labor_force,98857,97052,569,2374
LAUCN260930000000006,2022,M06,100264,T,26,093,06,Livingston,2022-06-01,labor_force,99426,98439,838,1825
LAUCN260930000000006,2022,M07,100860,T,26,093,06,Livingston,2022-07-01,labor_force,100264,99628,596,1232
LAUCN260930000000006,2022,M08,100983,T,26,093,06,Livingston,2022-08-01,labor_force,100860,99866,123,1117
LAUCN260930000000006,2022,M09,100440,T,26,093,06,Livingston,2022-09-01,labor_force,100983,99820,-543,620
LAUCN260930000000006,2022,M10,100771,T,26,093,06,Livingston,2022-10-01,labor_force,100440,99704,331,1067
LAUCN260930000000006,2022,M11,100283,T,26,093,06,Livingston,2022-11-01,labor_force,100771,99750,-488,533
LAUCN260930000000006,2022,M12,101020,T,26,093,06,Livingston,2022-12-01,labor_force,100283,99743,737,1277
LAUCN260930000000006,2023,M01,100427,T,26,093,06,Livingston,2023-01-01,labor_force,101020,99778,-593,649
LAUCN260930000000006,2023,M02,100227,T,26,093,06,Livingston,2023-02-01,labor_force,100427,99661,-200,566
LAUCN260930000000006,2023,M03,101628,T,26,093,06,Livingston,2023-03-01,labor_force,100227,100349,1401,1279
LAUCN260930000000006,2023,M04,100605,T,26,093,06,Livingston,2023-04-01,labor_force,101628,98857,-1023,1748
LAUCN260930000000006,2023,M05,101624,T,26,093,06,Livingston,2023-05-01,labor_force,100605,99426,1019,2198
LAUCN260930000000006,2023,M06,102803,T,26,093,06,Livingston,2023-06-01,labor_force,101624,100264,1179,2539
LAUCN260930000000006,2023,M07,104031,T,26,093,06,Livingston,2023-07-01,labor_force,102803,100860,1228,3171
LAUCN260930000000006,2023,M08,104230,T,26,093,06,Livingston,2023-08-01,labor_force,104031,100983,199,3247
LAUCN260930000000006,2023,M09,104213,T,26,093,06,Livingston,2023-09-01,labor_force,104230,100440,-17,3773
LAUCN260930000000006,2023,M10,103354,T,26,093,06,Livingston,2023-10-01,labor_force,104213,100771,-859,2583
LAUCN260930000000006,2023,M11,103154,T,26,093,06,Livingston,2023-11-01,labor_force,103354,100283,-200,2871
LAUCN260930000000006,2023,M12,102735,T,26,093,06,Livingston,2023-12-01,labor_force,103154,101020,-419,1715
LAUCN260930000000006,2024,M01,101363,T,26,093,06,Livingston,2024-01-01,labor_force,102735,100427,-1372,936
LAUCN260930000000006,2024,M02,100863,T,26,093,06,Livingston,2024-02-01,labor_force,101363,100227,-500,636
LAUCN260930000000006,2024,M03,101838,T,26,093,06,Livingston,2024-03-01,labor_force,100863,101628,975,210
LAUCN260930000000006,2024,M04,100866,T,26,093,06,Livingston,2024-04-01,labor_force,101838,100605,-972,261
LAUCN260930000000006,2024,M05,101059,T,26,093,06,Livingston,2024-05-01,labor_force,100866,101624,193,-565
LAUCN260930000000006,2024,M06,101839,T,26,093,06,Livingston,2024-06-01,labor_force,101059,102803,780,-964
LAUCN260930000000006,2024,M07,102509,T,26,093,06,Livingston,2024-07-01,labor_force,101839,104031,670,-1522
LAUCN260930000000006,2024,M08,102326,T,26,093,06,Livingston,2024-08-01,labor_force,102509,104230,-183,-1904
LAUCN260930000000006,2024,M09,102392,T,26,093,06,Livingston,2024-09-01,labor_force,102326,104213,66,-1821
LAUCN260930000000006,2024,M10,101477,T,26,093,06,Livingston,2024-10-01,labor_force,102392,103354,-915,-1877
LAUCN260930000000006,2024,M11,100945,T,26,093,06,Livingston,2024-11-01,labor_force,101477,103154,-532,-2209
LAUCN260930000000006,2024,M12,101023,T,26,093,06,Livingston,2024-12-01,labor_force,100945,102735,78,-1712
LAUCN260930000000006,2025,M01,100559,T,26,093,06,Livingston,2025-01-01,labor_force,101023,101363,-464,-804
LAUCN260930000000006,2025,M02,100206,T,26,093,06,Livingston,2025-02-01,labor_force,100559,100863,-353,-657
LAUCN260930000000006,2025,M03,101052,T,26,093,06,Livingston,2025-03-01,labor_force,100206,101838,846,-786
LAUCN260930000000006,2025,M04,100129,T,26,093,06,Livingston,2025-04-01,labor_force,101052,100866,-923,-737
LAUCN260930000000006,2025,M05,100211,T,26,093,06,Livingston,2025-05-01,labor_force,100129,101059,82,-848
LAUCN260930000000006,2025,M06,101348,T,26,093,06,Livingston,2025-06-01,labor_force,100211,101839,1137,-491
LAUCN260930000000006,2025,M07,101930,T,26,093,06,Livingston,2025-07-01,labor_force,101348,102509,582,-579
LAUCN260930000000006,2025,M08,100887,T,26,093,06,Livingston,2025-08-01,labor_force,101930,102326,-1043,-1439
LAUCN260930000000006,2025,M09,100669,T,26,093,06,Livingston,2025-09-01,labor_force,100887,102392,-218,-1723
LAUCN260930000000006,2025,M11,101814,T,26,093,06,Livingston,2025-11-01,labor_force,100669,101477,1145,337
LAUCN260930000000006,2025,M12,101547,T,26,093,06,Livingston,2025-12-01,labor_force,101814,100945,-267,602
LAUCN260930000000006,2026,M01,100911,"",26,093,06,Livingston,2026-01-01,labor_force,101547,101023,-636,-112
LAUCN260930000000006,2026,M02,100450,"",26,093,06,Livingston,2026-02-01,labor_force,100911,100559,-461,-109
LAUCN260930000000006,2026,M03,101283,"",26,093,06,Livingston,2026-03-01,labor_force,100450,100206,833,1077
LAUCN260930000000006,2026,M04,101316,P,26,093,06,Livingston,2026-04-01,labor_force,101283,101052,33,264
LAUCN260930000000004,1990,M01,3548,"",26,093,04,Livingston,1990-01-01,unemployed_count,,,,
LAUCN260930000000004,1990,M02,3580,"",26,093,04,Livingston,1990-02-01,unemployed_count,3548,,32,
LAUCN260930000000004,1990,M03,3688,"",26,093,04,Livingston,1990-03-01,unemployed_count,3580,,108,
LAUCN260930000000004,1990,M04,3401,"",26,093,04,Livingston,1990-04-01,unemployed_count,3688,,-287,
LAUCN260930000000004,1990,M05,3162,"",26,093,04,Livingston,1990-05-01,unemployed_count,3401,,-239,
LAUCN260930000000004,1990,M06,3345,"",26,093,04,Livingston,1990-06-01,unemployed_count,3162,,183,
LAUCN260930000000004,1990,M07,3652,"",26,093,04,Livingston,1990-07-01,unemployed_count,3345,,307,
LAUCN260930000000004,1990,M08,3627,"",26,093,04,Livingston,1990-08-01,unemployed_count,3652,,-25,
LAUCN260930000000004,1990,M09,3529,"",26,093,04,Livingston,1990-09-01,unemployed_count,3627,,-98,
LAUCN260930000000004,1990,M10,3617,"",26,093,04,Livingston,1990-10-01,unemployed_count,3529,,88,
LAUCN260930000000004,1990,M11,3254,"",26,093,04,Livingston,1990-11-01,unemployed_count,3617,,-363,
LAUCN260930000000004,1990,M12,4011,"",26,093,04,Livingston,1990-12-01,unemployed_count,3254,,757,
LAUCN260930000000004,1991,M01,4437,"",26,093,04,Livingston,1991-01-01,unemployed_count,4011,3548,426,889
LAUCN260930000000004,1991,M02,4826,"",26,093,04,Livingston,1991-02-01,unemployed_count,4437,3580,389,1246
LAUCN260930000000004,1991,M03,4909,"",26,093,04,Livingston,1991-03-01,unemployed_count,4826,3688,83,1221
LAUCN260930000000004,1991,M04,4347,"",26,093,04,Livingston,1991-04-01,unemployed_count,4909,3401,-562,946
LAUCN260930000000004,1991,M05,4550,"",26,093,04,Livingston,1991-05-01,unemployed_count,4347,3162,203,1388
LAUCN260930000000004,1991,M06,4802,"",26,093,04,Livingston,1991-06-01,unemployed_count,4550,3345,252,1457
LAUCN260930000000004,1991,M07,4528,"",26,093,04,Livingston,1991-07-01,unemployed_count,4802,3652,-274,876
LAUCN260930000000004,1991,M08,4481,"",26,093,04,Livingston,1991-08-01,unemployed_count,4528,3627,-47,854
LAUCN260930000000004,1991,M09,4285,"",26,093,04,Livingston,1991-09-01,unemployed_count,4481,3529,-196,756
LAUCN260930000000004,1991,M10,4528,"",26,093,04,Livingston,1991-10-01,unemployed_count,4285,3617,243,911
LAUCN260930000000004,1991,M11,4855,"",26,093,04,Livingston,1991-11-01,unemployed_count,4528,3254,327,1601
LAUCN260930000000004,1991,M12,4649,"",26,093,04,Livingston,1991-12-01,unemployed_count,4855,4011,-206,638
LAUCN260930000000004,1992,M01,5262,"",26,093,04,Livingston,1992-01-01,unemployed_count,4649,4437,613,825
LAUCN260930000000004,1992,M02,5451,"",26,093,04,Livingston,1992-02-01,unemployed_count,5262,4826,189,625
LAUCN260930000000004,1992,M03,5382,"",26,093,04,Livingston,1992-03-01,unemployed_count,5451,4909,-69,473
LAUCN260930000000004,1992,M04,4582,"",26,093,04,Livingston,1992-04-01,unemployed_count,5382,4347,-800,235
LAUCN260930000000004,1992,M05,4351,"",26,093,04,Livingston,1992-05-01,unemployed_count,4582,4550,-231,-199
LAUCN260930000000004,1992,M06,4393,"",26,093,04,Livingston,1992-06-01,unemployed_count,4351,4802,42,-409
LAUCN260930000000004,1992,M07,3897,"",26,093,04,Livingston,1992-07-01,unemployed_count,4393,4528,-496,-631
LAUCN260930000000004,1992,M08,3905,"",26,093,04,Livingston,1992-08-01,unemployed_count,3897,4481,8,-576
LAUCN260930000000004,1992,M09,3489,"",26,093,04,Livingston,1992-09-01,unemployed_count,3905,4285,-416,-796
LAUCN260930000000004,1992,M10,3174,"",26,093,04,Livingston,1992-10-01,unemployed_count,3489,4528,-315,-1354
LAUCN260930000000004,1992,M11,3043,"",26,093,04,Livingston,1992-11-01,unemployed_count,3174,4855,-131,-1812
LAUCN260930000000004,1992,M12,3205,"",26,093,04,Livingston,1992-12-01,unemployed_count,3043,4649,162,-1444
LAUCN260930000000004,1993,M01,3679,"",26,093,04,Livingston,1993-01-01,unemployed_count,3205,5262,474,-1583
LAUCN260930000000004,1993,M02,3579,"",26,093,04,Livingston,1993-02-01,unemployed_count,3679,5451,-100,-1872
LAUCN260930000000004,1993,M03,3272,"",26,093,04,Livingston,1993-03-01,unemployed_count,3579,5382,-307,-2110
LAUCN260930000000004,1993,M04,2927,"",26,093,04,Livingston,1993-04-01,unemployed_count,3272,4582,-345,-1655
LAUCN260930000000004,1993,M05,2704,"",26,093,04,Livingston,1993-05-01,unemployed_count,2927,4351,-223,-1647
LAUCN260930000000004,1993,M06,2730,"",26,093,04,Livingston,1993-06-01,unemployed_count,2704,4393,26,-1663
LAUCN260930000000004,1993,M07,2798,"",26,093,04,Livingston,1993-07-01,unemployed_count,2730,3897,68,-1099
LAUCN260930000000004,1993,M08,2628,"",26,093,04,Livingston,1993-08-01,unemployed_count,2798,3905,-170,-1277
LAUCN260930000000004,1993,M09,2573,"",26,093,04,Livingston,1993-09-01,unemployed_count,2628,3489,-55,-916
LAUCN260930000000004,1993,M10,2663,"",26,093,04,Livingston,1993-10-01,unemployed_count,2573,3174,90,-511
LAUCN260930000000004,1993,M11,2803,"",26,093,04,Livingston,1993-11-01,unemployed_count,2663,3043,140,-240
LAUCN260930000000004,1993,M12,2908,"",26,093,04,Livingston,1993-12-01,unemployed_count,2803,3205,105,-297
LAUCN260930000000004,1994,M01,4122,"",26,093,04,Livingston,1994-01-01,unemployed_count,2908,3679,1214,443
LAUCN260930000000004,1994,M02,4063,"",26,093,04,Livingston,1994-02-01,unemployed_count,4122,3579,-59,484
LAUCN260930000000004,1994,M03,3724,"",26,093,04,Livingston,1994-03-01,unemployed_count,4063,3272,-339,452
LAUCN260930000000004,1994,M04,2641,"",26,093,04,Livingston,1994-04-01,unemployed_count,3724,2927,-1083,-286
LAUCN260930000000004,1994,M05,2233,"",26,093,04,Livingston,1994-05-01,unemployed_count,2641,2704,-408,-471
LAUCN260930000000004,1994,M06,2402,"",26,093,04,Livingston,1994-06-01,unemployed_count,2233,2730,169,-328
LAUCN260930000000004,1994,M07,2507,"",26,093,04,Livingston,1994-07-01,unemployed_count,2402,2798,105,-291
LAUCN260930000000004,1994,M08,2412,"",26,093,04,Livingston,1994-08-01,unemployed_count,2507,2628,-95,-216
LAUCN260930000000004,1994,M09,2134,"",26,093,04,Livingston,1994-09-01,unemployed_count,2412,2573,-278,-439
LAUCN260930000000004,1994,M10,1924,"",26,093,04,Livingston,1994-10-01,unemployed_count,2134,2663,-210,-739
LAUCN260930000000004,1994,M11,1691,"",26,093,04,Livingston,1994-11-01,unemployed_count,1924,2803,-233,-1112
LAUCN260930000000004,1994,M12,1756,"",26,093,04,Livingston,1994-12-01,unemployed_count,1691,2908,65,-1152
LAUCN260930000000004,1995,M01,2806,"",26,093,04,Livingston,1995-01-01,unemployed_count,1756,4122,1050,-1316
LAUCN260930000000004,1995,M02,2761,"",26,093,04,Livingston,1995-02-01,unemployed_count,2806,4063,-45,-1302
LAUCN260930000000004,1995,M03,2986,"",26,093,04,Livingston,1995-03-01,unemployed_count,2761,3724,225,-738
LAUCN260930000000004,1995,M04,2454,"",26,093,04,Livingston,1995-04-01,unemployed_count,2986,2641,-532,-187
LAUCN260930000000004,1995,M05,2242,"",26,093,04,Livingston,1995-05-01,unemployed_count,2454,2233,-212,9
LAUCN260930000000004,1995,M06,3181,"",26,093,04,Livingston,1995-06-01,unemployed_count,2242,2402,939,779
LAUCN260930000000004,1995,M07,2635,"",26,093,04,Livingston,1995-07-01,unemployed_count,3181,2507,-546,128
LAUCN260930000000004,1995,M08,2252,"",26,093,04,Livingston,1995-08-01,unemployed_count,2635,2412,-383,-160
LAUCN260930000000004,1995,M09,1882,"",26,093,04,Livingston,1995-09-01,unemployed_count,2252,2134,-370,-252
LAUCN260930000000004,1995,M10,1649,"",26,093,04,Livingston,1995-10-01,unemployed_count,1882,1924,-233,-275
LAUCN260930000000004,1995,M11,2386,"",26,093,04,Livingston,1995-11-01,unemployed_count,1649,1691,737,695
LAUCN260930000000004,1995,M12,2154,"",26,093,04,Livingston,1995-12-01,unemployed_count,2386,1756,-232,398
LAUCN260930000000004,1996,M01,2868,"",26,093,04,Livingston,1996-01-01,unemployed_count,2154,2806,714,62
LAUCN260930000000004,1996,M02,3228,"",26,093,04,Livingston,1996-02-01,unemployed_count,2868,2761,360,467
LAUCN260930000000004,1996,M03,2873,"",26,093,04,Livingston,1996-03-01,unemployed_count,3228,2986,-355,-113
LAUCN260930000000004,1996,M04,2205,"",26,093,04,Livingston,1996-04-01,unemployed_count,2873,2454,-668,-249
LAUCN260930000000004,1996,M05,1954,"",26,093,04,Livingston,1996-05-01,unemployed_count,2205,2242,-251,-288
LAUCN260930000000004,1996,M06,2116,"",26,093,04,Livingston,1996-06-01,unemployed_count,1954,3181,162,-1065
LAUCN260930000000004,1996,M07,2643,"",26,093,04,Livingston,1996-07-01,unemployed_count,2116,2635,527,8
LAUCN260930000000004,1996,M08,2648,"",26,093,04,Livingston,1996-08-01,unemployed_count,2643,2252,5,396
LAUCN260930000000004,1996,M09,2288,"",26,093,04,Livingston,1996-09-01,unemployed_count,2648,1882,-360,406
LAUCN260930000000004,1996,M10,2282,"",26,093,04,Livingston,1996-10-01,unemployed_count,2288,1649,-6,633
LAUCN260930000000004,1996,M11,2038,"",26,093,04,Livingston,1996-11-01,unemployed_count,2282,2386,-244,-348
LAUCN260930000000004,1996,M12,2167,"",26,093,04,Livingston,1996-12-01,unemployed_count,2038,2154,129,13
LAUCN260930000000004,1997,M01,3542,"",26,093,04,Livingston,1997-01-01,unemployed_count,2167,2868,1375,674
LAUCN260930000000004,1997,M02,3068,"",26,093,04,Livingston,1997-02-01,unemployed_count,3542,3228,-474,-160
LAUCN260930000000004,1997,M03,3031,"",26,093,04,Livingston,1997-03-01,unemployed_count,3068,2873,-37,158
LAUCN260930000000004,1997,M04,2255,"",26,093,04,Livingston,1997-04-01,unemployed_count,3031,2205,-776,50
LAUCN260930000000004,1997,M05,1481,"",26,093,04,Livingston,1997-05-01,unemployed_count,2255,1954,-774,-473
LAUCN260930000000004,1997,M06,1698,"",26,093,04,Livingston,1997-06-01,unemployed_count,1481,2116,217,-418
LAUCN260930000000004,1997,M07,2093,"",26,093,04,Livingston,1997-07-01,unemployed_count,1698,2643,395,-550
LAUCN260930000000004,1997,M08,2084,"",26,093,04,Livingston,1997-08-01,unemployed_count,2093,2648,-9,-564
LAUCN260930000000004,1997,M09,1828,"",26,093,04,Livingston,1997-09-01,unemployed_count,2084,2288,-256,-460
LAUCN260930000000004,1997,M10,1682,"",26,093,04,Livingston,1997-10-01,unemployed_count,1828,2282,-146,-600
LAUCN260930000000004,1997,M11,1653,"",26,093,04,Livingston,1997-11-01,unemployed_count,1682,2038,-29,-385
LAUCN260930000000004,1997,M12,1780,"",26,093,04,Livingston,1997-12-01,unemployed_count,1653,2167,127,-387
LAUCN260930000000004,1998,M01,2544,"",26,093,04,Livingston,1998-01-01,unemployed_count,1780,3542,764,-998
LAUCN260930000000004,1998,M02,2366,"",26,093,04,Livingston,1998-02-01,unemployed_count,2544,3068,-178,-702
LAUCN260930000000004,1998,M03,2460,"",26,093,04,Livingston,1998-03-01,unemployed_count,2366,3031,94,-571
LAUCN260930000000004,1998,M04,1587,"",26,093,04,Livingston,1998-04-01,unemployed_count,2460,2255,-873,-668
LAUCN260930000000004,1998,M05,1568,"",26,093,04,Livingston,1998-05-01,unemployed_count,1587,1481,-19,87
LAUCN260930000000004,1998,M06,1622,"",26,093,04,Livingston,1998-06-01,unemployed_count,1568,1698,54,-76
LAUCN260930000000004,1998,M07,3240,"",26,093,04,Livingston,1998-07-01,unemployed_count,1622,2093,1618,1147
LAUCN260930000000004,1998,M08,1888,"",26,093,04,Livingston,1998-08-01,unemployed_count,3240,2084,-1352,-196
LAUCN260930000000004,1998,M09,1744,"",26,093,04,Livingston,1998-09-01,unemployed_count,1888,1828,-144,-84
LAUCN260930000000004,1998,M10,1757,"",26,093,04,Livingston,1998-10-01,unemployed_count,1744,1682,13,75
LAUCN260930000000004,1998,M11,1696,"",26,093,04,Livingston,1998-11-01,unemployed_count,1757,1653,-61,43
LAUCN260930000000004,1998,M12,2077,"",26,093,04,Livingston,1998-12-01,unemployed_count,1696,1780,381,297
LAUCN260930000000004,1999,M01,3075,"",26,093,04,Livingston,1999-01-01,unemployed_count,2077,2544,998,531
LAUCN260930000000004,1999,M02,3040,"",26,093,04,Livingston,1999-02-01,unemployed_count,3075,2366,-35,674
LAUCN260930000000004,1999,M03,2685,"",26,093,04,Livingston,1999-03-01,unemployed_count,3040,2460,-355,225
LAUCN260930000000004,1999,M04,1698,"",26,093,04,Livingston,1999-04-01,unemployed_count,2685,1587,-987,111
LAUCN260930000000004,1999,M05,1419,"",26,093,04,Livingston,1999-05-01,unemployed_count,1698,1568,-279,-149
LAUCN260930000000004,1999,M06,1564,"",26,093,04,Livingston,1999-06-01,unemployed_count,1419,1622,145,-58
LAUCN260930000000004,1999,M07,1799,"",26,093,04,Livingston,1999-07-01,unemployed_count,1564,3240,235,-1441
LAUCN260930000000004,1999,M08,1559,"",26,093,04,Livingston,1999-08-01,unemployed_count,1799,1888,-240,-329
LAUCN260930000000004,1999,M09,1610,"",26,093,04,Livingston,1999-09-01,unemployed_count,1559,1744,51,-134
LAUCN260930000000004,1999,M10,1802,"",26,093,04,Livingston,1999-10-01,unemployed_count,1610,1757,192,45
LAUCN260930000000004,1999,M11,1725,"",26,093,04,Livingston,1999-11-01,unemployed_count,1802,1696,-77,29
LAUCN260930000000004,1999,M12,1715,"",26,093,04,Livingston,1999-12-01,unemployed_count,1725,2077,-10,-362
LAUCN260930000000004,2000,M01,2560,"",26,093,04,Livingston,2000-01-01,unemployed_count,1715,3075,845,-515
LAUCN260930000000004,2000,M02,2215,"",26,093,04,Livingston,2000-02-01,unemployed_count,2560,3040,-345,-825
LAUCN260930000000004,2000,M03,2454,"",26,093,04,Livingston,2000-03-01,unemployed_count,2215,2685,239,-231
LAUCN260930000000004,2000,M04,1745,"",26,093,04,Livingston,2000-04-01,unemployed_count,2454,1698,-709,47
LAUCN260930000000004,2000,M05,2028,"",26,093,04,Livingston,2000-05-01,unemployed_count,1745,1419,283,609
LAUCN260930000000004,2000,M06,2366,"",26,093,04,Livingston,2000-06-01,unemployed_count,2028,1564,338,802
LAUCN260930000000004,2000,M07,2417,"",26,093,04,Livingston,2000-07-01,unemployed_count,2366,1799,51,618
LAUCN260930000000004,2000,M08,2251,"",26,093,04,Livingston,2000-08-01,unemployed_count,2417,1559,-166,692
LAUCN260930000000004,2000,M09,2098,"",26,093,04,Livingston,2000-09-01,unemployed_count,2251,1610,-153,488
LAUCN260930000000004,2000,M10,2062,"",26,093,04,Livingston,2000-10-01,unemployed_count,2098,1802,-36,260
LAUCN260930000000004,2000,M11,1968,"",26,093,04,Livingston,2000-11-01,unemployed_count,2062,1725,-94,243
LAUCN260930000000004,2000,M12,2069,"",26,093,04,Livingston,2000-12-01,unemployed_count,1968,1715,101,354
LAUCN260930000000004,2001,M01,2914,"",26,093,04,Livingston,2001-01-01,unemployed_count,2069,2560,845,354
LAUCN260930000000004,2001,M02,3048,"",26,093,04,Livingston,2001-02-01,unemployed_count,2914,2215,134,833
LAUCN260930000000004,2001,M03,3137,"",26,093,04,Livingston,2001-03-01,unemployed_count,3048,2454,89,683
LAUCN260930000000004,2001,M04,2474,"",26,093,04,Livingston,2001-04-01,unemployed_count,3137,1745,-663,729
LAUCN260930000000004,2001,M05,2757,"",26,093,04,Livingston,2001-05-01,unemployed_count,2474,2028,283,729
LAUCN260930000000004,2001,M06,2929,"",26,093,04,Livingston,2001-06-01,unemployed_count,2757,2366,172,563
LAUCN260930000000004,2001,M07,2986,"",26,093,04,Livingston,2001-07-01,unemployed_count,2929,2417,57,569
LAUCN260930000000004,2001,M08,3324,"",26,093,04,Livingston,2001-08-01,unemployed_count,2986,2251,338,1073
LAUCN260930000000004,2001,M09,3246,"",26,093,04,Livingston,2001-09-01,unemployed_count,3324,2098,-78,1148
LAUCN260930000000004,2001,M10,3483,"",26,093,04,Livingston,2001-10-01,unemployed_count,3246,2062,237,1421
LAUCN260930000000004,2001,M11,3585,"",26,093,04,Livingston,2001-11-01,unemployed_count,3483,1968,102,1617
LAUCN260930000000004,2001,M12,3840,"",26,093,04,Livingston,2001-12-01,unemployed_count,3585,2069,255,1771
LAUCN260930000000004,2002,M01,4660,"",26,093,04,Livingston,2002-01-01,unemployed_count,3840,2914,820,1746
LAUCN260930000000004,2002,M02,4248,"",26,093,04,Livingston,2002-02-01,unemployed_count,4660,3048,-412,1200
LAUCN260930000000004,2002,M03,4478,"",26,093,04,Livingston,2002-03-01,unemployed_count,4248,3137,230,1341
LAUCN260930000000004,2002,M04,3896,"",26,093,04,Livingston,2002-04-01,unemployed_count,4478,2474,-582,1422
LAUCN260930000000004,2002,M05,3929,"",26,093,04,Livingston,2002-05-01,unemployed_count,3896,2757,33,1172
LAUCN260930000000004,2002,M06,4425,"",26,093,04,Livingston,2002-06-01,unemployed_count,3929,2929,496,1496
LAUCN260930000000004,2002,M07,4339,"",26,093,04,Livingston,2002-07-01,unemployed_count,4425,2986,-86,1353
LAUCN260930000000004,2002,M08,3585,"",26,093,04,Livingston,2002-08-01,unemployed_count,4339,3324,-754,261
LAUCN260930000000004,2002,M09,3291,"",26,093,04,Livingston,2002-09-01,unemployed_count,3585,3246,-294,45
LAUCN260930000000004,2002,M10,3265,"",26,093,04,Livingston,2002-10-01,unemployed_count,3291,3483,-26,-218
LAUCN260930000000004,2002,M11,3622,"",26,093,04,Livingston,2002-11-01,unemployed_count,3265,3585,357,37
LAUCN260930000000004,2002,M12,3904,"",26,093,04,Livingston,2002-12-01,unemployed_count,3622,3840,282,64
LAUCN260930000000004,2003,M01,5072,"",26,093,04,Livingston,2003-01-01,unemployed_count,3904,4660,1168,412
LAUCN260930000000004,2003,M02,5055,"",26,093,04,Livingston,2003-02-01,unemployed_count,5072,4248,-17,807
LAUCN260930000000004,2003,M03,5187,"",26,093,04,Livingston,2003-03-01,unemployed_count,5055,4478,132,709
LAUCN260930000000004,2003,M04,4305,"",26,093,04,Livingston,2003-04-01,unemployed_count,5187,3896,-882,409
LAUCN260930000000004,2003,M05,4666,"",26,093,04,Livingston,2003-05-01,unemployed_count,4305,3929,361,737
LAUCN260930000000004,2003,M06,5426,"",26,093,04,Livingston,2003-06-01,unemployed_count,4666,4425,760,1001
LAUCN260930000000004,2003,M07,4937,"",26,093,04,Livingston,2003-07-01,unemployed_count,5426,4339,-489,598
LAUCN260930000000004,2003,M08,4559,"",26,093,04,Livingston,2003-08-01,unemployed_count,4937,3585,-378,974
LAUCN260930000000004,2003,M09,4293,"",26,093,04,Livingston,2003-09-01,unemployed_count,4559,3291,-266,1002
LAUCN260930000000004,2003,M10,4169,"",26,093,04,Livingston,2003-10-01,unemployed_count,4293,3265,-124,904
LAUCN260930000000004,2003,M11,3806,"",26,093,04,Livingston,2003-11-01,unemployed_count,4169,3622,-363,184
LAUCN260930000000004,2003,M12,3887,"",26,093,04,Livingston,2003-12-01,unemployed_count,3806,3904,81,-17
LAUCN260930000000004,2004,M01,4557,"",26,093,04,Livingston,2004-01-01,unemployed_count,3887,5072,670,-515
LAUCN260930000000004,2004,M02,4607,"",26,093,04,Livingston,2004-02-01,unemployed_count,4557,5055,50,-448
LAUCN260930000000004,2004,M03,4977,"",26,093,04,Livingston,2004-03-01,unemployed_count,4607,5187,370,-210
LAUCN260930000000004,2004,M04,3939,"",26,093,04,Livingston,2004-04-01,unemployed_count,4977,4305,-1038,-366
LAUCN260930000000004,2004,M05,4265,"",26,093,04,Livingston,2004-05-01,unemployed_count,3939,4666,326,-401
LAUCN260930000000004,2004,M06,4907,"",26,093,04,Livingston,2004-06-01,unemployed_count,4265,5426,642,-519
LAUCN260930000000004,2004,M07,4612,"",26,093,04,Livingston,2004-07-01,unemployed_count,4907,4937,-295,-325
LAUCN260930000000004,2004,M08,4523,"",26,093,04,Livingston,2004-08-01,unemployed_count,4612,4559,-89,-36
LAUCN260930000000004,2004,M09,4659,"",26,093,04,Livingston,2004-09-01,unemployed_count,4523,4293,136,366
LAUCN260930000000004,2004,M10,4592,"",26,093,04,Livingston,2004-10-01,unemployed_count,4659,4169,-67,423
LAUCN260930000000004,2004,M11,4694,"",26,093,04,Livingston,2004-11-01,unemployed_count,4592,3806,102,888
LAUCN260930000000004,2004,M12,5013,"",26,093,04,Livingston,2004-12-01,unemployed_count,4694,3887,319,1126
LAUCN260930000000004,2005,M01,5508,"",26,093,04,Livingston,2005-01-01,unemployed_count,5013,4557,495,951
LAUCN260930000000004,2005,M02,5869,"",26,093,04,Livingston,2005-02-01,unemployed_count,5508,4607,361,1262
LAUCN260930000000004,2005,M03,5416,"",26,093,04,Livingston,2005-03-01,unemployed_count,5869,4977,-453,439
LAUCN260930000000004,2005,M04,5020,"",26,093,04,Livingston,2005-04-01,unemployed_count,5416,3939,-396,1081
LAUCN260930000000004,2005,M05,4813,"",26,093,04,Livingston,2005-05-01,unemployed_count,5020,4265,-207,548
LAUCN260930000000004,2005,M06,5179,"",26,093,04,Livingston,2005-06-01,unemployed_count,4813,4907,366,272
LAUCN260930000000004,2005,M07,4774,"",26,093,04,Livingston,2005-07-01,unemployed_count,5179,4612,-405,162
LAUCN260930000000004,2005,M08,4319,"",26,093,04,Livingston,2005-08-01,unemployed_count,4774,4523,-455,-204
LAUCN260930000000004,2005,M09,4566,"",26,093,04,Livingston,2005-09-01,unemployed_count,4319,4659,247,-93
LAUCN260930000000004,2005,M10,4121,"",26,093,04,Livingston,2005-10-01,unemployed_count,4566,4592,-445,-471
LAUCN260930000000004,2005,M11,4759,"",26,093,04,Livingston,2005-11-01,unemployed_count,4121,4694,638,65
LAUCN260930000000004,2005,M12,4795,"",26,093,04,Livingston,2005-12-01,unemployed_count,4759,5013,36,-218
LAUCN260930000000004,2006,M01,5198,"",26,093,04,Livingston,2006-01-01,unemployed_count,4795,5508,403,-310
LAUCN260930000000004,2006,M02,5201,"",26,093,04,Livingston,2006-02-01,unemployed_count,5198,5869,3,-668
LAUCN260930000000004,2006,M03,5281,"",26,093,04,Livingston,2006-03-01,unemployed_count,5201,5416,80,-135
LAUCN260930000000004,2006,M04,4510,"",26,093,04,Livingston,2006-04-01,unemployed_count,5281,5020,-771,-510
LAUCN260930000000004,2006,M05,4189,"",26,093,04,Livingston,2006-05-01,unemployed_count,4510,4813,-321,-624
LAUCN260930000000004,2006,M06,4837,"",26,093,04,Livingston,2006-06-01,unemployed_count,4189,5179,648,-342
LAUCN260930000000004,2006,M07,4938,"",26,093,04,Livingston,2006-07-01,unemployed_count,4837,4774,101,164
LAUCN260930000000004,2006,M08,4781,"",26,093,04,Livingston,2006-08-01,unemployed_count,4938,4319,-157,462
LAUCN260930000000004,2006,M09,4982,"",26,093,04,Livingston,2006-09-01,unemployed_count,4781,4566,201,416
LAUCN260930000000004,2006,M10,4408,"",26,093,04,Livingston,2006-10-01,unemployed_count,4982,4121,-574,287
LAUCN260930000000004,2006,M11,4582,"",26,093,04,Livingston,2006-11-01,unemployed_count,4408,4759,174,-177
LAUCN260930000000004,2006,M12,5035,"",26,093,04,Livingston,2006-12-01,unemployed_count,4582,4795,453,240
LAUCN260930000000004,2007,M01,5280,"",26,093,04,Livingston,2007-01-01,unemployed_count,5035,5198,245,82
LAUCN260930000000004,2007,M02,5385,"",26,093,04,Livingston,2007-02-01,unemployed_count,5280,5201,105,184
LAUCN260930000000004,2007,M03,5235,"",26,093,04,Livingston,2007-03-01,unemployed_count,5385,5281,-150,-46
LAUCN260930000000004,2007,M04,4851,"",26,093,04,Livingston,2007-04-01,unemployed_count,5235,4510,-384,341
LAUCN260930000000004,2007,M05,4762,"",26,093,04,Livingston,2007-05-01,unemployed_count,4851,4189,-89,573
LAUCN260930000000004,2007,M06,5378,"",26,093,04,Livingston,2007-06-01,unemployed_count,4762,4837,616,541
LAUCN260930000000004,2007,M07,5141,"",26,093,04,Livingston,2007-07-01,unemployed_count,5378,4938,-237,203
LAUCN260930000000004,2007,M08,4856,"",26,093,04,Livingston,2007-08-01,unemployed_count,5141,4781,-285,75
LAUCN260930000000004,2007,M09,5175,"",26,093,04,Livingston,2007-09-01,unemployed_count,4856,4982,319,193
LAUCN260930000000004,2007,M10,4603,"",26,093,04,Livingston,2007-10-01,unemployed_count,5175,4408,-572,195
LAUCN260930000000004,2007,M11,4578,"",26,093,04,Livingston,2007-11-01,unemployed_count,4603,4582,-25,-4
LAUCN260930000000004,2007,M12,5195,"",26,093,04,Livingston,2007-12-01,unemployed_count,4578,5035,617,160
LAUCN260930000000004,2008,M01,5416,"",26,093,04,Livingston,2008-01-01,unemployed_count,5195,5280,221,136
LAUCN260930000000004,2008,M02,5611,"",26,093,04,Livingston,2008-02-01,unemployed_count,5416,5385,195,226
LAUCN260930000000004,2008,M03,5676,"",26,093,04,Livingston,2008-03-01,unemployed_count,5611,5235,65,441
LAUCN260930000000004,2008,M04,4527,"",26,093,04,Livingston,2008-04-01,unemployed_count,5676,4851,-1149,-324
LAUCN260930000000004,2008,M05,5789,"",26,093,04,Livingston,2008-05-01,unemployed_count,4527,4762,1262,1027
LAUCN260930000000004,2008,M06,6365,"",26,093,04,Livingston,2008-06-01,unemployed_count,5789,5378,576,987
LAUCN260930000000004,2008,M07,6176,"",26,093,04,Livingston,2008-07-01,unemployed_count,6365,5141,-189,1035
LAUCN260930000000004,2008,M08,6089,"",26,093,04,Livingston,2008-08-01,unemployed_count,6176,4856,-87,1233
LAUCN260930000000004,2008,M09,6140,"",26,093,04,Livingston,2008-09-01,unemployed_count,6089,5175,51,965
LAUCN260930000000004,2008,M10,6440,"",26,093,04,Livingston,2008-10-01,unemployed_count,6140,4603,300,1837
LAUCN260930000000004,2008,M11,6797,"",26,093,04,Livingston,2008-11-01,unemployed_count,6440,4578,357,2219
LAUCN260930000000004,2008,M12,7474,"",26,093,04,Livingston,2008-12-01,unemployed_count,6797,5195,677,2279
LAUCN260930000000004,2009,M01,8364,"",26,093,04,Livingston,2009-01-01,unemployed_count,7474,5416,890,2948
LAUCN260930000000004,2009,M02,8965,"",26,093,04,Livingston,2009-02-01,unemployed_count,8364,5611,601,3354
LAUCN260930000000004,2009,M03,9768,"",26,093,04,Livingston,2009-03-01,unemployed_count,8965,5676,803,4092
LAUCN260930000000004,2009,M04,9482,"",26,093,04,Livingston,2009-04-01,unemployed_count,9768,4527,-286,4955
LAUCN260930000000004,2009,M05,10251,"",26,093,04,Livingston,2009-05-01,unemployed_count,9482,5789,769,4462
LAUCN260930000000004,2009,M06,11575,"",26,093,04,Livingston,2009-06-01,unemployed_count,10251,6365,1324,5210
LAUCN260930000000004,2009,M07,11310,"",26,093,04,Livingston,2009-07-01,unemployed_count,11575,6176,-265,5134
LAUCN260930000000004,2009,M08,10931,"",26,093,04,Livingston,2009-08-01,unemployed_count,11310,6089,-379,4842
LAUCN260930000000004,2009,M09,10916,"",26,093,04,Livingston,2009-09-01,unemployed_count,10931,6140,-15,4776
LAUCN260930000000004,2009,M10,10837,"",26,093,04,Livingston,2009-10-01,unemployed_count,10916,6440,-79,4397
LAUCN260930000000004,2009,M11,10162,"",26,093,04,Livingston,2009-11-01,unemployed_count,10837,6797,-675,3365
LAUCN260930000000004,2009,M12,10962,"",26,093,04,Livingston,2009-12-01,unemployed_count,10162,7474,800,3488
LAUCN260930000000004,2010,M01,12094,"",26,093,04,Livingston,2010-01-01,unemployed_count,10962,8364,1132,3730
LAUCN260930000000004,2010,M02,12056,"",26,093,04,Livingston,2010-02-01,unemployed_count,12094,8965,-38,3091
LAUCN260930000000004,2010,M03,12093,"",26,093,04,Livingston,2010-03-01,unemployed_count,12056,9768,37,2325
LAUCN260930000000004,2010,M04,10996,"",26,093,04,Livingston,2010-04-01,unemployed_count,12093,9482,-1097,1514
LAUCN260930000000004,2010,M05,10718,"",26,093,04,Livingston,2010-05-01,unemployed_count,10996,10251,-278,467
LAUCN260930000000004,2010,M06,11056,"",26,093,04,Livingston,2010-06-01,unemployed_count,10718,11575,338,-519
LAUCN260930000000004,2010,M07,11437,"",26,093,04,Livingston,2010-07-01,unemployed_count,11056,11310,381,127
LAUCN260930000000004,2010,M08,10414,"",26,093,04,Livingston,2010-08-01,unemployed_count,11437,10931,-1023,-517
LAUCN260930000000004,2010,M09,9859,"",26,093,04,Livingston,2010-09-01,unemployed_count,10414,10916,-555,-1057
LAUCN260930000000004,2010,M10,9369,"",26,093,04,Livingston,2010-10-01,unemployed_count,9859,10837,-490,-1468
LAUCN260930000000004,2010,M11,8724,"",26,093,04,Livingston,2010-11-01,unemployed_count,9369,10162,-645,-1438
LAUCN260930000000004,2010,M12,8331,"",26,093,04,Livingston,2010-12-01,unemployed_count,8724,10962,-393,-2631
LAUCN260930000000004,2011,M01,8955,"",26,093,04,Livingston,2011-01-01,unemployed_count,8331,12094,624,-3139
LAUCN260930000000004,2011,M02,8849,"",26,093,04,Livingston,2011-02-01,unemployed_count,8955,12056,-106,-3207
LAUCN260930000000004,2011,M03,8487,"",26,093,04,Livingston,2011-03-01,unemployed_count,8849,12093,-362,-3606
LAUCN260930000000004,2011,M04,7699,"",26,093,04,Livingston,2011-04-01,unemployed_count,8487,10996,-788,-3297
LAUCN260930000000004,2011,M05,8000,"",26,093,04,Livingston,2011-05-01,unemployed_count,7699,10718,301,-2718
LAUCN260930000000004,2011,M06,8744,"",26,093,04,Livingston,2011-06-01,unemployed_count,8000,11056,744,-2312
LAUCN260930000000004,2011,M07,8977,"",26,093,04,Livingston,2011-07-01,unemployed_count,8744,11437,233,-2460
LAUCN260930000000004,2011,M08,8254,"",26,093,04,Livingston,2011-08-01,unemployed_count,8977,10414,-723,-2160
LAUCN260930000000004,2011,M09,7885,"",26,093,04,Livingston,2011-09-01,unemployed_count,8254,9859,-369,-1974
LAUCN260930000000004,2011,M10,7381,"",26,093,04,Livingston,2011-10-01,unemployed_count,7885,9369,-504,-1988
LAUCN260930000000004,2011,M11,6732,"",26,093,04,Livingston,2011-11-01,unemployed_count,7381,8724,-649,-1992
LAUCN260930000000004,2011,M12,7135,"",26,093,04,Livingston,2011-12-01,unemployed_count,6732,8331,403,-1196
LAUCN260930000000004,2012,M01,7928,"",26,093,04,Livingston,2012-01-01,unemployed_count,7135,8955,793,-1027
LAUCN260930000000004,2012,M02,7740,"",26,093,04,Livingston,2012-02-01,unemployed_count,7928,8849,-188,-1109
LAUCN260930000000004,2012,M03,7483,"",26,093,04,Livingston,2012-03-01,unemployed_count,7740,8487,-257,-1004
LAUCN260930000000004,2012,M04,6663,"",26,093,04,Livingston,2012-04-01,unemployed_count,7483,7699,-820,-1036
LAUCN260930000000004,2012,M05,7274,"",26,093,04,Livingston,2012-05-01,unemployed_count,6663,8000,611,-726
LAUCN260930000000004,2012,M06,7803,"",26,093,04,Livingston,2012-06-01,unemployed_count,7274,8744,529,-941
LAUCN260930000000004,2012,M07,8305,"",26,093,04,Livingston,2012-07-01,unemployed_count,7803,8977,502,-672
LAUCN260930000000004,2012,M08,7558,"",26,093,04,Livingston,2012-08-01,unemployed_count,8305,8254,-747,-696
LAUCN260930000000004,2012,M09,6827,"",26,093,04,Livingston,2012-09-01,unemployed_count,7558,7885,-731,-1058
LAUCN260930000000004,2012,M10,6923,"",26,093,04,Livingston,2012-10-01,unemployed_count,6827,7381,96,-458
LAUCN260930000000004,2012,M11,6466,"",26,093,04,Livingston,2012-11-01,unemployed_count,6923,6732,-457,-266
LAUCN260930000000004,2012,M12,7146,"",26,093,04,Livingston,2012-12-01,unemployed_count,6466,7135,680,11
LAUCN260930000000004,2013,M01,7855,"",26,093,04,Livingston,2013-01-01,unemployed_count,7146,7928,709,-73
LAUCN260930000000004,2013,M02,7431,"",26,093,04,Livingston,2013-02-01,unemployed_count,7855,7740,-424,-309
LAUCN260930000000004,2013,M03,7208,"",26,093,04,Livingston,2013-03-01,unemployed_count,7431,7483,-223,-275
LAUCN260930000000004,2013,M04,6557,"",26,093,04,Livingston,2013-04-01,unemployed_count,7208,6663,-651,-106
LAUCN260930000000004,2013,M05,6986,"",26,093,04,Livingston,2013-05-01,unemployed_count,6557,7274,429,-288
LAUCN260930000000004,2013,M06,7796,"",26,093,04,Livingston,2013-06-01,unemployed_count,6986,7803,810,-7
LAUCN260930000000004,2013,M07,7506,"",26,093,04,Livingston,2013-07-01,unemployed_count,7796,8305,-290,-799
LAUCN260930000000004,2013,M08,7106,"",26,093,04,Livingston,2013-08-01,unemployed_count,7506,7558,-400,-452
LAUCN260930000000004,2013,M09,6748,"",26,093,04,Livingston,2013-09-01,unemployed_count,7106,6827,-358,-79
LAUCN260930000000004,2013,M10,6827,"",26,093,04,Livingston,2013-10-01,unemployed_count,6748,6923,79,-96
LAUCN260930000000004,2013,M11,6236,"",26,093,04,Livingston,2013-11-01,unemployed_count,6827,6466,-591,-230
LAUCN260930000000004,2013,M12,6232,"",26,093,04,Livingston,2013-12-01,unemployed_count,6236,7146,-4,-914
LAUCN260930000000004,2014,M01,6766,"",26,093,04,Livingston,2014-01-01,unemployed_count,6232,7855,534,-1089
LAUCN260930000000004,2014,M02,7071,"",26,093,04,Livingston,2014-02-01,unemployed_count,6766,7431,305,-360
LAUCN260930000000004,2014,M03,6851,"",26,093,04,Livingston,2014-03-01,unemployed_count,7071,7208,-220,-357
LAUCN260930000000004,2014,M04,5854,"",26,093,04,Livingston,2014-04-01,unemployed_count,6851,6557,-997,-703
LAUCN260930000000004,2014,M05,6326,"",26,093,04,Livingston,2014-05-01,unemployed_count,5854,6986,472,-660
LAUCN260930000000004,2014,M06,6680,"",26,093,04,Livingston,2014-06-01,unemployed_count,6326,7796,354,-1116
LAUCN260930000000004,2014,M07,6759,"",26,093,04,Livingston,2014-07-01,unemployed_count,6680,7506,79,-747
LAUCN260930000000004,2014,M08,5705,"",26,093,04,Livingston,2014-08-01,unemployed_count,6759,7106,-1054,-1401
LAUCN260930000000004,2014,M09,5628,"",26,093,04,Livingston,2014-09-01,unemployed_count,5705,6748,-77,-1120
LAUCN260930000000004,2014,M10,5503,"",26,093,04,Livingston,2014-10-01,unemployed_count,5628,6827,-125,-1324
LAUCN260930000000004,2014,M11,4919,"",26,093,04,Livingston,2014-11-01,unemployed_count,5503,6236,-584,-1317
LAUCN260930000000004,2014,M12,4665,"",26,093,04,Livingston,2014-12-01,unemployed_count,4919,6232,-254,-1567
LAUCN260930000000004,2015,M01,5449,"",26,093,04,Livingston,2015-01-01,unemployed_count,4665,6766,784,-1317
LAUCN260930000000004,2015,M02,4906,"",26,093,04,Livingston,2015-02-01,unemployed_count,5449,7071,-543,-2165
LAUCN260930000000004,2015,M03,4740,"",26,093,04,Livingston,2015-03-01,unemployed_count,4906,6851,-166,-2111
LAUCN260930000000004,2015,M04,4153,"",26,093,04,Livingston,2015-04-01,unemployed_count,4740,5854,-587,-1701
LAUCN260930000000004,2015,M05,4975,"",26,093,04,Livingston,2015-05-01,unemployed_count,4153,6326,822,-1351
LAUCN260930000000004,2015,M06,4836,"",26,093,04,Livingston,2015-06-01,unemployed_count,4975,6680,-139,-1844
LAUCN260930000000004,2015,M07,4873,"",26,093,04,Livingston,2015-07-01,unemployed_count,4836,6759,37,-1886
LAUCN260930000000004,2015,M08,4320,"",26,093,04,Livingston,2015-08-01,unemployed_count,4873,5705,-553,-1385
LAUCN260930000000004,2015,M09,4054,"",26,093,04,Livingston,2015-09-01,unemployed_count,4320,5628,-266,-1574
LAUCN260930000000004,2015,M10,4162,"",26,093,04,Livingston,2015-10-01,unemployed_count,4054,5503,108,-1341
LAUCN260930000000004,2015,M11,3625,"",26,093,04,Livingston,2015-11-01,unemployed_count,4162,4919,-537,-1294
LAUCN260930000000004,2015,M12,3645,"",26,093,04,Livingston,2015-12-01,unemployed_count,3625,4665,20,-1020
LAUCN260930000000004,2016,M01,4286,T,26,093,04,Livingston,2016-01-01,unemployed_count,3645,5449,641,-1163
LAUCN260930000000004,2016,M02,4253,T,26,093,04,Livingston,2016-02-01,unemployed_count,4286,4906,-33,-653
LAUCN260930000000004,2016,M03,4383,T,26,093,04,Livingston,2016-03-01,unemployed_count,4253,4740,130,-357
LAUCN260930000000004,2016,M04,3609,T,26,093,04,Livingston,2016-04-01,unemployed_count,4383,4153,-774,-544
LAUCN260930000000004,2016,M05,3808,T,26,093,04,Livingston,2016-05-01,unemployed_count,3609,4975,199,-1167
LAUCN260930000000004,2016,M06,4395,T,26,093,04,Livingston,2016-06-01,unemployed_count,3808,4836,587,-441
LAUCN260930000000004,2016,M07,4531,T,26,093,04,Livingston,2016-07-01,unemployed_count,4395,4873,136,-342
LAUCN260930000000004,2016,M08,4330,T,26,093,04,Livingston,2016-08-01,unemployed_count,4531,4320,-201,10
LAUCN260930000000004,2016,M09,4208,T,26,093,04,Livingston,2016-09-01,unemployed_count,4330,4054,-122,154
LAUCN260930000000004,2016,M10,4122,T,26,093,04,Livingston,2016-10-01,unemployed_count,4208,4162,-86,-40
LAUCN260930000000004,2016,M11,3885,T,26,093,04,Livingston,2016-11-01,unemployed_count,4122,3625,-237,260
LAUCN260930000000004,2016,M12,3548,T,26,093,04,Livingston,2016-12-01,unemployed_count,3885,3645,-337,-97
LAUCN260930000000004,2017,M01,4684,T,26,093,04,Livingston,2017-01-01,unemployed_count,3548,4286,1136,398
LAUCN260930000000004,2017,M02,4325,T,26,093,04,Livingston,2017-02-01,unemployed_count,4684,4253,-359,72
LAUCN260930000000004,2017,M03,3576,T,26,093,04,Livingston,2017-03-01,unemployed_count,4325,4383,-749,-807
LAUCN260930000000004,2017,M04,2670,T,26,093,04,Livingston,2017-04-01,unemployed_count,3576,3609,-906,-939
LAUCN260930000000004,2017,M05,2703,T,26,093,04,Livingston,2017-05-01,unemployed_count,2670,3808,33,-1105
LAUCN260930000000004,2017,M06,3051,T,26,093,04,Livingston,2017-06-01,unemployed_count,2703,4395,348,-1344
LAUCN260930000000004,2017,M07,3552,T,26,093,04,Livingston,2017-07-01,unemployed_count,3051,4531,501,-979
LAUCN260930000000004,2017,M08,3596,T,26,093,04,Livingston,2017-08-01,unemployed_count,3552,4330,44,-734
LAUCN260930000000004,2017,M09,3743,T,26,093,04,Livingston,2017-09-01,unemployed_count,3596,4208,147,-465
LAUCN260930000000004,2017,M10,3256,T,26,093,04,Livingston,2017-10-01,unemployed_count,3743,4122,-487,-866
LAUCN260930000000004,2017,M11,3254,T,26,093,04,Livingston,2017-11-01,unemployed_count,3256,3885,-2,-631
LAUCN260930000000004,2017,M12,3459,T,26,093,04,Livingston,2017-12-01,unemployed_count,3254,3548,205,-89
LAUCN260930000000004,2018,M01,4189,T,26,093,04,Livingston,2018-01-01,unemployed_count,3459,4684,730,-495
LAUCN260930000000004,2018,M02,4132,T,26,093,04,Livingston,2018-02-01,unemployed_count,4189,4325,-57,-193
LAUCN260930000000004,2018,M03,3783,T,26,093,04,Livingston,2018-03-01,unemployed_count,4132,3576,-349,207
LAUCN260930000000004,2018,M04,3060,T,26,093,04,Livingston,2018-04-01,unemployed_count,3783,2670,-723,390
LAUCN260930000000004,2018,M05,2951,T,26,093,04,Livingston,2018-05-01,unemployed_count,3060,2703,-109,248
LAUCN260930000000004,2018,M06,3424,T,26,093,04,Livingston,2018-06-01,unemployed_count,2951,3051,473,373
LAUCN260930000000004,2018,M07,3593,T,26,093,04,Livingston,2018-07-01,unemployed_count,3424,3552,169,41
LAUCN260930000000004,2018,M08,3071,T,26,093,04,Livingston,2018-08-01,unemployed_count,3593,3596,-522,-525
LAUCN260930000000004,2018,M09,3271,T,26,093,04,Livingston,2018-09-01,unemployed_count,3071,3743,200,-472
LAUCN260930000000004,2018,M10,3446,T,26,093,04,Livingston,2018-10-01,unemployed_count,3271,3256,175,190
LAUCN260930000000004,2018,M11,3049,T,26,093,04,Livingston,2018-11-01,unemployed_count,3446,3254,-397,-205
LAUCN260930000000004,2018,M12,3449,T,26,093,04,Livingston,2018-12-01,unemployed_count,3049,3459,400,-10
LAUCN260930000000004,2019,M01,3745,T,26,093,04,Livingston,2019-01-01,unemployed_count,3449,4189,296,-444
LAUCN260930000000004,2019,M02,3957,T,26,093,04,Livingston,2019-02-01,unemployed_count,3745,4132,212,-175
LAUCN260930000000004,2019,M03,4163,T,26,093,04,Livingston,2019-03-01,unemployed_count,3957,3783,206,380
LAUCN260930000000004,2019,M04,3164,T,26,093,04,Livingston,2019-04-01,unemployed_count,4163,3060,-999,104
LAUCN260930000000004,2019,M05,3227,T,26,093,04,Livingston,2019-05-01,unemployed_count,3164,2951,63,276
LAUCN260930000000004,2019,M06,3524,T,26,093,04,Livingston,2019-06-01,unemployed_count,3227,3424,297,100
LAUCN260930000000004,2019,M07,3808,T,26,093,04,Livingston,2019-07-01,unemployed_count,3524,3593,284,215
LAUCN260930000000004,2019,M08,3534,T,26,093,04,Livingston,2019-08-01,unemployed_count,3808,3071,-274,463
LAUCN260930000000004,2019,M09,3339,T,26,093,04,Livingston,2019-09-01,unemployed_count,3534,3271,-195,68
LAUCN260930000000004,2019,M10,2920,T,26,093,04,Livingston,2019-10-01,unemployed_count,3339,3446,-419,-526
LAUCN260930000000004,2019,M11,2841,T,26,093,04,Livingston,2019-11-01,unemployed_count,2920,3049,-79,-208
LAUCN260930000000004,2019,M12,3001,T,26,093,04,Livingston,2019-12-01,unemployed_count,2841,3449,160,-448
LAUCN260930000000004,2020,M01,3233,T,26,093,04,Livingston,2020-01-01,unemployed_count,3001,3745,232,-512
LAUCN260930000000004,2020,M02,3076,T,26,093,04,Livingston,2020-02-01,unemployed_count,3233,3957,-157,-881
LAUCN260930000000004,2020,M03,3781,T,26,093,04,Livingston,2020-03-01,unemployed_count,3076,4163,705,-382
LAUCN260930000000004,2020,M04,18624,T,26,093,04,Livingston,2020-04-01,unemployed_count,3781,3164,14843,15460
LAUCN260930000000004,2020,M05,19890,T,26,093,04,Livingston,2020-05-01,unemployed_count,18624,3227,1266,16663
LAUCN260930000000004,2020,M06,13890,T,26,093,04,Livingston,2020-06-01,unemployed_count,19890,3524,-6000,10366
LAUCN260930000000004,2020,M07,11181,T,26,093,04,Livingston,2020-07-01,unemployed_count,13890,3808,-2709,7373
LAUCN260930000000004,2020,M08,7811,T,26,093,04,Livingston,2020-08-01,unemployed_count,11181,3534,-3370,4277
LAUCN260930000000004,2020,M09,7003,T,26,093,04,Livingston,2020-09-01,unemployed_count,7811,3339,-808,3664
LAUCN260930000000004,2020,M10,5503,T,26,093,04,Livingston,2020-10-01,unemployed_count,7003,2920,-1500,2583
LAUCN260930000000004,2020,M11,5221,T,26,093,04,Livingston,2020-11-01,unemployed_count,5503,2841,-282,2380
LAUCN260930000000004,2020,M12,5515,T,26,093,04,Livingston,2020-12-01,unemployed_count,5221,3001,294,2514
LAUCN260930000000004,2021,M01,5238,T,26,093,04,Livingston,2021-01-01,unemployed_count,5515,3233,-277,2005
LAUCN260930000000004,2021,M02,4879,T,26,093,04,Livingston,2021-02-01,unemployed_count,5238,3076,-359,1803
LAUCN260930000000004,2021,M03,4990,T,26,093,04,Livingston,2021-03-01,unemployed_count,4879,3781,111,1209
LAUCN260930000000004,2021,M04,3984,T,26,093,04,Livingston,2021-04-01,unemployed_count,4990,18624,-1006,-14640
LAUCN260930000000004,2021,M05,4123,T,26,093,04,Livingston,2021-05-01,unemployed_count,3984,19890,139,-15767
LAUCN260930000000004,2021,M06,4763,T,26,093,04,Livingston,2021-06-01,unemployed_count,4123,13890,640,-9127
LAUCN260930000000004,2021,M07,4573,T,26,093,04,Livingston,2021-07-01,unemployed_count,4763,11181,-190,-6608
LAUCN260930000000004,2021,M08,4137,T,26,093,04,Livingston,2021-08-01,unemployed_count,4573,7811,-436,-3674
LAUCN260930000000004,2021,M09,3924,T,26,093,04,Livingston,2021-09-01,unemployed_count,4137,7003,-213,-3079
LAUCN260930000000004,2021,M10,3368,T,26,093,04,Livingston,2021-10-01,unemployed_count,3924,5503,-556,-2135
LAUCN260930000000004,2021,M11,3003,T,26,093,04,Livingston,2021-11-01,unemployed_count,3368,5221,-365,-2218
LAUCN260930000000004,2021,M12,3107,T,26,093,04,Livingston,2021-12-01,unemployed_count,3003,5515,104,-2408
LAUCN260930000000004,2022,M01,4010,T,26,093,04,Livingston,2022-01-01,unemployed_count,3107,5238,903,-1228
LAUCN260930000000004,2022,M02,3733,T,26,093,04,Livingston,2022-02-01,unemployed_count,4010,4879,-277,-1146
LAUCN260930000000004,2022,M03,3356,T,26,093,04,Livingston,2022-03-01,unemployed_count,3733,4990,-377,-1634
LAUCN260930000000004,2022,M04,2593,T,26,093,04,Livingston,2022-04-01,unemployed_count,3356,3984,-763,-1391
LAUCN260930000000004,2022,M05,3150,T,26,093,04,Livingston,2022-05-01,unemployed_count,2593,4123,557,-973
LAUCN260930000000004,2022,M06,3143,T,26,093,04,Livingston,2022-06-01,unemployed_count,3150,4763,-7,-1620
LAUCN260930000000004,2022,M07,2783,T,26,093,04,Livingston,2022-07-01,unemployed_count,3143,4573,-360,-1790
LAUCN260930000000004,2022,M08,2767,T,26,093,04,Livingston,2022-08-01,unemployed_count,2783,4137,-16,-1370
LAUCN260930000000004,2022,M09,2619,T,26,093,04,Livingston,2022-09-01,unemployed_count,2767,3924,-148,-1305
LAUCN260930000000004,2022,M10,2690,T,26,093,04,Livingston,2022-10-01,unemployed_count,2619,3368,71,-678
LAUCN260930000000004,2022,M11,2544,T,26,093,04,Livingston,2022-11-01,unemployed_count,2690,3003,-146,-459
LAUCN260930000000004,2022,M12,2635,T,26,093,04,Livingston,2022-12-01,unemployed_count,2544,3107,91,-472
LAUCN260930000000004,2023,M01,3347,T,26,093,04,Livingston,2023-01-01,unemployed_count,2635,4010,712,-663
LAUCN260930000000004,2023,M02,3035,T,26,093,04,Livingston,2023-02-01,unemployed_count,3347,3733,-312,-698
LAUCN260930000000004,2023,M03,2665,T,26,093,04,Livingston,2023-03-01,unemployed_count,3035,3356,-370,-691
LAUCN260930000000004,2023,M04,1843,T,26,093,04,Livingston,2023-04-01,unemployed_count,2665,2593,-822,-750
LAUCN260930000000004,2023,M05,2759,T,26,093,04,Livingston,2023-05-01,unemployed_count,1843,3150,916,-391
LAUCN260930000000004,2023,M06,3070,T,26,093,04,Livingston,2023-06-01,unemployed_count,2759,3143,311,-73
LAUCN260930000000004,2023,M07,3161,T,26,093,04,Livingston,2023-07-01,unemployed_count,3070,2783,91,378
LAUCN260930000000004,2023,M08,3084,T,26,093,04,Livingston,2023-08-01,unemployed_count,3161,2767,-77,317
LAUCN260930000000004,2023,M09,3227,T,26,093,04,Livingston,2023-09-01,unemployed_count,3084,2619,143,608
LAUCN260930000000004,2023,M10,3134,T,26,093,04,Livingston,2023-10-01,unemployed_count,3227,2690,-93,444
LAUCN260930000000004,2023,M11,2684,T,26,093,04,Livingston,2023-11-01,unemployed_count,3134,2544,-450,140
LAUCN260930000000004,2023,M12,2609,T,26,093,04,Livingston,2023-12-01,unemployed_count,2684,2635,-75,-26
LAUCN260930000000004,2024,M01,3108,T,26,093,04,Livingston,2024-01-01,unemployed_count,2609,3347,499,-239
LAUCN260930000000004,2024,M02,3261,T,26,093,04,Livingston,2024-02-01,unemployed_count,3108,3035,153,226
LAUCN260930000000004,2024,M03,3070,T,26,093,04,Livingston,2024-03-01,unemployed_count,3261,2665,-191,405
LAUCN260930000000004,2024,M04,2594,T,26,093,04,Livingston,2024-04-01,unemployed_count,3070,1843,-476,751
LAUCN260930000000004,2024,M05,3182,T,26,093,04,Livingston,2024-05-01,unemployed_count,2594,2759,588,423
LAUCN260930000000004,2024,M06,3801,T,26,093,04,Livingston,2024-06-01,unemployed_count,3182,3070,619,731
LAUCN260930000000004,2024,M07,3951,T,26,093,04,Livingston,2024-07-01,unemployed_count,3801,3161,150,790
LAUCN260930000000004,2024,M08,3313,T,26,093,04,Livingston,2024-08-01,unemployed_count,3951,3084,-638,229
LAUCN260930000000004,2024,M09,3555,T,26,093,04,Livingston,2024-09-01,unemployed_count,3313,3227,242,328
LAUCN260930000000004,2024,M10,3445,T,26,093,04,Livingston,2024-10-01,unemployed_count,3555,3134,-110,311
LAUCN260930000000004,2024,M11,3464,T,26,093,04,Livingston,2024-11-01,unemployed_count,3445,2684,19,780
LAUCN260930000000004,2024,M12,3525,T,26,093,04,Livingston,2024-12-01,unemployed_count,3464,2609,61,916
LAUCN260930000000004,2025,M01,3826,T,26,093,04,Livingston,2025-01-01,unemployed_count,3525,3108,301,718
LAUCN260930000000004,2025,M02,3978,T,26,093,04,Livingston,2025-02-01,unemployed_count,3826,3261,152,717
LAUCN260930000000004,2025,M03,3823,T,26,093,04,Livingston,2025-03-01,unemployed_count,3978,3070,-155,753
LAUCN260930000000004,2025,M04,2916,T,26,093,04,Livingston,2025-04-01,unemployed_count,3823,2594,-907,322
LAUCN260930000000004,2025,M05,3514,T,26,093,04,Livingston,2025-05-01,unemployed_count,2916,3182,598,332
LAUCN260930000000004,2025,M06,3772,T,26,093,04,Livingston,2025-06-01,unemployed_count,3514,3801,258,-29
LAUCN260930000000004,2025,M07,4161,T,26,093,04,Livingston,2025-07-01,unemployed_count,3772,3951,389,210
LAUCN260930000000004,2025,M08,3406,T,26,093,04,Livingston,2025-08-01,unemployed_count,4161,3313,-755,93
LAUCN260930000000004,2025,M09,3566,T,26,093,04,Livingston,2025-09-01,unemployed_count,3406,3555,160,11
LAUCN260930000000004,2025,M11,3913,T,26,093,04,Livingston,2025-11-01,unemployed_count,3566,3445,347,468
LAUCN260930000000004,2025,M12,3619,T,26,093,04,Livingston,2025-12-01,unemployed_count,3913,3464,-294,155
LAUCN260930000000004,2026,M01,4205,"",26,093,04,Livingston,2026-01-01,unemployed_count,3619,3525,586,680
LAUCN260930000000004,2026,M02,4383,"",26,093,04,Livingston,2026-02-01,unemployed_count,4205,3826,178,557
LAUCN260930000000004,2026,M03,3995,"",26,093,04,Livingston,2026-03-01,unemployed_count,4383,3978,-388,17
LAUCN260930000000004,2026,M04,3298,P,26,093,04,Livingston,2026-04-01,unemployed_count,3995,3823,-697,-525
LAUCN260930000000003,1990,M01,5.8,"",26,093,03,Livingston,1990-01-01,unemployment_rate,,,,
LAUCN260930000000003,1990,M02,5.8,"",26,093,03,Livingston,1990-02-01,unemployment_rate,5.8,,0,
LAUCN260930000000003,1990,M03,5.9,"",26,093,03,Livingston,1990-03-01,unemployment_rate,5.8,,0.100000000000001,
LAUCN260930000000003,1990,M04,5.5,"",26,093,03,Livingston,1990-04-01,unemployment_rate,5.9,,-0.4,
LAUCN260930000000003,1990,M05,5.2,"",26,093,03,Livingston,1990-05-01,unemployment_rate,5.5,,-0.3,
LAUCN260930000000003,1990,M06,5.5,"",26,093,03,Livingston,1990-06-01,unemployment_rate,5.2,,0.3,
LAUCN260930000000003,1990,M07,6.1,"",26,093,03,Livingston,1990-07-01,unemployment_rate,5.5,,0.6,
LAUCN260930000000003,1990,M08,6.1,"",26,093,03,Livingston,1990-08-01,unemployment_rate,6.1,,0,
LAUCN260930000000003,1990,M09,5.7,"",26,093,03,Livingston,1990-09-01,unemployment_rate,6.1,,-0.399999999999999,
LAUCN260930000000003,1990,M10,5.8,"",26,093,03,Livingston,1990-10-01,unemployment_rate,5.7,,0.0999999999999996,
LAUCN260930000000003,1990,M11,5.2,"",26,093,03,Livingston,1990-11-01,unemployment_rate,5.8,,-0.6,
LAUCN260930000000003,1990,M12,6.4,"",26,093,03,Livingston,1990-12-01,unemployment_rate,5.2,,1.2,
LAUCN260930000000003,1991,M01,7.1,"",26,093,03,Livingston,1991-01-01,unemployment_rate,6.4,5.8,0.699999999999999,1.3
LAUCN260930000000003,1991,M02,7.5,"",26,093,03,Livingston,1991-02-01,unemployment_rate,7.1,5.8,0.4,1.7
LAUCN260930000000003,1991,M03,7.6,"",26,093,03,Livingston,1991-03-01,unemployment_rate,7.5,5.9,0.0999999999999996,1.7
LAUCN260930000000003,1991,M04,6.9,"",26,093,03,Livingston,1991-04-01,unemployment_rate,7.6,5.5,-0.699999999999999,1.4
LAUCN260930000000003,1991,M05,7.3,"",26,093,03,Livingston,1991-05-01,unemployment_rate,6.9,5.2,0.399999999999999,2.1
LAUCN260930000000003,1991,M06,7.6,"",26,093,03,Livingston,1991-06-01,unemployment_rate,7.3,5.5,0.3,2.1
LAUCN260930000000003,1991,M07,7.3,"",26,093,03,Livingston,1991-07-01,unemployment_rate,7.6,6.1,-0.3,1.2
LAUCN260930000000003,1991,M08,7.2,"",26,093,03,Livingston,1991-08-01,unemployment_rate,7.3,6.1,-0.0999999999999996,1.1
LAUCN260930000000003,1991,M09,6.8,"",26,093,03,Livingston,1991-09-01,unemployment_rate,7.2,5.7,-0.4,1.1
LAUCN260930000000003,1991,M10,7,"",26,093,03,Livingston,1991-10-01,unemployment_rate,6.8,5.8,0.2,1.2
LAUCN260930000000003,1991,M11,7.5,"",26,093,03,Livingston,1991-11-01,unemployment_rate,7,5.2,0.5,2.3
LAUCN260930000000003,1991,M12,7.2,"",26,093,03,Livingston,1991-12-01,unemployment_rate,7.5,6.4,-0.3,0.8
LAUCN260930000000003,1992,M01,7.8,"",26,093,03,Livingston,1992-01-01,unemployment_rate,7.2,7.1,0.6,0.7
LAUCN260930000000003,1992,M02,8,"",26,093,03,Livingston,1992-02-01,unemployment_rate,7.8,7.5,0.2,0.5
LAUCN260930000000003,1992,M03,7.9,"",26,093,03,Livingston,1992-03-01,unemployment_rate,8,7.6,-0.0999999999999996,0.300000000000001
LAUCN260930000000003,1992,M04,6.8,"",26,093,03,Livingston,1992-04-01,unemployment_rate,7.9,6.9,-1.1,-0.100000000000001
LAUCN260930000000003,1992,M05,6.6,"",26,093,03,Livingston,1992-05-01,unemployment_rate,6.8,7.3,-0.2,-0.7
LAUCN260930000000003,1992,M06,6.6,"",26,093,03,Livingston,1992-06-01,unemployment_rate,6.6,7.6,0,-1
LAUCN260930000000003,1992,M07,5.8,"",26,093,03,Livingston,1992-07-01,unemployment_rate,6.6,7.3,-0.8,-1.5
LAUCN260930000000003,1992,M08,5.9,"",26,093,03,Livingston,1992-08-01,unemployment_rate,5.8,7.2,0.100000000000001,-1.3
LAUCN260930000000003,1992,M09,5.3,"",26,093,03,Livingston,1992-09-01,unemployment_rate,5.9,6.8,-0.600000000000001,-1.5
LAUCN260930000000003,1992,M10,4.8,"",26,093,03,Livingston,1992-10-01,unemployment_rate,5.3,7,-0.5,-2.2
LAUCN260930000000003,1992,M11,4.5,"",26,093,03,Livingston,1992-11-01,unemployment_rate,4.8,7.5,-0.3,-3
LAUCN260930000000003,1992,M12,4.7,"",26,093,03,Livingston,1992-12-01,unemployment_rate,4.5,7.2,0.2,-2.5
LAUCN260930000000003,1993,M01,5.5,"",26,093,03,Livingston,1993-01-01,unemployment_rate,4.7,7.8,0.8,-2.3
LAUCN260930000000003,1993,M02,5.3,"",26,093,03,Livingston,1993-02-01,unemployment_rate,5.5,8,-0.2,-2.7
LAUCN260930000000003,1993,M03,4.9,"",26,093,03,Livingston,1993-03-01,unemployment_rate,5.3,7.9,-0.399999999999999,-3
LAUCN260930000000003,1993,M04,4.3,"",26,093,03,Livingston,1993-04-01,unemployment_rate,4.9,6.8,-0.600000000000001,-2.5
LAUCN260930000000003,1993,M05,4.1,"",26,093,03,Livingston,1993-05-01,unemployment_rate,4.3,6.6,-0.2,-2.5
LAUCN260930000000003,1993,M06,4.1,"",26,093,03,Livingston,1993-06-01,unemployment_rate,4.1,6.6,0,-2.5
LAUCN260930000000003,1993,M07,4.2,"",26,093,03,Livingston,1993-07-01,unemployment_rate,4.1,5.8,0.100000000000001,-1.6
LAUCN260930000000003,1993,M08,4,"",26,093,03,Livingston,1993-08-01,unemployment_rate,4.2,5.9,-0.2,-1.9
LAUCN260930000000003,1993,M09,3.9,"",26,093,03,Livingston,1993-09-01,unemployment_rate,4,5.3,-0.1,-1.4
LAUCN260930000000003,1993,M10,3.9,"",26,093,03,Livingston,1993-10-01,unemployment_rate,3.9,4.8,0,-0.9
LAUCN260930000000003,1993,M11,4.1,"",26,093,03,Livingston,1993-11-01,unemployment_rate,3.9,4.5,0.2,-0.4
LAUCN260930000000003,1993,M12,4.3,"",26,093,03,Livingston,1993-12-01,unemployment_rate,4.1,4.7,0.2,-0.4
LAUCN260930000000003,1994,M01,5.9,"",26,093,03,Livingston,1994-01-01,unemployment_rate,4.3,5.5,1.6,0.4
LAUCN260930000000003,1994,M02,5.8,"",26,093,03,Livingston,1994-02-01,unemployment_rate,5.9,5.3,-0.100000000000001,0.5
LAUCN260930000000003,1994,M03,5.4,"",26,093,03,Livingston,1994-03-01,unemployment_rate,5.8,4.9,-0.399999999999999,0.5
LAUCN260930000000003,1994,M04,3.9,"",26,093,03,Livingston,1994-04-01,unemployment_rate,5.4,4.3,-1.5,-0.4
LAUCN260930000000003,1994,M05,3.3,"",26,093,03,Livingston,1994-05-01,unemployment_rate,3.9,4.1,-0.6,-0.8
LAUCN260930000000003,1994,M06,3.5,"",26,093,03,Livingston,1994-06-01,unemployment_rate,3.3,4.1,0.2,-0.6
LAUCN260930000000003,1994,M07,3.7,"",26,093,03,Livingston,1994-07-01,unemployment_rate,3.5,4.2,0.2,-0.5
LAUCN260930000000003,1994,M08,3.5,"",26,093,03,Livingston,1994-08-01,unemployment_rate,3.7,4,-0.2,-0.5
LAUCN260930000000003,1994,M09,3.1,"",26,093,03,Livingston,1994-09-01,unemployment_rate,3.5,3.9,-0.4,-0.8
LAUCN260930000000003,1994,M10,2.8,"",26,093,03,Livingston,1994-10-01,unemployment_rate,3.1,3.9,-0.3,-1.1
LAUCN260930000000003,1994,M11,2.4,"",26,093,03,Livingston,1994-11-01,unemployment_rate,2.8,4.1,-0.4,-1.7
LAUCN260930000000003,1994,M12,2.5,"",26,093,03,Livingston,1994-12-01,unemployment_rate,2.4,4.3,0.1,-1.8
LAUCN260930000000003,1995,M01,4,"",26,093,03,Livingston,1995-01-01,unemployment_rate,2.5,5.9,1.5,-1.9
LAUCN260930000000003,1995,M02,3.9,"",26,093,03,Livingston,1995-02-01,unemployment_rate,4,5.8,-0.1,-1.9
LAUCN260930000000003,1995,M03,4.2,"",26,093,03,Livingston,1995-03-01,unemployment_rate,3.9,5.4,0.3,-1.2
LAUCN260930000000003,1995,M04,3.5,"",26,093,03,Livingston,1995-04-01,unemployment_rate,4.2,3.9,-0.7,-0.4
LAUCN260930000000003,1995,M05,3.3,"",26,093,03,Livingston,1995-05-01,unemployment_rate,3.5,3.3,-0.2,0
LAUCN260930000000003,1995,M06,4.5,"",26,093,03,Livingston,1995-06-01,unemployment_rate,3.3,3.5,1.2,1
LAUCN260930000000003,1995,M07,3.7,"",26,093,03,Livingston,1995-07-01,unemployment_rate,4.5,3.7,-0.8,0
LAUCN260930000000003,1995,M08,3.2,"",26,093,03,Livingston,1995-08-01,unemployment_rate,3.7,3.5,-0.5,-0.3
LAUCN260930000000003,1995,M09,2.7,"",26,093,03,Livingston,1995-09-01,unemployment_rate,3.2,3.1,-0.5,-0.4
LAUCN260930000000003,1995,M10,2.3,"",26,093,03,Livingston,1995-10-01,unemployment_rate,2.7,2.8,-0.4,-0.5
LAUCN260930000000003,1995,M11,3.3,"",26,093,03,Livingston,1995-11-01,unemployment_rate,2.3,2.4,1,0.9
LAUCN260930000000003,1995,M12,3,"",26,093,03,Livingston,1995-12-01,unemployment_rate,3.3,2.5,-0.3,0.5
LAUCN260930000000003,1996,M01,4,"",26,093,03,Livingston,1996-01-01,unemployment_rate,3,4,1,0
LAUCN260930000000003,1996,M02,4.4,"",26,093,03,Livingston,1996-02-01,unemployment_rate,4,3.9,0.4,0.5
LAUCN260930000000003,1996,M03,3.9,"",26,093,03,Livingston,1996-03-01,unemployment_rate,4.4,4.2,-0.5,-0.3
LAUCN260930000000003,1996,M04,3,"",26,093,03,Livingston,1996-04-01,unemployment_rate,3.9,3.5,-0.9,-0.5
LAUCN260930000000003,1996,M05,2.7,"",26,093,03,Livingston,1996-05-01,unemployment_rate,3,3.3,-0.3,-0.6
LAUCN260930000000003,1996,M06,2.9,"",26,093,03,Livingston,1996-06-01,unemployment_rate,2.7,4.5,0.2,-1.6
LAUCN260930000000003,1996,M07,3.6,"",26,093,03,Livingston,1996-07-01,unemployment_rate,2.9,3.7,0.7,-0.1
LAUCN260930000000003,1996,M08,3.6,"",26,093,03,Livingston,1996-08-01,unemployment_rate,3.6,3.2,0,0.4
LAUCN260930000000003,1996,M09,3.1,"",26,093,03,Livingston,1996-09-01,unemployment_rate,3.6,2.7,-0.5,0.4
LAUCN260930000000003,1996,M10,3.1,"",26,093,03,Livingston,1996-10-01,unemployment_rate,3.1,2.3,0,0.8
LAUCN260930000000003,1996,M11,2.8,"",26,093,03,Livingston,1996-11-01,unemployment_rate,3.1,3.3,-0.3,-0.5
LAUCN260930000000003,1996,M12,2.9,"",26,093,03,Livingston,1996-12-01,unemployment_rate,2.8,3,0.1,-0.1
LAUCN260930000000003,1997,M01,4.8,"",26,093,03,Livingston,1997-01-01,unemployment_rate,2.9,4,1.9,0.8
LAUCN260930000000003,1997,M02,4.1,"",26,093,03,Livingston,1997-02-01,unemployment_rate,4.8,4.4,-0.7,-0.300000000000001
LAUCN260930000000003,1997,M03,4.1,"",26,093,03,Livingston,1997-03-01,unemployment_rate,4.1,3.9,0,0.2
LAUCN260930000000003,1997,M04,3.1,"",26,093,03,Livingston,1997-04-01,unemployment_rate,4.1,3,-1,0.1
LAUCN260930000000003,1997,M05,2,"",26,093,03,Livingston,1997-05-01,unemployment_rate,3.1,2.7,-1.1,-0.7
LAUCN260930000000003,1997,M06,2.3,"",26,093,03,Livingston,1997-06-01,unemployment_rate,2,2.9,0.3,-0.6
LAUCN260930000000003,1997,M07,2.8,"",26,093,03,Livingston,1997-07-01,unemployment_rate,2.3,3.6,0.5,-0.8
LAUCN260930000000003,1997,M08,2.8,"",26,093,03,Livingston,1997-08-01,unemployment_rate,2.8,3.6,0,-0.8
LAUCN260930000000003,1997,M09,2.4,"",26,093,03,Livingston,1997-09-01,unemployment_rate,2.8,3.1,-0.4,-0.7
LAUCN260930000000003,1997,M10,2.2,"",26,093,03,Livingston,1997-10-01,unemployment_rate,2.4,3.1,-0.2,-0.9
LAUCN260930000000003,1997,M11,2.2,"",26,093,03,Livingston,1997-11-01,unemployment_rate,2.2,2.8,0,-0.6
LAUCN260930000000003,1997,M12,2.3,"",26,093,03,Livingston,1997-12-01,unemployment_rate,2.2,2.9,0.0999999999999996,-0.6
LAUCN260930000000003,1998,M01,3.3,"",26,093,03,Livingston,1998-01-01,unemployment_rate,2.3,4.8,1,-1.5
LAUCN260930000000003,1998,M02,3.1,"",26,093,03,Livingston,1998-02-01,unemployment_rate,3.3,4.1,-0.2,-1
LAUCN260930000000003,1998,M03,3.2,"",26,093,03,Livingston,1998-03-01,unemployment_rate,3.1,4.1,0.1,-0.9
LAUCN260930000000003,1998,M04,2.1,"",26,093,03,Livingston,1998-04-01,unemployment_rate,3.2,3.1,-1.1,-1
LAUCN260930000000003,1998,M05,2.1,"",26,093,03,Livingston,1998-05-01,unemployment_rate,2.1,2,0,0.1
LAUCN260930000000003,1998,M06,2.1,"",26,093,03,Livingston,1998-06-01,unemployment_rate,2.1,2.3,0,-0.2
LAUCN260930000000003,1998,M07,4.2,"",26,093,03,Livingston,1998-07-01,unemployment_rate,2.1,2.8,2.1,1.4
LAUCN260930000000003,1998,M08,2.4,"",26,093,03,Livingston,1998-08-01,unemployment_rate,4.2,2.8,-1.8,-0.4
LAUCN260930000000003,1998,M09,2.2,"",26,093,03,Livingston,1998-09-01,unemployment_rate,2.4,2.4,-0.2,-0.2
LAUCN260930000000003,1998,M10,2.2,"",26,093,03,Livingston,1998-10-01,unemployment_rate,2.2,2.2,0,0
LAUCN260930000000003,1998,M11,2.1,"",26,093,03,Livingston,1998-11-01,unemployment_rate,2.2,2.2,-0.1,-0.1
LAUCN260930000000003,1998,M12,2.6,"",26,093,03,Livingston,1998-12-01,unemployment_rate,2.1,2.3,0.5,0.3
LAUCN260930000000003,1999,M01,3.8,"",26,093,03,Livingston,1999-01-01,unemployment_rate,2.6,3.3,1.2,0.5
LAUCN260930000000003,1999,M02,3.7,"",26,093,03,Livingston,1999-02-01,unemployment_rate,3.8,3.1,-0.0999999999999996,0.6
LAUCN260930000000003,1999,M03,3.3,"",26,093,03,Livingston,1999-03-01,unemployment_rate,3.7,3.2,-0.4,0.0999999999999996
LAUCN260930000000003,1999,M04,2.1,"",26,093,03,Livingston,1999-04-01,unemployment_rate,3.3,2.1,-1.2,0
LAUCN260930000000003,1999,M05,1.8,"",26,093,03,Livingston,1999-05-01,unemployment_rate,2.1,2.1,-0.3,-0.3
LAUCN260930000000003,1999,M06,1.9,"",26,093,03,Livingston,1999-06-01,unemployment_rate,1.8,2.1,0.0999999999999999,-0.2
LAUCN260930000000003,1999,M07,2.2,"",26,093,03,Livingston,1999-07-01,unemployment_rate,1.9,4.2,0.3,-2
LAUCN260930000000003,1999,M08,1.9,"",26,093,03,Livingston,1999-08-01,unemployment_rate,2.2,2.4,-0.3,-0.5
LAUCN260930000000003,1999,M09,2,"",26,093,03,Livingston,1999-09-01,unemployment_rate,1.9,2.2,0.1,-0.2
LAUCN260930000000003,1999,M10,2.2,"",26,093,03,Livingston,1999-10-01,unemployment_rate,2,2.2,0.2,0
LAUCN260930000000003,1999,M11,2.1,"",26,093,03,Livingston,1999-11-01,unemployment_rate,2.2,2.1,-0.1,0
LAUCN260930000000003,1999,M12,2.1,"",26,093,03,Livingston,1999-12-01,unemployment_rate,2.1,2.6,0,-0.5
LAUCN260930000000003,2000,M01,2.8,"",26,093,03,Livingston,2000-01-01,unemployment_rate,2.1,3.8,0.7,-1
LAUCN260930000000003,2000,M02,2.5,"",26,093,03,Livingston,2000-02-01,unemployment_rate,2.8,3.7,-0.3,-1.2
LAUCN260930000000003,2000,M03,2.7,"",26,093,03,Livingston,2000-03-01,unemployment_rate,2.5,3.3,0.2,-0.6
LAUCN260930000000003,2000,M04,2,"",26,093,03,Livingston,2000-04-01,unemployment_rate,2.7,2.1,-0.7,-0.1
LAUCN260930000000003,2000,M05,2.3,"",26,093,03,Livingston,2000-05-01,unemployment_rate,2,1.8,0.3,0.5
LAUCN260930000000003,2000,M06,2.6,"",26,093,03,Livingston,2000-06-01,unemployment_rate,2.3,1.9,0.3,0.7
LAUCN260930000000003,2000,M07,2.7,"",26,093,03,Livingston,2000-07-01,unemployment_rate,2.6,2.2,0.1,0.5
LAUCN260930000000003,2000,M08,2.5,"",26,093,03,Livingston,2000-08-01,unemployment_rate,2.7,1.9,-0.2,0.6
LAUCN260930000000003,2000,M09,2.3,"",26,093,03,Livingston,2000-09-01,unemployment_rate,2.5,2,-0.2,0.3
LAUCN260930000000003,2000,M10,2.3,"",26,093,03,Livingston,2000-10-01,unemployment_rate,2.3,2.2,0,0.0999999999999996
LAUCN260930000000003,2000,M11,2.2,"",26,093,03,Livingston,2000-11-01,unemployment_rate,2.3,2.1,-0.0999999999999996,0.1
LAUCN260930000000003,2000,M12,2.3,"",26,093,03,Livingston,2000-12-01,unemployment_rate,2.2,2.1,0.0999999999999996,0.2
LAUCN260930000000003,2001,M01,3.2,"",26,093,03,Livingston,2001-01-01,unemployment_rate,2.3,2.8,0.9,0.4
LAUCN260930000000003,2001,M02,3.4,"",26,093,03,Livingston,2001-02-01,unemployment_rate,3.2,2.5,0.2,0.9
LAUCN260930000000003,2001,M03,3.5,"",26,093,03,Livingston,2001-03-01,unemployment_rate,3.4,2.7,0.1,0.8
LAUCN260930000000003,2001,M04,2.8,"",26,093,03,Livingston,2001-04-01,unemployment_rate,3.5,2,-0.7,0.8
LAUCN260930000000003,2001,M05,3.1,"",26,093,03,Livingston,2001-05-01,unemployment_rate,2.8,2.3,0.3,0.8
LAUCN260930000000003,2001,M06,3.3,"",26,093,03,Livingston,2001-06-01,unemployment_rate,3.1,2.6,0.2,0.7
LAUCN260930000000003,2001,M07,3.3,"",26,093,03,Livingston,2001-07-01,unemployment_rate,3.3,2.7,0,0.6
LAUCN260930000000003,2001,M08,3.7,"",26,093,03,Livingston,2001-08-01,unemployment_rate,3.3,2.5,0.4,1.2
LAUCN260930000000003,2001,M09,3.6,"",26,093,03,Livingston,2001-09-01,unemployment_rate,3.7,2.3,-0.1,1.3
LAUCN260930000000003,2001,M10,3.9,"",26,093,03,Livingston,2001-10-01,unemployment_rate,3.6,2.3,0.3,1.6
LAUCN260930000000003,2001,M11,4,"",26,093,03,Livingston,2001-11-01,unemployment_rate,3.9,2.2,0.1,1.8
LAUCN260930000000003,2001,M12,4.3,"",26,093,03,Livingston,2001-12-01,unemployment_rate,4,2.3,0.3,2
LAUCN260930000000003,2002,M01,5.2,"",26,093,03,Livingston,2002-01-01,unemployment_rate,4.3,3.2,0.9,2
LAUCN260930000000003,2002,M02,4.7,"",26,093,03,Livingston,2002-02-01,unemployment_rate,5.2,3.4,-0.5,1.3
LAUCN260930000000003,2002,M03,5,"",26,093,03,Livingston,2002-03-01,unemployment_rate,4.7,3.5,0.3,1.5
LAUCN260930000000003,2002,M04,4.3,"",26,093,03,Livingston,2002-04-01,unemployment_rate,5,2.8,-0.7,1.5
LAUCN260930000000003,2002,M05,4.4,"",26,093,03,Livingston,2002-05-01,unemployment_rate,4.3,3.1,0.100000000000001,1.3
LAUCN260930000000003,2002,M06,4.9,"",26,093,03,Livingston,2002-06-01,unemployment_rate,4.4,3.3,0.5,1.6
LAUCN260930000000003,2002,M07,4.8,"",26,093,03,Livingston,2002-07-01,unemployment_rate,4.9,3.3,-0.100000000000001,1.5
LAUCN260930000000003,2002,M08,3.9,"",26,093,03,Livingston,2002-08-01,unemployment_rate,4.8,3.7,-0.9,0.2
LAUCN260930000000003,2002,M09,3.6,"",26,093,03,Livingston,2002-09-01,unemployment_rate,3.9,3.6,-0.3,0
LAUCN260930000000003,2002,M10,3.6,"",26,093,03,Livingston,2002-10-01,unemployment_rate,3.6,3.9,0,-0.3
LAUCN260930000000003,2002,M11,4,"",26,093,03,Livingston,2002-11-01,unemployment_rate,3.6,4,0.4,0
LAUCN260930000000003,2002,M12,4.3,"",26,093,03,Livingston,2002-12-01,unemployment_rate,4,4.3,0.3,0
LAUCN260930000000003,2003,M01,5.5,"",26,093,03,Livingston,2003-01-01,unemployment_rate,4.3,5.2,1.2,0.3
LAUCN260930000000003,2003,M02,5.5,"",26,093,03,Livingston,2003-02-01,unemployment_rate,5.5,4.7,0,0.8
LAUCN260930000000003,2003,M03,5.6,"",26,093,03,Livingston,2003-03-01,unemployment_rate,5.5,5,0.0999999999999996,0.6
LAUCN260930000000003,2003,M04,4.7,"",26,093,03,Livingston,2003-04-01,unemployment_rate,5.6,4.3,-0.9,0.4
LAUCN260930000000003,2003,M05,5.1,"",26,093,03,Livingston,2003-05-01,unemployment_rate,4.7,4.4,0.399999999999999,0.699999999999999
LAUCN260930000000003,2003,M06,5.8,"",26,093,03,Livingston,2003-06-01,unemployment_rate,5.1,4.9,0.7,0.9
LAUCN260930000000003,2003,M07,5.4,"",26,093,03,Livingston,2003-07-01,unemployment_rate,5.8,4.8,-0.399999999999999,0.600000000000001
LAUCN260930000000003,2003,M08,5,"",26,093,03,Livingston,2003-08-01,unemployment_rate,5.4,3.9,-0.4,1.1
LAUCN260930000000003,2003,M09,4.7,"",26,093,03,Livingston,2003-09-01,unemployment_rate,5,3.6,-0.3,1.1
LAUCN260930000000003,2003,M10,4.6,"",26,093,03,Livingston,2003-10-01,unemployment_rate,4.7,3.6,-0.100000000000001,1
LAUCN260930000000003,2003,M11,4.2,"",26,093,03,Livingston,2003-11-01,unemployment_rate,4.6,4,-0.399999999999999,0.2
LAUCN260930000000003,2003,M12,4.3,"",26,093,03,Livingston,2003-12-01,unemployment_rate,4.2,4.3,0.0999999999999996,0
LAUCN260930000000003,2004,M01,5,"",26,093,03,Livingston,2004-01-01,unemployment_rate,4.3,5.5,0.7,-0.5
LAUCN260930000000003,2004,M02,5,"",26,093,03,Livingston,2004-02-01,unemployment_rate,5,5.5,0,-0.5
LAUCN260930000000003,2004,M03,5.4,"",26,093,03,Livingston,2004-03-01,unemployment_rate,5,5.6,0.4,-0.199999999999999
LAUCN260930000000003,2004,M04,4.3,"",26,093,03,Livingston,2004-04-01,unemployment_rate,5.4,4.7,-1.1,-0.4
LAUCN260930000000003,2004,M05,4.6,"",26,093,03,Livingston,2004-05-01,unemployment_rate,4.3,5.1,0.3,-0.5
LAUCN260930000000003,2004,M06,5.3,"",26,093,03,Livingston,2004-06-01,unemployment_rate,4.6,5.8,0.7,-0.5
LAUCN260930000000003,2004,M07,4.9,"",26,093,03,Livingston,2004-07-01,unemployment_rate,5.3,5.4,-0.399999999999999,-0.5
LAUCN260930000000003,2004,M08,4.8,"",26,093,03,Livingston,2004-08-01,unemployment_rate,4.9,5,-0.100000000000001,-0.2
LAUCN260930000000003,2004,M09,5,"",26,093,03,Livingston,2004-09-01,unemployment_rate,4.8,4.7,0.2,0.3
LAUCN260930000000003,2004,M10,4.9,"",26,093,03,Livingston,2004-10-01,unemployment_rate,5,4.6,-0.0999999999999996,0.300000000000001
LAUCN260930000000003,2004,M11,5,"",26,093,03,Livingston,2004-11-01,unemployment_rate,4.9,4.2,0.0999999999999996,0.8
LAUCN260930000000003,2004,M12,5.4,"",26,093,03,Livingston,2004-12-01,unemployment_rate,5,4.3,0.4,1.1
LAUCN260930000000003,2005,M01,5.9,"",26,093,03,Livingston,2005-01-01,unemployment_rate,5.4,5,0.5,0.9
LAUCN260930000000003,2005,M02,6.3,"",26,093,03,Livingston,2005-02-01,unemployment_rate,5.9,5,0.399999999999999,1.3
LAUCN260930000000003,2005,M03,5.8,"",26,093,03,Livingston,2005-03-01,unemployment_rate,6.3,5.4,-0.5,0.399999999999999
LAUCN260930000000003,2005,M04,5.4,"",26,093,03,Livingston,2005-04-01,unemployment_rate,5.8,4.3,-0.399999999999999,1.1
LAUCN260930000000003,2005,M05,5.1,"",26,093,03,Livingston,2005-05-01,unemployment_rate,5.4,4.6,-0.300000000000001,0.5
LAUCN260930000000003,2005,M06,5.4,"",26,093,03,Livingston,2005-06-01,unemployment_rate,5.1,5.3,0.300000000000001,0.100000000000001
LAUCN260930000000003,2005,M07,5,"",26,093,03,Livingston,2005-07-01,unemployment_rate,5.4,4.9,-0.4,0.0999999999999996
LAUCN260930000000003,2005,M08,4.5,"",26,093,03,Livingston,2005-08-01,unemployment_rate,5,4.8,-0.5,-0.3
LAUCN260930000000003,2005,M09,4.8,"",26,093,03,Livingston,2005-09-01,unemployment_rate,4.5,5,0.3,-0.2
LAUCN260930000000003,2005,M10,4.4,"",26,093,03,Livingston,2005-10-01,unemployment_rate,4.8,4.9,-0.399999999999999,-0.5
LAUCN260930000000003,2005,M11,5,"",26,093,03,Livingston,2005-11-01,unemployment_rate,4.4,5,0.6,0
LAUCN260930000000003,2005,M12,5.1,"",26,093,03,Livingston,2005-12-01,unemployment_rate,5,5.4,0.0999999999999996,-0.300000000000001
LAUCN260930000000003,2006,M01,5.6,"",26,093,03,Livingston,2006-01-01,unemployment_rate,5.1,5.9,0.5,-0.300000000000001
LAUCN260930000000003,2006,M02,5.6,"",26,093,03,Livingston,2006-02-01,unemployment_rate,5.6,6.3,0,-0.7
LAUCN260930000000003,2006,M03,5.6,"",26,093,03,Livingston,2006-03-01,unemployment_rate,5.6,5.8,0,-0.2
LAUCN260930000000003,2006,M04,4.8,"",26,093,03,Livingston,2006-04-01,unemployment_rate,5.6,5.4,-0.8,-0.600000000000001
LAUCN260930000000003,2006,M05,4.5,"",26,093,03,Livingston,2006-05-01,unemployment_rate,4.8,5.1,-0.3,-0.6
LAUCN260930000000003,2006,M06,5.1,"",26,093,03,Livingston,2006-06-01,unemployment_rate,4.5,5.4,0.6,-0.300000000000001
LAUCN260930000000003,2006,M07,5.2,"",26,093,03,Livingston,2006-07-01,unemployment_rate,5.1,5,0.100000000000001,0.2
LAUCN260930000000003,2006,M08,5,"",26,093,03,Livingston,2006-08-01,unemployment_rate,5.2,4.5,-0.2,0.5
LAUCN260930000000003,2006,M09,5.2,"",26,093,03,Livingston,2006-09-01,unemployment_rate,5,4.8,0.2,0.4
LAUCN260930000000003,2006,M10,4.6,"",26,093,03,Livingston,2006-10-01,unemployment_rate,5.2,4.4,-0.600000000000001,0.199999999999999
LAUCN260930000000003,2006,M11,4.8,"",26,093,03,Livingston,2006-11-01,unemployment_rate,4.6,5,0.2,-0.2
LAUCN260930000000003,2006,M12,5.3,"",26,093,03,Livingston,2006-12-01,unemployment_rate,4.8,5.1,0.5,0.2
LAUCN260930000000003,2007,M01,5.7,"",26,093,03,Livingston,2007-01-01,unemployment_rate,5.3,5.6,0.4,0.100000000000001
LAUCN260930000000003,2007,M02,5.8,"",26,093,03,Livingston,2007-02-01,unemployment_rate,5.7,5.6,0.0999999999999996,0.2
LAUCN260930000000003,2007,M03,5.6,"",26,093,03,Livingston,2007-03-01,unemployment_rate,5.8,5.6,-0.2,0
LAUCN260930000000003,2007,M04,5.3,"",26,093,03,Livingston,2007-04-01,unemployment_rate,5.6,4.8,-0.3,0.5
LAUCN260930000000003,2007,M05,5.1,"",26,093,03,Livingston,2007-05-01,unemployment_rate,5.3,4.5,-0.2,0.6
LAUCN260930000000003,2007,M06,5.7,"",26,093,03,Livingston,2007-06-01,unemployment_rate,5.1,5.1,0.600000000000001,0.600000000000001
LAUCN260930000000003,2007,M07,5.4,"",26,093,03,Livingston,2007-07-01,unemployment_rate,5.7,5.2,-0.3,0.2
LAUCN260930000000003,2007,M08,5.2,"",26,093,03,Livingston,2007-08-01,unemployment_rate,5.4,5,-0.2,0.2
LAUCN260930000000003,2007,M09,5.5,"",26,093,03,Livingston,2007-09-01,unemployment_rate,5.2,5.2,0.3,0.3
LAUCN260930000000003,2007,M10,5,"",26,093,03,Livingston,2007-10-01,unemployment_rate,5.5,4.6,-0.5,0.4
LAUCN260930000000003,2007,M11,5,"",26,093,03,Livingston,2007-11-01,unemployment_rate,5,4.8,0,0.2
LAUCN260930000000003,2007,M12,5.6,"",26,093,03,Livingston,2007-12-01,unemployment_rate,5,5.3,0.6,0.3
LAUCN260930000000003,2008,M01,5.9,"",26,093,03,Livingston,2008-01-01,unemployment_rate,5.6,5.7,0.300000000000001,0.2
LAUCN260930000000003,2008,M02,6.2,"",26,093,03,Livingston,2008-02-01,unemployment_rate,5.9,5.8,0.3,0.4
LAUCN260930000000003,2008,M03,6.2,"",26,093,03,Livingston,2008-03-01,unemployment_rate,6.2,5.6,0,0.600000000000001
LAUCN260930000000003,2008,M04,5.1,"",26,093,03,Livingston,2008-04-01,unemployment_rate,6.2,5.3,-1.1,-0.2
LAUCN260930000000003,2008,M05,6.3,"",26,093,03,Livingston,2008-05-01,unemployment_rate,5.1,5.1,1.2,1.2
LAUCN260930000000003,2008,M06,6.9,"",26,093,03,Livingston,2008-06-01,unemployment_rate,6.3,5.7,0.600000000000001,1.2
LAUCN260930000000003,2008,M07,6.7,"",26,093,03,Livingston,2008-07-01,unemployment_rate,6.9,5.4,-0.2,1.3
LAUCN260930000000003,2008,M08,6.6,"",26,093,03,Livingston,2008-08-01,unemployment_rate,6.7,5.2,-0.100000000000001,1.4
LAUCN260930000000003,2008,M09,6.7,"",26,093,03,Livingston,2008-09-01,unemployment_rate,6.6,5.5,0.100000000000001,1.2
LAUCN260930000000003,2008,M10,7.1,"",26,093,03,Livingston,2008-10-01,unemployment_rate,6.7,5,0.399999999999999,2.1
LAUCN260930000000003,2008,M11,7.5,"",26,093,03,Livingston,2008-11-01,unemployment_rate,7.1,5,0.4,2.5
LAUCN260930000000003,2008,M12,8.3,"",26,093,03,Livingston,2008-12-01,unemployment_rate,7.5,5.6,0.800000000000001,2.7
LAUCN260930000000003,2009,M01,9.5,"",26,093,03,Livingston,2009-01-01,unemployment_rate,8.3,5.9,1.2,3.6
LAUCN260930000000003,2009,M02,10.1,"",26,093,03,Livingston,2009-02-01,unemployment_rate,9.5,6.2,0.6,3.9
LAUCN260930000000003,2009,M03,11,"",26,093,03,Livingston,2009-03-01,unemployment_rate,10.1,6.2,0.9,4.8
LAUCN260930000000003,2009,M04,10.7,"",26,093,03,Livingston,2009-04-01,unemployment_rate,11,5.1,-0.300000000000001,5.6
LAUCN260930000000003,2009,M05,11.5,"",26,093,03,Livingston,2009-05-01,unemployment_rate,10.7,6.3,0.800000000000001,5.2
LAUCN260930000000003,2009,M06,12.8,"",26,093,03,Livingston,2009-06-01,unemployment_rate,11.5,6.9,1.3,5.9
LAUCN260930000000003,2009,M07,12.4,"",26,093,03,Livingston,2009-07-01,unemployment_rate,12.8,6.7,-0.4,5.7
LAUCN260930000000003,2009,M08,12.1,"",26,093,03,Livingston,2009-08-01,unemployment_rate,12.4,6.6,-0.300000000000001,5.5
LAUCN260930000000003,2009,M09,12.2,"",26,093,03,Livingston,2009-09-01,unemployment_rate,12.1,6.7,0.0999999999999996,5.5
LAUCN260930000000003,2009,M10,12.1,"",26,093,03,Livingston,2009-10-01,unemployment_rate,12.2,7.1,-0.0999999999999996,5
LAUCN260930000000003,2009,M11,11.4,"",26,093,03,Livingston,2009-11-01,unemployment_rate,12.1,7.5,-0.699999999999999,3.9
LAUCN260930000000003,2009,M12,12.3,"",26,093,03,Livingston,2009-12-01,unemployment_rate,11.4,8.3,0.9,4
LAUCN260930000000003,2010,M01,13,"",26,093,03,Livingston,2010-01-01,unemployment_rate,12.3,9.5,0.699999999999999,3.5
LAUCN260930000000003,2010,M02,12.9,"",26,093,03,Livingston,2010-02-01,unemployment_rate,13,10.1,-0.0999999999999996,2.8
LAUCN260930000000003,2010,M03,12.8,"",26,093,03,Livingston,2010-03-01,unemployment_rate,12.9,11,-0.0999999999999996,1.8
LAUCN260930000000003,2010,M04,11.8,"",26,093,03,Livingston,2010-04-01,unemployment_rate,12.8,10.7,-1,1.1
LAUCN260930000000003,2010,M05,11.4,"",26,093,03,Livingston,2010-05-01,unemployment_rate,11.8,11.5,-0.4,-0.0999999999999996
LAUCN260930000000003,2010,M06,11.7,"",26,093,03,Livingston,2010-06-01,unemployment_rate,11.4,12.8,0.299999999999999,-1.1
LAUCN260930000000003,2010,M07,12,"",26,093,03,Livingston,2010-07-01,unemployment_rate,11.7,12.4,0.300000000000001,-0.4
LAUCN260930000000003,2010,M08,11,"",26,093,03,Livingston,2010-08-01,unemployment_rate,12,12.1,-1,-1.1
LAUCN260930000000003,2010,M09,10.5,"",26,093,03,Livingston,2010-09-01,unemployment_rate,11,12.2,-0.5,-1.7
LAUCN260930000000003,2010,M10,10.1,"",26,093,03,Livingston,2010-10-01,unemployment_rate,10.5,12.1,-0.4,-2
LAUCN260930000000003,2010,M11,9.5,"",26,093,03,Livingston,2010-11-01,unemployment_rate,10.1,11.4,-0.6,-1.9
LAUCN260930000000003,2010,M12,9.1,"",26,093,03,Livingston,2010-12-01,unemployment_rate,9.5,12.3,-0.4,-3.2
LAUCN260930000000003,2011,M01,9.8,"",26,093,03,Livingston,2011-01-01,unemployment_rate,9.1,13,0.700000000000001,-3.2
LAUCN260930000000003,2011,M02,9.8,"",26,093,03,Livingston,2011-02-01,unemployment_rate,9.8,12.9,0,-3.1
LAUCN260930000000003,2011,M03,9.3,"",26,093,03,Livingston,2011-03-01,unemployment_rate,9.8,12.8,-0.5,-3.5
LAUCN260930000000003,2011,M04,8.5,"",26,093,03,Livingston,2011-04-01,unemployment_rate,9.3,11.8,-0.800000000000001,-3.3
LAUCN260930000000003,2011,M05,8.7,"",26,093,03,Livingston,2011-05-01,unemployment_rate,8.5,11.4,0.199999999999999,-2.7
LAUCN260930000000003,2011,M06,9.4,"",26,093,03,Livingston,2011-06-01,unemployment_rate,8.7,11.7,0.700000000000001,-2.3
LAUCN260930000000003,2011,M07,9.6,"",26,093,03,Livingston,2011-07-01,unemployment_rate,9.4,12,0.199999999999999,-2.4
LAUCN260930000000003,2011,M08,8.8,"",26,093,03,Livingston,2011-08-01,unemployment_rate,9.6,11,-0.799999999999999,-2.2
LAUCN260930000000003,2011,M09,8.4,"",26,093,03,Livingston,2011-09-01,unemployment_rate,8.8,10.5,-0.4,-2.1
LAUCN260930000000003,2011,M10,7.9,"",26,093,03,Livingston,2011-10-01,unemployment_rate,8.4,10.1,-0.5,-2.2
LAUCN260930000000003,2011,M11,7.3,"",26,093,03,Livingston,2011-11-01,unemployment_rate,7.9,9.5,-0.600000000000001,-2.2
LAUCN260930000000003,2011,M12,7.7,"",26,093,03,Livingston,2011-12-01,unemployment_rate,7.3,9.1,0.4,-1.4
LAUCN260930000000003,2012,M01,8.6,"",26,093,03,Livingston,2012-01-01,unemployment_rate,7.7,9.8,0.9,-1.2
LAUCN260930000000003,2012,M02,8.4,"",26,093,03,Livingston,2012-02-01,unemployment_rate,8.6,9.8,-0.199999999999999,-1.4
LAUCN260930000000003,2012,M03,8.1,"",26,093,03,Livingston,2012-03-01,unemployment_rate,8.4,9.3,-0.300000000000001,-1.2
LAUCN260930000000003,2012,M04,7.3,"",26,093,03,Livingston,2012-04-01,unemployment_rate,8.1,8.5,-0.8,-1.2
LAUCN260930000000003,2012,M05,7.8,"",26,093,03,Livingston,2012-05-01,unemployment_rate,7.3,8.7,0.5,-0.9
LAUCN260930000000003,2012,M06,8.3,"",26,093,03,Livingston,2012-06-01,unemployment_rate,7.8,9.4,0.500000000000001,-1.1
LAUCN260930000000003,2012,M07,8.7,"",26,093,03,Livingston,2012-07-01,unemployment_rate,8.3,9.6,0.399999999999999,-0.9
LAUCN260930000000003,2012,M08,8,"",26,093,03,Livingston,2012-08-01,unemployment_rate,8.7,8.8,-0.699999999999999,-0.800000000000001
LAUCN260930000000003,2012,M09,7.2,"",26,093,03,Livingston,2012-09-01,unemployment_rate,8,8.4,-0.8,-1.2
LAUCN260930000000003,2012,M10,7.3,"",26,093,03,Livingston,2012-10-01,unemployment_rate,7.2,7.9,0.0999999999999996,-0.600000000000001
LAUCN260930000000003,2012,M11,6.9,"",26,093,03,Livingston,2012-11-01,unemployment_rate,7.3,7.3,-0.399999999999999,-0.399999999999999
LAUCN260930000000003,2012,M12,7.6,"",26,093,03,Livingston,2012-12-01,unemployment_rate,6.9,7.7,0.699999999999999,-0.100000000000001
LAUCN260930000000003,2013,M01,8.3,"",26,093,03,Livingston,2013-01-01,unemployment_rate,7.6,8.6,0.700000000000001,-0.299999999999999
LAUCN260930000000003,2013,M02,7.9,"",26,093,03,Livingston,2013-02-01,unemployment_rate,8.3,8.4,-0.4,-0.5
LAUCN260930000000003,2013,M03,7.6,"",26,093,03,Livingston,2013-03-01,unemployment_rate,7.9,8.1,-0.300000000000001,-0.5
LAUCN260930000000003,2013,M04,7,"",26,093,03,Livingston,2013-04-01,unemployment_rate,7.6,7.3,-0.6,-0.3
LAUCN260930000000003,2013,M05,7.3,"",26,093,03,Livingston,2013-05-01,unemployment_rate,7,7.8,0.3,-0.5
LAUCN260930000000003,2013,M06,8.1,"",26,093,03,Livingston,2013-06-01,unemployment_rate,7.3,8.3,0.8,-0.200000000000001
LAUCN260930000000003,2013,M07,7.7,"",26,093,03,Livingston,2013-07-01,unemployment_rate,8.1,8.7,-0.399999999999999,-1
LAUCN260930000000003,2013,M08,7.3,"",26,093,03,Livingston,2013-08-01,unemployment_rate,7.7,8,-0.4,-0.7
LAUCN260930000000003,2013,M09,7,"",26,093,03,Livingston,2013-09-01,unemployment_rate,7.3,7.2,-0.3,-0.2
LAUCN260930000000003,2013,M10,7.1,"",26,093,03,Livingston,2013-10-01,unemployment_rate,7,7.3,0.0999999999999996,-0.2
LAUCN260930000000003,2013,M11,6.5,"",26,093,03,Livingston,2013-11-01,unemployment_rate,7.1,6.9,-0.6,-0.4
LAUCN260930000000003,2013,M12,6.5,"",26,093,03,Livingston,2013-12-01,unemployment_rate,6.5,7.6,0,-1.1
LAUCN260930000000003,2014,M01,7.1,"",26,093,03,Livingston,2014-01-01,unemployment_rate,6.5,8.3,0.6,-1.2
LAUCN260930000000003,2014,M02,7.4,"",26,093,03,Livingston,2014-02-01,unemployment_rate,7.1,7.9,0.300000000000001,-0.5
LAUCN260930000000003,2014,M03,7.2,"",26,093,03,Livingston,2014-03-01,unemployment_rate,7.4,7.6,-0.2,-0.399999999999999
LAUCN260930000000003,2014,M04,6.2,"",26,093,03,Livingston,2014-04-01,unemployment_rate,7.2,7,-1,-0.8
LAUCN260930000000003,2014,M05,6.6,"",26,093,03,Livingston,2014-05-01,unemployment_rate,6.2,7.3,0.399999999999999,-0.7
LAUCN260930000000003,2014,M06,6.9,"",26,093,03,Livingston,2014-06-01,unemployment_rate,6.6,8.1,0.300000000000001,-1.2
LAUCN260930000000003,2014,M07,6.9,"",26,093,03,Livingston,2014-07-01,unemployment_rate,6.9,7.7,0,-0.8
LAUCN260930000000003,2014,M08,5.9,"",26,093,03,Livingston,2014-08-01,unemployment_rate,6.9,7.3,-1,-1.4
LAUCN260930000000003,2014,M09,5.8,"",26,093,03,Livingston,2014-09-01,unemployment_rate,5.9,7,-0.100000000000001,-1.2
LAUCN260930000000003,2014,M10,5.7,"",26,093,03,Livingston,2014-10-01,unemployment_rate,5.8,7.1,-0.0999999999999996,-1.4
LAUCN260930000000003,2014,M11,5.2,"",26,093,03,Livingston,2014-11-01,unemployment_rate,5.7,6.5,-0.5,-1.3
LAUCN260930000000003,2014,M12,4.9,"",26,093,03,Livingston,2014-12-01,unemployment_rate,5.2,6.5,-0.3,-1.6
LAUCN260930000000003,2015,M01,5.7,"",26,093,03,Livingston,2015-01-01,unemployment_rate,4.9,7.1,0.8,-1.4
LAUCN260930000000003,2015,M02,5.2,"",26,093,03,Livingston,2015-02-01,unemployment_rate,5.7,7.4,-0.5,-2.2
LAUCN260930000000003,2015,M03,5,"",26,093,03,Livingston,2015-03-01,unemployment_rate,5.2,7.2,-0.2,-2.2
LAUCN260930000000003,2015,M04,4.4,"",26,093,03,Livingston,2015-04-01,unemployment_rate,5,6.2,-0.6,-1.8
LAUCN260930000000003,2015,M05,5.1,"",26,093,03,Livingston,2015-05-01,unemployment_rate,4.4,6.6,0.699999999999999,-1.5
LAUCN260930000000003,2015,M06,5,"",26,093,03,Livingston,2015-06-01,unemployment_rate,5.1,6.9,-0.0999999999999996,-1.9
LAUCN260930000000003,2015,M07,5,"",26,093,03,Livingston,2015-07-01,unemployment_rate,5,6.9,0,-1.9
LAUCN260930000000003,2015,M08,4.4,"",26,093,03,Livingston,2015-08-01,unemployment_rate,5,5.9,-0.6,-1.5
LAUCN260930000000003,2015,M09,4.2,"",26,093,03,Livingston,2015-09-01,unemployment_rate,4.4,5.8,-0.2,-1.6
LAUCN260930000000003,2015,M10,4.2,"",26,093,03,Livingston,2015-10-01,unemployment_rate,4.2,5.7,0,-1.5
LAUCN260930000000003,2015,M11,3.7,"",26,093,03,Livingston,2015-11-01,unemployment_rate,4.2,5.2,-0.5,-1.5
LAUCN260930000000003,2015,M12,3.7,"",26,093,03,Livingston,2015-12-01,unemployment_rate,3.7,4.9,0,-1.2
LAUCN260930000000003,2016,M01,4.5,T,26,093,03,Livingston,2016-01-01,unemployment_rate,3.7,5.7,0.8,-1.2
LAUCN260930000000003,2016,M02,4.5,T,26,093,03,Livingston,2016-02-01,unemployment_rate,4.5,5.2,0,-0.7
LAUCN260930000000003,2016,M03,4.6,T,26,093,03,Livingston,2016-03-01,unemployment_rate,4.5,5,0.0999999999999996,-0.4
LAUCN260930000000003,2016,M04,3.8,T,26,093,03,Livingston,2016-04-01,unemployment_rate,4.6,4.4,-0.8,-0.600000000000001
LAUCN260930000000003,2016,M05,4,T,26,093,03,Livingston,2016-05-01,unemployment_rate,3.8,5.1,0.2,-1.1
LAUCN260930000000003,2016,M06,4.5,T,26,093,03,Livingston,2016-06-01,unemployment_rate,4,5,0.5,-0.5
LAUCN260930000000003,2016,M07,4.6,T,26,093,03,Livingston,2016-07-01,unemployment_rate,4.5,5,0.0999999999999996,-0.4
LAUCN260930000000003,2016,M08,4.4,T,26,093,03,Livingston,2016-08-01,unemployment_rate,4.6,4.4,-0.199999999999999,0
LAUCN260930000000003,2016,M09,4.3,T,26,093,03,Livingston,2016-09-01,unemployment_rate,4.4,4.2,-0.100000000000001,0.0999999999999996
LAUCN260930000000003,2016,M10,4.2,T,26,093,03,Livingston,2016-10-01,unemployment_rate,4.3,4.2,-0.0999999999999996,0
LAUCN260930000000003,2016,M11,4,T,26,093,03,Livingston,2016-11-01,unemployment_rate,4.2,3.7,-0.2,0.3
LAUCN260930000000003,2016,M12,3.6,T,26,093,03,Livingston,2016-12-01,unemployment_rate,4,3.7,-0.4,-0.1
LAUCN260930000000003,2017,M01,4.8,T,26,093,03,Livingston,2017-01-01,unemployment_rate,3.6,4.5,1.2,0.3
LAUCN260930000000003,2017,M02,4.4,T,26,093,03,Livingston,2017-02-01,unemployment_rate,4.8,4.5,-0.399999999999999,-0.0999999999999996
LAUCN260930000000003,2017,M03,3.6,T,26,093,03,Livingston,2017-03-01,unemployment_rate,4.4,4.6,-0.8,-1
LAUCN260930000000003,2017,M04,2.7,T,26,093,03,Livingston,2017-04-01,unemployment_rate,3.6,3.8,-0.9,-1.1
LAUCN260930000000003,2017,M05,2.8,T,26,093,03,Livingston,2017-05-01,unemployment_rate,2.7,4,0.0999999999999996,-1.2
LAUCN260930000000003,2017,M06,3.1,T,26,093,03,Livingston,2017-06-01,unemployment_rate,2.8,4.5,0.3,-1.4
LAUCN260930000000003,2017,M07,3.5,T,26,093,03,Livingston,2017-07-01,unemployment_rate,3.1,4.6,0.4,-1.1
LAUCN260930000000003,2017,M08,3.6,T,26,093,03,Livingston,2017-08-01,unemployment_rate,3.5,4.4,0.1,-0.8
LAUCN260930000000003,2017,M09,3.7,T,26,093,03,Livingston,2017-09-01,unemployment_rate,3.6,4.3,0.1,-0.6
LAUCN260930000000003,2017,M10,3.3,T,26,093,03,Livingston,2017-10-01,unemployment_rate,3.7,4.2,-0.4,-0.9
LAUCN260930000000003,2017,M11,3.3,T,26,093,03,Livingston,2017-11-01,unemployment_rate,3.3,4,0,-0.7
LAUCN260930000000003,2017,M12,3.5,T,26,093,03,Livingston,2017-12-01,unemployment_rate,3.3,3.6,0.2,-0.1
LAUCN260930000000003,2018,M01,4.2,T,26,093,03,Livingston,2018-01-01,unemployment_rate,3.5,4.8,0.7,-0.6
LAUCN260930000000003,2018,M02,4.2,T,26,093,03,Livingston,2018-02-01,unemployment_rate,4.2,4.4,0,-0.2
LAUCN260930000000003,2018,M03,3.8,T,26,093,03,Livingston,2018-03-01,unemployment_rate,4.2,3.6,-0.4,0.2
LAUCN260930000000003,2018,M04,3.1,T,26,093,03,Livingston,2018-04-01,unemployment_rate,3.8,2.7,-0.7,0.4
LAUCN260930000000003,2018,M05,3,T,26,093,03,Livingston,2018-05-01,unemployment_rate,3.1,2.8,-0.1,0.2
LAUCN260930000000003,2018,M06,3.4,T,26,093,03,Livingston,2018-06-01,unemployment_rate,3,3.1,0.4,0.3
LAUCN260930000000003,2018,M07,3.5,T,26,093,03,Livingston,2018-07-01,unemployment_rate,3.4,3.5,0.1,0
LAUCN260930000000003,2018,M08,3,T,26,093,03,Livingston,2018-08-01,unemployment_rate,3.5,3.6,-0.5,-0.6
LAUCN260930000000003,2018,M09,3.2,T,26,093,03,Livingston,2018-09-01,unemployment_rate,3,3.7,0.2,-0.5
LAUCN260930000000003,2018,M10,3.4,T,26,093,03,Livingston,2018-10-01,unemployment_rate,3.2,3.3,0.2,0.1
LAUCN260930000000003,2018,M11,3,T,26,093,03,Livingston,2018-11-01,unemployment_rate,3.4,3.3,-0.4,-0.3
LAUCN260930000000003,2018,M12,3.4,T,26,093,03,Livingston,2018-12-01,unemployment_rate,3,3.5,0.4,-0.1
LAUCN260930000000003,2019,M01,3.7,T,26,093,03,Livingston,2019-01-01,unemployment_rate,3.4,4.2,0.3,-0.5
LAUCN260930000000003,2019,M02,3.9,T,26,093,03,Livingston,2019-02-01,unemployment_rate,3.7,4.2,0.2,-0.3
LAUCN260930000000003,2019,M03,4.1,T,26,093,03,Livingston,2019-03-01,unemployment_rate,3.9,3.8,0.2,0.3
LAUCN260930000000003,2019,M04,3.1,T,26,093,03,Livingston,2019-04-01,unemployment_rate,4.1,3.1,-1,0
LAUCN260930000000003,2019,M05,3.2,T,26,093,03,Livingston,2019-05-01,unemployment_rate,3.1,3,0.1,0.2
LAUCN260930000000003,2019,M06,3.5,T,26,093,03,Livingston,2019-06-01,unemployment_rate,3.2,3.4,0.3,0.1
LAUCN260930000000003,2019,M07,3.7,T,26,093,03,Livingston,2019-07-01,unemployment_rate,3.5,3.5,0.2,0.2
LAUCN260930000000003,2019,M08,3.4,T,26,093,03,Livingston,2019-08-01,unemployment_rate,3.7,3,-0.3,0.4
LAUCN260930000000003,2019,M09,3.2,T,26,093,03,Livingston,2019-09-01,unemployment_rate,3.4,3.2,-0.2,0
LAUCN260930000000003,2019,M10,2.8,T,26,093,03,Livingston,2019-10-01,unemployment_rate,3.2,3.4,-0.4,-0.6
LAUCN260930000000003,2019,M11,2.8,T,26,093,03,Livingston,2019-11-01,unemployment_rate,2.8,3,0,-0.2
LAUCN260930000000003,2019,M12,3,T,26,093,03,Livingston,2019-12-01,unemployment_rate,2.8,3.4,0.2,-0.4
LAUCN260930000000003,2020,M01,3.2,T,26,093,03,Livingston,2020-01-01,unemployment_rate,3,3.7,0.2,-0.5
LAUCN260930000000003,2020,M02,3.1,T,26,093,03,Livingston,2020-02-01,unemployment_rate,3.2,3.9,-0.1,-0.8
LAUCN260930000000003,2020,M03,3.8,T,26,093,03,Livingston,2020-03-01,unemployment_rate,3.1,4.1,0.7,-0.3
LAUCN260930000000003,2020,M04,21.4,T,26,093,03,Livingston,2020-04-01,unemployment_rate,3.8,3.1,17.6,18.3
LAUCN260930000000003,2020,M05,20.5,T,26,093,03,Livingston,2020-05-01,unemployment_rate,21.4,3.2,-0.899999999999999,17.3
LAUCN260930000000003,2020,M06,14.4,T,26,093,03,Livingston,2020-06-01,unemployment_rate,20.5,3.5,-6.1,10.9
LAUCN260930000000003,2020,M07,11.5,T,26,093,03,Livingston,2020-07-01,unemployment_rate,14.4,3.7,-2.9,7.8
LAUCN260930000000003,2020,M08,8,T,26,093,03,Livingston,2020-08-01,unemployment_rate,11.5,3.4,-3.5,4.6
LAUCN260930000000003,2020,M09,7.2,T,26,093,03,Livingston,2020-09-01,unemployment_rate,8,3.2,-0.8,4
LAUCN260930000000003,2020,M10,5.6,T,26,093,03,Livingston,2020-10-01,unemployment_rate,7.2,2.8,-1.6,2.8
LAUCN260930000000003,2020,M11,5.4,T,26,093,03,Livingston,2020-11-01,unemployment_rate,5.6,2.8,-0.199999999999999,2.6
LAUCN260930000000003,2020,M12,5.8,T,26,093,03,Livingston,2020-12-01,unemployment_rate,5.4,3,0.399999999999999,2.8
LAUCN260930000000003,2021,M01,5.4,T,26,093,03,Livingston,2021-01-01,unemployment_rate,5.8,3.2,-0.399999999999999,2.2
LAUCN260930000000003,2021,M02,5.1,T,26,093,03,Livingston,2021-02-01,unemployment_rate,5.4,3.1,-0.300000000000001,2
LAUCN260930000000003,2021,M03,5.1,T,26,093,03,Livingston,2021-03-01,unemployment_rate,5.1,3.8,0,1.3
LAUCN260930000000003,2021,M04,4.1,T,26,093,03,Livingston,2021-04-01,unemployment_rate,5.1,21.4,-1,-17.3
LAUCN260930000000003,2021,M05,4.2,T,26,093,03,Livingston,2021-05-01,unemployment_rate,4.1,20.5,0.100000000000001,-16.3
LAUCN260930000000003,2021,M06,4.8,T,26,093,03,Livingston,2021-06-01,unemployment_rate,4.2,14.4,0.6,-9.6
LAUCN260930000000003,2021,M07,4.6,T,26,093,03,Livingston,2021-07-01,unemployment_rate,4.8,11.5,-0.2,-6.9
LAUCN260930000000003,2021,M08,4.1,T,26,093,03,Livingston,2021-08-01,unemployment_rate,4.6,8,-0.5,-3.9
LAUCN260930000000003,2021,M09,3.9,T,26,093,03,Livingston,2021-09-01,unemployment_rate,4.1,7.2,-0.2,-3.3
LAUCN260930000000003,2021,M10,3.4,T,26,093,03,Livingston,2021-10-01,unemployment_rate,3.9,5.6,-0.5,-2.2
LAUCN260930000000003,2021,M11,3,T,26,093,03,Livingston,2021-11-01,unemployment_rate,3.4,5.4,-0.4,-2.4
LAUCN260930000000003,2021,M12,3.1,T,26,093,03,Livingston,2021-12-01,unemployment_rate,3,5.8,0.1,-2.7
LAUCN260930000000003,2022,M01,4,T,26,093,03,Livingston,2022-01-01,unemployment_rate,3.1,5.4,0.9,-1.4
LAUCN260930000000003,2022,M02,3.7,T,26,093,03,Livingston,2022-02-01,unemployment_rate,4,5.1,-0.3,-1.4
LAUCN260930000000003,2022,M03,3.3,T,26,093,03,Livingston,2022-03-01,unemployment_rate,3.7,5.1,-0.4,-1.8
LAUCN260930000000003,2022,M04,2.6,T,26,093,03,Livingston,2022-04-01,unemployment_rate,3.3,4.1,-0.7,-1.5
LAUCN260930000000003,2022,M05,3.2,T,26,093,03,Livingston,2022-05-01,unemployment_rate,2.6,4.2,0.6,-1
LAUCN260930000000003,2022,M06,3.1,T,26,093,03,Livingston,2022-06-01,unemployment_rate,3.2,4.8,-0.1,-1.7
LAUCN260930000000003,2022,M07,2.8,T,26,093,03,Livingston,2022-07-01,unemployment_rate,3.1,4.6,-0.3,-1.8
LAUCN260930000000003,2022,M08,2.7,T,26,093,03,Livingston,2022-08-01,unemployment_rate,2.8,4.1,-0.0999999999999996,-1.4
LAUCN260930000000003,2022,M09,2.6,T,26,093,03,Livingston,2022-09-01,unemployment_rate,2.7,3.9,-0.1,-1.3
LAUCN260930000000003,2022,M10,2.7,T,26,093,03,Livingston,2022-10-01,unemployment_rate,2.6,3.4,0.1,-0.7
LAUCN260930000000003,2022,M11,2.5,T,26,093,03,Livingston,2022-11-01,unemployment_rate,2.7,3,-0.2,-0.5
LAUCN260930000000003,2022,M12,2.6,T,26,093,03,Livingston,2022-12-01,unemployment_rate,2.5,3.1,0.1,-0.5
LAUCN260930000000003,2023,M01,3.3,T,26,093,03,Livingston,2023-01-01,unemployment_rate,2.6,4,0.7,-0.7
LAUCN260930000000003,2023,M02,3,T,26,093,03,Livingston,2023-02-01,unemployment_rate,3.3,3.7,-0.3,-0.7
LAUCN260930000000003,2023,M03,2.6,T,26,093,03,Livingston,2023-03-01,unemployment_rate,3,3.3,-0.4,-0.7
LAUCN260930000000003,2023,M04,1.8,T,26,093,03,Livingston,2023-04-01,unemployment_rate,2.6,2.6,-0.8,-0.8
LAUCN260930000000003,2023,M05,2.7,T,26,093,03,Livingston,2023-05-01,unemployment_rate,1.8,3.2,0.9,-0.5
LAUCN260930000000003,2023,M06,3,T,26,093,03,Livingston,2023-06-01,unemployment_rate,2.7,3.1,0.3,-0.1
LAUCN260930000000003,2023,M07,3,T,26,093,03,Livingston,2023-07-01,unemployment_rate,3,2.8,0,0.2
LAUCN260930000000003,2023,M08,3,T,26,093,03,Livingston,2023-08-01,unemployment_rate,3,2.7,0,0.3
LAUCN260930000000003,2023,M09,3.1,T,26,093,03,Livingston,2023-09-01,unemployment_rate,3,2.6,0.1,0.5
LAUCN260930000000003,2023,M10,3,T,26,093,03,Livingston,2023-10-01,unemployment_rate,3.1,2.7,-0.1,0.3
LAUCN260930000000003,2023,M11,2.6,T,26,093,03,Livingston,2023-11-01,unemployment_rate,3,2.5,-0.4,0.1
LAUCN260930000000003,2023,M12,2.5,T,26,093,03,Livingston,2023-12-01,unemployment_rate,2.6,2.6,-0.1,-0.1
LAUCN260930000000003,2024,M01,3.1,T,26,093,03,Livingston,2024-01-01,unemployment_rate,2.5,3.3,0.6,-0.2
LAUCN260930000000003,2024,M02,3.2,T,26,093,03,Livingston,2024-02-01,unemployment_rate,3.1,3,0.1,0.2
LAUCN260930000000003,2024,M03,3,T,26,093,03,Livingston,2024-03-01,unemployment_rate,3.2,2.6,-0.2,0.4
LAUCN260930000000003,2024,M04,2.6,T,26,093,03,Livingston,2024-04-01,unemployment_rate,3,1.8,-0.4,0.8
LAUCN260930000000003,2024,M05,3.1,T,26,093,03,Livingston,2024-05-01,unemployment_rate,2.6,2.7,0.5,0.4
LAUCN260930000000003,2024,M06,3.7,T,26,093,03,Livingston,2024-06-01,unemployment_rate,3.1,3,0.6,0.7
LAUCN260930000000003,2024,M07,3.9,T,26,093,03,Livingston,2024-07-01,unemployment_rate,3.7,3,0.2,0.9
LAUCN260930000000003,2024,M08,3.2,T,26,093,03,Livingston,2024-08-01,unemployment_rate,3.9,3,-0.7,0.2
LAUCN260930000000003,2024,M09,3.5,T,26,093,03,Livingston,2024-09-01,unemployment_rate,3.2,3.1,0.3,0.4
LAUCN260930000000003,2024,M10,3.4,T,26,093,03,Livingston,2024-10-01,unemployment_rate,3.5,3,-0.1,0.4
LAUCN260930000000003,2024,M11,3.4,T,26,093,03,Livingston,2024-11-01,unemployment_rate,3.4,2.6,0,0.8
LAUCN260930000000003,2024,M12,3.5,T,26,093,03,Livingston,2024-12-01,unemployment_rate,3.4,2.5,0.1,1
LAUCN260930000000003,2025,M01,3.8,T,26,093,03,Livingston,2025-01-01,unemployment_rate,3.5,3.1,0.3,0.7
LAUCN260930000000003,2025,M02,4,T,26,093,03,Livingston,2025-02-01,unemployment_rate,3.8,3.2,0.2,0.8
LAUCN260930000000003,2025,M03,3.8,T,26,093,03,Livingston,2025-03-01,unemployment_rate,4,3,-0.2,0.8
LAUCN260930000000003,2025,M04,2.9,T,26,093,03,Livingston,2025-04-01,unemployment_rate,3.8,2.6,-0.9,0.3
LAUCN260930000000003,2025,M05,3.5,T,26,093,03,Livingston,2025-05-01,unemployment_rate,2.9,3.1,0.6,0.4
LAUCN260930000000003,2025,M06,3.7,T,26,093,03,Livingston,2025-06-01,unemployment_rate,3.5,3.7,0.2,0
LAUCN260930000000003,2025,M07,4.1,T,26,093,03,Livingston,2025-07-01,unemployment_rate,3.7,3.9,0.399999999999999,0.2
LAUCN260930000000003,2025,M08,3.4,T,26,093,03,Livingston,2025-08-01,unemployment_rate,4.1,3.2,-0.7,0.2
LAUCN260930000000003,2025,M09,3.5,T,26,093,03,Livingston,2025-09-01,unemployment_rate,3.4,3.5,0.1,0
LAUCN260930000000003,2025,M11,3.8,T,26,093,03,Livingston,2025-11-01,unemployment_rate,3.5,3.4,0.3,0.4
LAUCN260930000000003,2025,M12,3.6,T,26,093,03,Livingston,2025-12-01,unemployment_rate,3.8,3.4,-0.2,0.2
LAUCN260930000000003,2026,M01,4.2,"",26,093,03,Livingston,2026-01-01,unemployment_rate,3.6,3.5,0.6,0.7
LAUCN260930000000003,2026,M02,4.4,"",26,093,03,Livingston,2026-02-01,unemployment_rate,4.2,3.8,0.2,0.600000000000001
LAUCN260930000000003,2026,M03,3.9,"",26,093,03,Livingston,2026-03-01,unemployment_rate,4.4,4,-0.5,-0.1
LAUCN260930000000003,2026,M04,3.3,P,26,093,03,Livingston,2026-04-01,unemployment_rate,3.9,3.8,-0.6,-0.5
LAUCN261250000000005,1990,M01,562327,"",26,125,05,Oakland,1990-01-01,employed_count,,,,
LAUCN261250000000005,1990,M02,561116,"",26,125,05,Oakland,1990-02-01,employed_count,562327,,-1211,
LAUCN261250000000005,1990,M03,560263,"",26,125,05,Oakland,1990-03-01,employed_count,561116,,-853,
LAUCN261250000000005,1990,M04,559894,"",26,125,05,Oakland,1990-04-01,employed_count,560263,,-369,
LAUCN261250000000005,1990,M05,567248,"",26,125,05,Oakland,1990-05-01,employed_count,559894,,7354,
LAUCN261250000000005,1990,M06,573136,"",26,125,05,Oakland,1990-06-01,employed_count,567248,,5888,
LAUCN261250000000005,1990,M07,575525,"",26,125,05,Oakland,1990-07-01,employed_count,573136,,2389,
LAUCN261250000000005,1990,M08,575997,"",26,125,05,Oakland,1990-08-01,employed_count,575525,,472,
LAUCN261250000000005,1990,M09,567788,"",26,125,05,Oakland,1990-09-01,employed_count,575997,,-8209,
LAUCN261250000000005,1990,M10,567390,"",26,125,05,Oakland,1990-10-01,employed_count,567788,,-398,
LAUCN261250000000005,1990,M11,562931,"",26,125,05,Oakland,1990-11-01,employed_count,567390,,-4459,
LAUCN261250000000005,1990,M12,563278,"",26,125,05,Oakland,1990-12-01,employed_count,562931,,347,
LAUCN261250000000005,1991,M01,550661,"",26,125,05,Oakland,1991-01-01,employed_count,563278,562327,-12617,-11666
LAUCN261250000000005,1991,M02,549510,"",26,125,05,Oakland,1991-02-01,employed_count,550661,561116,-1151,-11606
LAUCN261250000000005,1991,M03,551327,"",26,125,05,Oakland,1991-03-01,employed_count,549510,560263,1817,-8936
LAUCN261250000000005,1991,M04,549092,"",26,125,05,Oakland,1991-04-01,employed_count,551327,559894,-2235,-10802
LAUCN261250000000005,1991,M05,549640,"",26,125,05,Oakland,1991-05-01,employed_count,549092,567248,548,-17608
LAUCN261250000000005,1991,M06,559359,"",26,125,05,Oakland,1991-06-01,employed_count,549640,573136,9719,-13777
LAUCN261250000000005,1991,M07,563454,"",26,125,05,Oakland,1991-07-01,employed_count,559359,575525,4095,-12071
LAUCN261250000000005,1991,M08,563883,"",26,125,05,Oakland,1991-08-01,employed_count,563454,575997,429,-12114
LAUCN261250000000005,1991,M09,560788,"",26,125,05,Oakland,1991-09-01,employed_count,563883,567788,-3095,-7000
LAUCN261250000000005,1991,M10,560439,"",26,125,05,Oakland,1991-10-01,employed_count,560788,567390,-349,-6951
LAUCN261250000000005,1991,M11,558134,"",26,125,05,Oakland,1991-11-01,employed_count,560439,562931,-2305,-4797
LAUCN261250000000005,1991,M12,560118,"",26,125,05,Oakland,1991-12-01,employed_count,558134,563278,1984,-3160
LAUCN261250000000005,1992,M01,554816,"",26,125,05,Oakland,1992-01-01,employed_count,560118,550661,-5302,4155
LAUCN261250000000005,1992,M02,554832,"",26,125,05,Oakland,1992-02-01,employed_count,554816,549510,16,5322
LAUCN261250000000005,1992,M03,560963,"",26,125,05,Oakland,1992-03-01,employed_count,554832,551327,6131,9636
LAUCN261250000000005,1992,M04,562322,"",26,125,05,Oakland,1992-04-01,employed_count,560963,549092,1359,13230
LAUCN261250000000005,1992,M05,566658,"",26,125,05,Oakland,1992-05-01,employed_count,562322,549640,4336,17018
LAUCN261250000000005,1992,M06,573918,"",26,125,05,Oakland,1992-06-01,employed_count,566658,559359,7260,14559
LAUCN261250000000005,1992,M07,580089,"",26,125,05,Oakland,1992-07-01,employed_count,573918,563454,6171,16635
LAUCN261250000000005,1992,M08,586153,"",26,125,05,Oakland,1992-08-01,employed_count,580089,563883,6064,22270
LAUCN261250000000005,1992,M09,578650,"",26,125,05,Oakland,1992-09-01,employed_count,586153,560788,-7503,17862
LAUCN261250000000005,1992,M10,578106,"",26,125,05,Oakland,1992-10-01,employed_count,578650,560439,-544,17667
LAUCN261250000000005,1992,M11,577586,"",26,125,05,Oakland,1992-11-01,employed_count,578106,558134,-520,19452
LAUCN261250000000005,1992,M12,579553,"",26,125,05,Oakland,1992-12-01,employed_count,577586,560118,1967,19435
LAUCN261250000000005,1993,M01,566680,"",26,125,05,Oakland,1993-01-01,employed_count,579553,554816,-12873,11864
LAUCN261250000000005,1993,M02,571212,"",26,125,05,Oakland,1993-02-01,employed_count,566680,554832,4532,16380
LAUCN261250000000005,1993,M03,575135,"",26,125,05,Oakland,1993-03-01,employed_count,571212,560963,3923,14172
LAUCN261250000000005,1993,M04,573760,"",26,125,05,Oakland,1993-04-01,employed_count,575135,562322,-1375,11438
LAUCN261250000000005,1993,M05,581948,"",26,125,05,Oakland,1993-05-01,employed_count,573760,566658,8188,15290
LAUCN261250000000005,1993,M06,589344,"",26,125,05,Oakland,1993-06-01,employed_count,581948,573918,7396,15426
LAUCN261250000000005,1993,M07,593540,"",26,125,05,Oakland,1993-07-01,employed_count,589344,580089,4196,13451
LAUCN261250000000005,1993,M08,596821,"",26,125,05,Oakland,1993-08-01,employed_count,593540,586153,3281,10668
LAUCN261250000000005,1993,M09,590196,"",26,125,05,Oakland,1993-09-01,employed_count,596821,578650,-6625,11546
LAUCN261250000000005,1993,M10,592750,"",26,125,05,Oakland,1993-10-01,employed_count,590196,578106,2554,14644
LAUCN261250000000005,1993,M11,590812,"",26,125,05,Oakland,1993-11-01,employed_count,592750,577586,-1938,13226
LAUCN261250000000005,1993,M12,591583,"",26,125,05,Oakland,1993-12-01,employed_count,590812,579553,771,12030
LAUCN261250000000005,1994,M01,584450,"",26,125,05,Oakland,1994-01-01,employed_count,591583,566680,-7133,17770
LAUCN261250000000005,1994,M02,585102,"",26,125,05,Oakland,1994-02-01,employed_count,584450,571212,652,13890
LAUCN261250000000005,1994,M03,584267,"",26,125,05,Oakland,1994-03-01,employed_count,585102,575135,-835,9132
LAUCN261250000000005,1994,M04,584115,"",26,125,05,Oakland,1994-04-01,employed_count,584267,573760,-152,10355
LAUCN261250000000005,1994,M05,590070,"",26,125,05,Oakland,1994-05-01,employed_count,584115,581948,5955,8122
LAUCN261250000000005,1994,M06,594748,"",26,125,05,Oakland,1994-06-01,employed_count,590070,589344,4678,5404
LAUCN261250000000005,1994,M07,597621,"",26,125,05,Oakland,1994-07-01,employed_count,594748,593540,2873,4081
LAUCN261250000000005,1994,M08,604036,"",26,125,05,Oakland,1994-08-01,employed_count,597621,596821,6415,7215
LAUCN261250000000005,1994,M09,602044,"",26,125,05,Oakland,1994-09-01,employed_count,604036,590196,-1992,11848
LAUCN261250000000005,1994,M10,605854,"",26,125,05,Oakland,1994-10-01,employed_count,602044,592750,3810,13104
LAUCN261250000000005,1994,M11,605137,"",26,125,05,Oakland,1994-11-01,employed_count,605854,590812,-717,14325
LAUCN261250000000005,1994,M12,606003,"",26,125,05,Oakland,1994-12-01,employed_count,605137,591583,866,14420
LAUCN261250000000005,1995,M01,593933,"",26,125,05,Oakland,1995-01-01,employed_count,606003,584450,-12070,9483
LAUCN261250000000005,1995,M02,594954,"",26,125,05,Oakland,1995-02-01,employed_count,593933,585102,1021,9852
LAUCN261250000000005,1995,M03,594678,"",26,125,05,Oakland,1995-03-01,employed_count,594954,584267,-276,10411
LAUCN261250000000005,1995,M04,594854,"",26,125,05,Oakland,1995-04-01,employed_count,594678,584115,176,10739
LAUCN261250000000005,1995,M05,600350,"",26,125,05,Oakland,1995-05-01,employed_count,594854,590070,5496,10280
LAUCN261250000000005,1995,M06,605983,"",26,125,05,Oakland,1995-06-01,employed_count,600350,594748,5633,11235
LAUCN261250000000005,1995,M07,612861,"",26,125,05,Oakland,1995-07-01,employed_count,605983,597621,6878,15240
LAUCN261250000000005,1995,M08,615391,"",26,125,05,Oakland,1995-08-01,employed_count,612861,604036,2530,11355
LAUCN261250000000005,1995,M09,608644,"",26,125,05,Oakland,1995-09-01,employed_count,615391,602044,-6747,6600
LAUCN261250000000005,1995,M10,614843,"",26,125,05,Oakland,1995-10-01,employed_count,608644,605854,6199,8989
LAUCN261250000000005,1995,M11,613634,"",26,125,05,Oakland,1995-11-01,employed_count,614843,605137,-1209,8497
LAUCN261250000000005,1995,M12,614094,"",26,125,05,Oakland,1995-12-01,employed_count,613634,606003,460,8091
LAUCN261250000000005,1996,M01,604922,"",26,125,05,Oakland,1996-01-01,employed_count,614094,593933,-9172,10989
LAUCN261250000000005,1996,M02,611753,"",26,125,05,Oakland,1996-02-01,employed_count,604922,594954,6831,16799
LAUCN261250000000005,1996,M03,615944,"",26,125,05,Oakland,1996-03-01,employed_count,611753,594678,4191,21266
LAUCN261250000000005,1996,M04,613223,"",26,125,05,Oakland,1996-04-01,employed_count,615944,594854,-2721,18369
LAUCN261250000000005,1996,M05,615684,"",26,125,05,Oakland,1996-05-01,employed_count,613223,600350,2461,15334
LAUCN261250000000005,1996,M06,620552,"",26,125,05,Oakland,1996-06-01,employed_count,615684,605983,4868,14569
LAUCN261250000000005,1996,M07,625395,"",26,125,05,Oakland,1996-07-01,employed_count,620552,612861,4843,12534
LAUCN261250000000005,1996,M08,627268,"",26,125,05,Oakland,1996-08-01,employed_count,625395,615391,1873,11877
LAUCN261250000000005,1996,M09,619705,"",26,125,05,Oakland,1996-09-01,employed_count,627268,608644,-7563,11061
LAUCN261250000000005,1996,M10,624215,"",26,125,05,Oakland,1996-10-01,employed_count,619705,614843,4510,9372
LAUCN261250000000005,1996,M11,623016,"",26,125,05,Oakland,1996-11-01,employed_count,624215,613634,-1199,9382
LAUCN261250000000005,1996,M12,622266,"",26,125,05,Oakland,1996-12-01,employed_count,623016,614094,-750,8172
LAUCN261250000000005,1997,M01,610745,"",26,125,05,Oakland,1997-01-01,employed_count,622266,604922,-11521,5823
LAUCN261250000000005,1997,M02,613878,"",26,125,05,Oakland,1997-02-01,employed_count,610745,611753,3133,2125
LAUCN261250000000005,1997,M03,618598,"",26,125,05,Oakland,1997-03-01,employed_count,613878,615944,4720,2654
LAUCN261250000000005,1997,M04,616613,"",26,125,05,Oakland,1997-04-01,employed_count,618598,613223,-1985,3390
LAUCN261250000000005,1997,M05,623865,"",26,125,05,Oakland,1997-05-01,employed_count,616613,615684,7252,8181
LAUCN261250000000005,1997,M06,628724,"",26,125,05,Oakland,1997-06-01,employed_count,623865,620552,4859,8172
LAUCN261250000000005,1997,M07,635817,"",26,125,05,Oakland,1997-07-01,employed_count,628724,625395,7093,10422
LAUCN261250000000005,1997,M08,638123,"",26,125,05,Oakland,1997-08-01,employed_count,635817,627268,2306,10855
LAUCN261250000000005,1997,M09,632306,"",26,125,05,Oakland,1997-09-01,employed_count,638123,619705,-5817,12601
LAUCN261250000000005,1997,M10,633729,"",26,125,05,Oakland,1997-10-01,employed_count,632306,624215,1423,9514
LAUCN261250000000005,1997,M11,636320,"",26,125,05,Oakland,1997-11-01,employed_count,633729,623016,2591,13304
LAUCN261250000000005,1997,M12,634519,"",26,125,05,Oakland,1997-12-01,employed_count,636320,622266,-1801,12253
LAUCN261250000000005,1998,M01,624341,"",26,125,05,Oakland,1998-01-01,employed_count,634519,610745,-10178,13596
LAUCN261250000000005,1998,M02,628798,"",26,125,05,Oakland,1998-02-01,employed_count,624341,613878,4457,14920
LAUCN261250000000005,1998,M03,632799,"",26,125,05,Oakland,1998-03-01,employed_count,628798,618598,4001,14201
LAUCN261250000000005,1998,M04,631999,"",26,125,05,Oakland,1998-04-01,employed_count,632799,616613,-800,15386
LAUCN261250000000005,1998,M05,636498,"",26,125,05,Oakland,1998-05-01,employed_count,631999,623865,4499,12633
LAUCN261250000000005,1998,M06,641682,"",26,125,05,Oakland,1998-06-01,employed_count,636498,628724,5184,12958
LAUCN261250000000005,1998,M07,623788,"",26,125,05,Oakland,1998-07-01,employed_count,641682,635817,-17894,-12029
LAUCN261250000000005,1998,M08,645213,"",26,125,05,Oakland,1998-08-01,employed_count,623788,638123,21425,7090
LAUCN261250000000005,1998,M09,642783,"",26,125,05,Oakland,1998-09-01,employed_count,645213,632306,-2430,10477
LAUCN261250000000005,1998,M10,646160,"",26,125,05,Oakland,1998-10-01,employed_count,642783,633729,3377,12431
LAUCN261250000000005,1998,M11,646897,"",26,125,05,Oakland,1998-11-01,employed_count,646160,636320,737,10577
LAUCN261250000000005,1998,M12,647743,"",26,125,05,Oakland,1998-12-01,employed_count,646897,634519,846,13224
LAUCN261250000000005,1999,M01,638776,"",26,125,05,Oakland,1999-01-01,employed_count,647743,624341,-8967,14435
LAUCN261250000000005,1999,M02,638734,"",26,125,05,Oakland,1999-02-01,employed_count,638776,628798,-42,9936
LAUCN261250000000005,1999,M03,645590,"",26,125,05,Oakland,1999-03-01,employed_count,638734,632799,6856,12791
LAUCN261250000000005,1999,M04,646468,"",26,125,05,Oakland,1999-04-01,employed_count,645590,631999,878,14469
LAUCN261250000000005,1999,M05,655234,"",26,125,05,Oakland,1999-05-01,employed_count,646468,636498,8766,18736
LAUCN261250000000005,1999,M06,659870,"",26,125,05,Oakland,1999-06-01,employed_count,655234,641682,4636,18188
LAUCN261250000000005,1999,M07,661055,"",26,125,05,Oakland,1999-07-01,employed_count,659870,623788,1185,37267
LAUCN261250000000005,1999,M08,664904,"",26,125,05,Oakland,1999-08-01,employed_count,661055,645213,3849,19691
LAUCN261250000000005,1999,M09,658986,"",26,125,05,Oakland,1999-09-01,employed_count,664904,642783,-5918,16203
LAUCN261250000000005,1999,M10,665755,"",26,125,05,Oakland,1999-10-01,employed_count,658986,646160,6769,19595
LAUCN261250000000005,1999,M11,667343,"",26,125,05,Oakland,1999-11-01,employed_count,665755,646897,1588,20446
LAUCN261250000000005,1999,M12,669087,"",26,125,05,Oakland,1999-12-01,employed_count,667343,647743,1744,21344
LAUCN261250000000005,2000,M01,659575,"",26,125,05,Oakland,2000-01-01,employed_count,669087,638776,-9512,20799
LAUCN261250000000005,2000,M02,658908,"",26,125,05,Oakland,2000-02-01,employed_count,659575,638734,-667,20174
LAUCN261250000000005,2000,M03,658447,"",26,125,05,Oakland,2000-03-01,employed_count,658908,645590,-461,12857
LAUCN261250000000005,2000,M04,657680,"",26,125,05,Oakland,2000-04-01,employed_count,658447,646468,-767,11212
LAUCN261250000000005,2000,M05,656608,"",26,125,05,Oakland,2000-05-01,employed_count,657680,655234,-1072,1374
LAUCN261250000000005,2000,M06,665397,"",26,125,05,Oakland,2000-06-01,employed_count,656608,659870,8789,5527
LAUCN261250000000005,2000,M07,663422,"",26,125,05,Oakland,2000-07-01,employed_count,665397,661055,-1975,2367
LAUCN261250000000005,2000,M08,665229,"",26,125,05,Oakland,2000-08-01,employed_count,663422,664904,1807,325
LAUCN261250000000005,2000,M09,656911,"",26,125,05,Oakland,2000-09-01,employed_count,665229,658986,-8318,-2075
LAUCN261250000000005,2000,M10,655493,"",26,125,05,Oakland,2000-10-01,employed_count,656911,665755,-1418,-10262
LAUCN261250000000005,2000,M11,652510,"",26,125,05,Oakland,2000-11-01,employed_count,655493,667343,-2983,-14833
LAUCN261250000000005,2000,M12,652823,"",26,125,05,Oakland,2000-12-01,employed_count,652510,669087,313,-16264
LAUCN261250000000005,2001,M01,637578,"",26,125,05,Oakland,2001-01-01,employed_count,652823,659575,-15245,-21997
LAUCN261250000000005,2001,M02,637472,"",26,125,05,Oakland,2001-02-01,employed_count,637578,658908,-106,-21436
LAUCN261250000000005,2001,M03,637928,"",26,125,05,Oakland,2001-03-01,employed_count,637472,658447,456,-20519
LAUCN261250000000005,2001,M04,628925,"",26,125,05,Oakland,2001-04-01,employed_count,637928,657680,-9003,-28755
LAUCN261250000000005,2001,M05,629514,"",26,125,05,Oakland,2001-05-01,employed_count,628925,656608,589,-27094
LAUCN261250000000005,2001,M06,633404,"",26,125,05,Oakland,2001-06-01,employed_count,629514,665397,3890,-31993
LAUCN261250000000005,2001,M07,635896,"",26,125,05,Oakland,2001-07-01,employed_count,633404,663422,2492,-27526
LAUCN261250000000005,2001,M08,631865,"",26,125,05,Oakland,2001-08-01,employed_count,635896,665229,-4031,-33364
LAUCN261250000000005,2001,M09,628991,"",26,125,05,Oakland,2001-09-01,employed_count,631865,656911,-2874,-27920
LAUCN261250000000005,2001,M10,627869,"",26,125,05,Oakland,2001-10-01,employed_count,628991,655493,-1122,-27624
LAUCN261250000000005,2001,M11,623682,"",26,125,05,Oakland,2001-11-01,employed_count,627869,652510,-4187,-28828
LAUCN261250000000005,2001,M12,624229,"",26,125,05,Oakland,2001-12-01,employed_count,623682,652823,547,-28594
LAUCN261250000000005,2002,M01,606133,"",26,125,05,Oakland,2002-01-01,employed_count,624229,637578,-18096,-31445
LAUCN261250000000005,2002,M02,609196,"",26,125,05,Oakland,2002-02-01,employed_count,606133,637472,3063,-28276
LAUCN261250000000005,2002,M03,607579,"",26,125,05,Oakland,2002-03-01,employed_count,609196,637928,-1617,-30349
LAUCN261250000000005,2002,M04,607413,"",26,125,05,Oakland,2002-04-01,employed_count,607579,628925,-166,-21512
LAUCN261250000000005,2002,M05,611151,"",26,125,05,Oakland,2002-05-01,employed_count,607413,629514,3738,-18363
LAUCN261250000000005,2002,M06,613348,"",26,125,05,Oakland,2002-06-01,employed_count,611151,633404,2197,-20056
LAUCN261250000000005,2002,M07,614702,"",26,125,05,Oakland,2002-07-01,employed_count,613348,635896,1354,-21194
LAUCN261250000000005,2002,M08,620134,"",26,125,05,Oakland,2002-08-01,employed_count,614702,631865,5432,-11731
LAUCN261250000000005,2002,M09,620294,"",26,125,05,Oakland,2002-09-01,employed_count,620134,628991,160,-8697
LAUCN261250000000005,2002,M10,620725,"",26,125,05,Oakland,2002-10-01,employed_count,620294,627869,431,-7144
LAUCN261250000000005,2002,M11,615650,"",26,125,05,Oakland,2002-11-01,employed_count,620725,623682,-5075,-8032
LAUCN261250000000005,2002,M12,613440,"",26,125,05,Oakland,2002-12-01,employed_count,615650,624229,-2210,-10789
LAUCN261250000000005,2003,M01,602830,"",26,125,05,Oakland,2003-01-01,employed_count,613440,606133,-10610,-3303
LAUCN261250000000005,2003,M02,605450,"",26,125,05,Oakland,2003-02-01,employed_count,602830,609196,2620,-3746
LAUCN261250000000005,2003,M03,605000,"",26,125,05,Oakland,2003-03-01,employed_count,605450,607579,-450,-2579
LAUCN261250000000005,2003,M04,602108,"",26,125,05,Oakland,2003-04-01,employed_count,605000,607413,-2892,-5305
LAUCN261250000000005,2003,M05,602948,"",26,125,05,Oakland,2003-05-01,employed_count,602108,611151,840,-8203
LAUCN261250000000005,2003,M06,607509,"",26,125,05,Oakland,2003-06-01,employed_count,602948,613348,4561,-5839
LAUCN261250000000005,2003,M07,606827,"",26,125,05,Oakland,2003-07-01,employed_count,607509,614702,-682,-7875
LAUCN261250000000005,2003,M08,607403,"",26,125,05,Oakland,2003-08-01,employed_count,606827,620134,576,-12731
LAUCN261250000000005,2003,M09,604151,"",26,125,05,Oakland,2003-09-01,employed_count,607403,620294,-3252,-16143
LAUCN261250000000005,2003,M10,607147,"",26,125,05,Oakland,2003-10-01,employed_count,604151,620725,2996,-13578
LAUCN261250000000005,2003,M11,607234,"",26,125,05,Oakland,2003-11-01,employed_count,607147,615650,87,-8416
LAUCN261250000000005,2003,M12,604640,"",26,125,05,Oakland,2003-12-01,employed_count,607234,613440,-2594,-8800
LAUCN261250000000005,2004,M01,594162,"",26,125,05,Oakland,2004-01-01,employed_count,604640,602830,-10478,-8668
LAUCN261250000000005,2004,M02,596623,"",26,125,05,Oakland,2004-02-01,employed_count,594162,605450,2461,-8827
LAUCN261250000000005,2004,M03,595916,"",26,125,05,Oakland,2004-03-01,employed_count,596623,605000,-707,-9084
LAUCN261250000000005,2004,M04,593590,"",26,125,05,Oakland,2004-04-01,employed_count,595916,602108,-2326,-8518
LAUCN261250000000005,2004,M05,597132,"",26,125,05,Oakland,2004-05-01,employed_count,593590,602948,3542,-5816
LAUCN261250000000005,2004,M06,600720,"",26,125,05,Oakland,2004-06-01,employed_count,597132,607509,3588,-6789
LAUCN261250000000005,2004,M07,604706,"",26,125,05,Oakland,2004-07-01,employed_count,600720,606827,3986,-2121
LAUCN261250000000005,2004,M08,606674,"",26,125,05,Oakland,2004-08-01,employed_count,604706,607403,1968,-729
LAUCN261250000000005,2004,M09,602066,"",26,125,05,Oakland,2004-09-01,employed_count,606674,604151,-4608,-2085
LAUCN261250000000005,2004,M10,607725,"",26,125,05,Oakland,2004-10-01,employed_count,602066,607147,5659,578
LAUCN261250000000005,2004,M11,603778,"",26,125,05,Oakland,2004-11-01,employed_count,607725,607234,-3947,-3456
LAUCN261250000000005,2004,M12,601935,"",26,125,05,Oakland,2004-12-01,employed_count,603778,604640,-1843,-2705
LAUCN261250000000005,2005,M01,585302,"",26,125,05,Oakland,2005-01-01,employed_count,601935,594162,-16633,-8860
LAUCN261250000000005,2005,M02,585712,"",26,125,05,Oakland,2005-02-01,employed_count,585302,596623,410,-10911
LAUCN261250000000005,2005,M03,587329,"",26,125,05,Oakland,2005-03-01,employed_count,585712,595916,1617,-8587
LAUCN261250000000005,2005,M04,589427,"",26,125,05,Oakland,2005-04-01,employed_count,587329,593590,2098,-4163
LAUCN261250000000005,2005,M05,595715,"",26,125,05,Oakland,2005-05-01,employed_count,589427,597132,6288,-1417
LAUCN261250000000005,2005,M06,600505,"",26,125,05,Oakland,2005-06-01,employed_count,595715,600720,4790,-215
LAUCN261250000000005,2005,M07,605302,"",26,125,05,Oakland,2005-07-01,employed_count,600505,604706,4797,596
LAUCN261250000000005,2005,M08,609545,"",26,125,05,Oakland,2005-08-01,employed_count,605302,606674,4243,2871
LAUCN261250000000005,2005,M09,603535,"",26,125,05,Oakland,2005-09-01,employed_count,609545,602066,-6010,1469
LAUCN261250000000005,2005,M10,602577,"",26,125,05,Oakland,2005-10-01,employed_count,603535,607725,-958,-5148
LAUCN261250000000005,2005,M11,597835,"",26,125,05,Oakland,2005-11-01,employed_count,602577,603778,-4742,-5943
LAUCN261250000000005,2005,M12,595443,"",26,125,05,Oakland,2005-12-01,employed_count,597835,601935,-2392,-6492
LAUCN261250000000005,2006,M01,579204,"",26,125,05,Oakland,2006-01-01,employed_count,595443,585302,-16239,-6098
LAUCN261250000000005,2006,M02,579485,"",26,125,05,Oakland,2006-02-01,employed_count,579204,585712,281,-6227
LAUCN261250000000005,2006,M03,582687,"",26,125,05,Oakland,2006-03-01,employed_count,579485,587329,3202,-4642
LAUCN261250000000005,2006,M04,581362,"",26,125,05,Oakland,2006-04-01,employed_count,582687,589427,-1325,-8065
LAUCN261250000000005,2006,M05,586465,"",26,125,05,Oakland,2006-05-01,employed_count,581362,595715,5103,-9250
LAUCN261250000000005,2006,M06,589547,"",26,125,05,Oakland,2006-06-01,employed_count,586465,600505,3082,-10958
LAUCN261250000000005,2006,M07,591205,"",26,125,05,Oakland,2006-07-01,employed_count,589547,605302,1658,-14097
LAUCN261250000000005,2006,M08,594046,"",26,125,05,Oakland,2006-08-01,employed_count,591205,609545,2841,-15499
LAUCN261250000000005,2006,M09,590200,"",26,125,05,Oakland,2006-09-01,employed_count,594046,603535,-3846,-13335
LAUCN261250000000005,2006,M10,596612,"",26,125,05,Oakland,2006-10-01,employed_count,590200,602577,6412,-5965
LAUCN261250000000005,2006,M11,590746,"",26,125,05,Oakland,2006-11-01,employed_count,596612,597835,-5866,-7089
LAUCN261250000000005,2006,M12,589137,"",26,125,05,Oakland,2006-12-01,employed_count,590746,595443,-1609,-6306
LAUCN261250000000005,2007,M01,577610,"",26,125,05,Oakland,2007-01-01,employed_count,589137,579204,-11527,-1594
LAUCN261250000000005,2007,M02,577622,"",26,125,05,Oakland,2007-02-01,employed_count,577610,579485,12,-1863
LAUCN261250000000005,2007,M03,580631,"",26,125,05,Oakland,2007-03-01,employed_count,577622,582687,3009,-2056
LAUCN261250000000005,2007,M04,572284,"",26,125,05,Oakland,2007-04-01,employed_count,580631,581362,-8347,-9078
LAUCN261250000000005,2007,M05,577529,"",26,125,05,Oakland,2007-05-01,employed_count,572284,586465,5245,-8936
LAUCN261250000000005,2007,M06,581749,"",26,125,05,Oakland,2007-06-01,employed_count,577529,589547,4220,-7798
LAUCN261250000000005,2007,M07,585617,"",26,125,05,Oakland,2007-07-01,employed_count,581749,591205,3868,-5588
LAUCN261250000000005,2007,M08,580239,"",26,125,05,Oakland,2007-08-01,employed_count,585617,594046,-5378,-13807
LAUCN261250000000005,2007,M09,577732,"",26,125,05,Oakland,2007-09-01,employed_count,580239,590200,-2507,-12468
LAUCN261250000000005,2007,M10,576261,"",26,125,05,Oakland,2007-10-01,employed_count,577732,596612,-1471,-20351
LAUCN261250000000005,2007,M11,575918,"",26,125,05,Oakland,2007-11-01,employed_count,576261,590746,-343,-14828
LAUCN261250000000005,2007,M12,571026,"",26,125,05,Oakland,2007-12-01,employed_count,575918,589137,-4892,-18111
LAUCN261250000000005,2008,M01,562845,"",26,125,05,Oakland,2008-01-01,employed_count,571026,577610,-8181,-14765
LAUCN261250000000005,2008,M02,560821,"",26,125,05,Oakland,2008-02-01,employed_count,562845,577622,-2024,-16801
LAUCN261250000000005,2008,M03,561329,"",26,125,05,Oakland,2008-03-01,employed_count,560821,580631,508,-19302
LAUCN261250000000005,2008,M04,557848,"",26,125,05,Oakland,2008-04-01,employed_count,561329,572284,-3481,-14436
LAUCN261250000000005,2008,M05,560399,"",26,125,05,Oakland,2008-05-01,employed_count,557848,577529,2551,-17130
LAUCN261250000000005,2008,M06,563449,"",26,125,05,Oakland,2008-06-01,employed_count,560399,581749,3050,-18300
LAUCN261250000000005,2008,M07,566158,"",26,125,05,Oakland,2008-07-01,employed_count,563449,585617,2709,-19459
LAUCN261250000000005,2008,M08,565801,"",26,125,05,Oakland,2008-08-01,employed_count,566158,580239,-357,-14438
LAUCN261250000000005,2008,M09,559472,"",26,125,05,Oakland,2008-09-01,employed_count,565801,577732,-6329,-18260
LAUCN261250000000005,2008,M10,556193,"",26,125,05,Oakland,2008-10-01,employed_count,559472,576261,-3279,-20068
LAUCN261250000000005,2008,M11,545756,"",26,125,05,Oakland,2008-11-01,employed_count,556193,575918,-10437,-30162
LAUCN261250000000005,2008,M12,537964,"",26,125,05,Oakland,2008-12-01,employed_count,545756,571026,-7792,-33062
LAUCN261250000000005,2009,M01,524448,"",26,125,05,Oakland,2009-01-01,employed_count,537964,562845,-13516,-38397
LAUCN261250000000005,2009,M02,521086,"",26,125,05,Oakland,2009-02-01,employed_count,524448,560821,-3362,-39735
LAUCN261250000000005,2009,M03,520105,"",26,125,05,Oakland,2009-03-01,employed_count,521086,561329,-981,-41224
LAUCN261250000000005,2009,M04,518748,"",26,125,05,Oakland,2009-04-01,employed_count,520105,557848,-1357,-39100
LAUCN261250000000005,2009,M05,517034,"",26,125,05,Oakland,2009-05-01,employed_count,518748,560399,-1714,-43365
LAUCN261250000000005,2009,M06,517465,"",26,125,05,Oakland,2009-06-01,employed_count,517034,563449,431,-45984
LAUCN261250000000005,2009,M07,521997,"",26,125,05,Oakland,2009-07-01,employed_count,517465,566158,4532,-44161
LAUCN261250000000005,2009,M08,522854,"",26,125,05,Oakland,2009-08-01,employed_count,521997,565801,857,-42947
LAUCN261250000000005,2009,M09,516436,"",26,125,05,Oakland,2009-09-01,employed_count,522854,559472,-6418,-43036
LAUCN261250000000005,2009,M10,516399,"",26,125,05,Oakland,2009-10-01,employed_count,516436,556193,-37,-39794
LAUCN261250000000005,2009,M11,517073,"",26,125,05,Oakland,2009-11-01,employed_count,516399,545756,674,-28683
LAUCN261250000000005,2009,M12,514523,"",26,125,05,Oakland,2009-12-01,employed_count,517073,537964,-2550,-23441
LAUCN261250000000005,2010,M01,534311,"",26,125,05,Oakland,2010-01-01,employed_count,514523,524448,19788,9863
LAUCN261250000000005,2010,M02,534668,"",26,125,05,Oakland,2010-02-01,employed_count,534311,521086,357,13582
LAUCN261250000000005,2010,M03,539427,"",26,125,05,Oakland,2010-03-01,employed_count,534668,520105,4759,19322
LAUCN261250000000005,2010,M04,540823,"",26,125,05,Oakland,2010-04-01,employed_count,539427,518748,1396,22075
LAUCN261250000000005,2010,M05,544570,"",26,125,05,Oakland,2010-05-01,employed_count,540823,517034,3747,27536
LAUCN261250000000005,2010,M06,544605,"",26,125,05,Oakland,2010-06-01,employed_count,544570,517465,35,27140
LAUCN261250000000005,2010,M07,548865,"",26,125,05,Oakland,2010-07-01,employed_count,544605,521997,4260,26868
LAUCN261250000000005,2010,M08,554137,"",26,125,05,Oakland,2010-08-01,employed_count,548865,522854,5272,31283
LAUCN261250000000005,2010,M09,551642,"",26,125,05,Oakland,2010-09-01,employed_count,554137,516436,-2495,35206
LAUCN261250000000005,2010,M10,548585,"",26,125,05,Oakland,2010-10-01,employed_count,551642,516399,-3057,32186
LAUCN261250000000005,2010,M11,545780,"",26,125,05,Oakland,2010-11-01,employed_count,548585,517073,-2805,28707
LAUCN261250000000005,2010,M12,544323,"",26,125,05,Oakland,2010-12-01,employed_count,545780,514523,-1457,29800
LAUCN261250000000005,2011,M01,537999,"",26,125,05,Oakland,2011-01-01,employed_count,544323,534311,-6324,3688
LAUCN261250000000005,2011,M02,536418,"",26,125,05,Oakland,2011-02-01,employed_count,537999,534668,-1581,1750
LAUCN261250000000005,2011,M03,542937,"",26,125,05,Oakland,2011-03-01,employed_count,536418,539427,6519,3510
LAUCN261250000000005,2011,M04,541874,"",26,125,05,Oakland,2011-04-01,employed_count,542937,540823,-1063,1051
LAUCN261250000000005,2011,M05,548160,"",26,125,05,Oakland,2011-05-01,employed_count,541874,544570,6286,3590
LAUCN261250000000005,2011,M06,548672,"",26,125,05,Oakland,2011-06-01,employed_count,548160,544605,512,4067
LAUCN261250000000005,2011,M07,552908,"",26,125,05,Oakland,2011-07-01,employed_count,548672,548865,4236,4043
LAUCN261250000000005,2011,M08,560684,"",26,125,05,Oakland,2011-08-01,employed_count,552908,554137,7776,6547
LAUCN261250000000005,2011,M09,561726,"",26,125,05,Oakland,2011-09-01,employed_count,560684,551642,1042,10084
LAUCN261250000000005,2011,M10,563441,"",26,125,05,Oakland,2011-10-01,employed_count,561726,548585,1715,14856
LAUCN261250000000005,2011,M11,563228,"",26,125,05,Oakland,2011-11-01,employed_count,563441,545780,-213,17448
LAUCN261250000000005,2011,M12,563466,"",26,125,05,Oakland,2011-12-01,employed_count,563228,544323,238,19143
LAUCN261250000000005,2012,M01,556916,"",26,125,05,Oakland,2012-01-01,employed_count,563466,537999,-6550,18917
LAUCN261250000000005,2012,M02,557393,"",26,125,05,Oakland,2012-02-01,employed_count,556916,536418,477,20975
LAUCN261250000000005,2012,M03,561443,"",26,125,05,Oakland,2012-03-01,employed_count,557393,542937,4050,18506
LAUCN261250000000005,2012,M04,557876,"",26,125,05,Oakland,2012-04-01,employed_count,561443,541874,-3567,16002
LAUCN261250000000005,2012,M05,563176,"",26,125,05,Oakland,2012-05-01,employed_count,557876,548160,5300,15016
LAUCN261250000000005,2012,M06,567778,"",26,125,05,Oakland,2012-06-01,employed_count,563176,548672,4602,19106
LAUCN261250000000005,2012,M07,571437,"",26,125,05,Oakland,2012-07-01,employed_count,567778,552908,3659,18529
LAUCN261250000000005,2012,M08,574465,"",26,125,05,Oakland,2012-08-01,employed_count,571437,560684,3028,13781
LAUCN261250000000005,2012,M09,576958,"",26,125,05,Oakland,2012-09-01,employed_count,574465,561726,2493,15232
LAUCN261250000000005,2012,M10,579713,"",26,125,05,Oakland,2012-10-01,employed_count,576958,563441,2755,16272
LAUCN261250000000005,2012,M11,576423,"",26,125,05,Oakland,2012-11-01,employed_count,579713,563228,-3290,13195
LAUCN261250000000005,2012,M12,575864,"",26,125,05,Oakland,2012-12-01,employed_count,576423,563466,-559,12398
LAUCN261250000000005,2013,M01,569600,"",26,125,05,Oakland,2013-01-01,employed_count,575864,556916,-6264,12684
LAUCN261250000000005,2013,M02,570265,"",26,125,05,Oakland,2013-02-01,employed_count,569600,557393,665,12872
LAUCN261250000000005,2013,M03,575854,"",26,125,05,Oakland,2013-03-01,employed_count,570265,561443,5589,14411
LAUCN261250000000005,2013,M04,577295,"",26,125,05,Oakland,2013-04-01,employed_count,575854,557876,1441,19419
LAUCN261250000000005,2013,M05,584274,"",26,125,05,Oakland,2013-05-01,employed_count,577295,563176,6979,21098
LAUCN261250000000005,2013,M06,586117,"",26,125,05,Oakland,2013-06-01,employed_count,584274,567778,1843,18339
LAUCN261250000000005,2013,M07,592372,"",26,125,05,Oakland,2013-07-01,employed_count,586117,571437,6255,20935
LAUCN261250000000005,2013,M08,594561,"",26,125,05,Oakland,2013-08-01,employed_count,592372,574465,2189,20096
LAUCN261250000000005,2013,M09,595238,"",26,125,05,Oakland,2013-09-01,employed_count,594561,576958,677,18280
LAUCN261250000000005,2013,M10,590191,"",26,125,05,Oakland,2013-10-01,employed_count,595238,579713,-5047,10478
LAUCN261250000000005,2013,M11,589981,"",26,125,05,Oakland,2013-11-01,employed_count,590191,576423,-210,13558
LAUCN261250000000005,2013,M12,591482,"",26,125,05,Oakland,2013-12-01,employed_count,589981,575864,1501,15618
LAUCN261250000000005,2014,M01,584677,"",26,125,05,Oakland,2014-01-01,employed_count,591482,569600,-6805,15077
LAUCN261250000000005,2014,M02,582186,"",26,125,05,Oakland,2014-02-01,employed_count,584677,570265,-2491,11921
LAUCN261250000000005,2014,M03,586320,"",26,125,05,Oakland,2014-03-01,employed_count,582186,575854,4134,10466
LAUCN261250000000005,2014,M04,583413,"",26,125,05,Oakland,2014-04-01,employed_count,586320,577295,-2907,6118
LAUCN261250000000005,2014,M05,587332,"",26,125,05,Oakland,2014-05-01,employed_count,583413,584274,3919,3058
LAUCN261250000000005,2014,M06,591547,"",26,125,05,Oakland,2014-06-01,employed_count,587332,586117,4215,5430
LAUCN261250000000005,2014,M07,597353,"",26,125,05,Oakland,2014-07-01,employed_count,591547,592372,5806,4981
LAUCN261250000000005,2014,M08,598207,"",26,125,05,Oakland,2014-08-01,employed_count,597353,594561,854,3646
LAUCN261250000000005,2014,M09,597736,"",26,125,05,Oakland,2014-09-01,employed_count,598207,595238,-471,2498
LAUCN261250000000005,2014,M10,601138,"",26,125,05,Oakland,2014-10-01,employed_count,597736,590191,3402,10947
LAUCN261250000000005,2014,M11,598031,"",26,125,05,Oakland,2014-11-01,employed_count,601138,589981,-3107,8050
LAUCN261250000000005,2014,M12,598756,"",26,125,05,Oakland,2014-12-01,employed_count,598031,591482,725,7274
LAUCN261250000000005,2015,M01,591713,"",26,125,05,Oakland,2015-01-01,employed_count,598756,584677,-7043,7036
LAUCN261250000000005,2015,M02,588583,"",26,125,05,Oakland,2015-02-01,employed_count,591713,582186,-3130,6397
LAUCN261250000000005,2015,M03,593460,"",26,125,05,Oakland,2015-03-01,employed_count,588583,586320,4877,7140
LAUCN261250000000005,2015,M04,595727,"",26,125,05,Oakland,2015-04-01,employed_count,593460,583413,2267,12314
LAUCN261250000000005,2015,M05,601598,"",26,125,05,Oakland,2015-05-01,employed_count,595727,587332,5871,14266
LAUCN261250000000005,2015,M06,606433,"",26,125,05,Oakland,2015-06-01,employed_count,601598,591547,4835,14886
LAUCN261250000000005,2015,M07,611132,"",26,125,05,Oakland,2015-07-01,employed_count,606433,597353,4699,13779
LAUCN261250000000005,2015,M08,613087,"",26,125,05,Oakland,2015-08-01,employed_count,611132,598207,1955,14880
LAUCN261250000000005,2015,M09,613309,"",26,125,05,Oakland,2015-09-01,employed_count,613087,597736,222,15573
LAUCN261250000000005,2015,M10,616425,"",26,125,05,Oakland,2015-10-01,employed_count,613309,601138,3116,15287
LAUCN261250000000005,2015,M11,618547,"",26,125,05,Oakland,2015-11-01,employed_count,616425,598031,2122,20516
LAUCN261250000000005,2015,M12,618122,"",26,125,05,Oakland,2015-12-01,employed_count,618547,598756,-425,19366
LAUCN261250000000005,2016,M01,616446,T,26,125,05,Oakland,2016-01-01,employed_count,618122,591713,-1676,24733
LAUCN261250000000005,2016,M02,617622,T,26,125,05,Oakland,2016-02-01,employed_count,616446,588583,1176,29039
LAUCN261250000000005,2016,M03,626228,T,26,125,05,Oakland,2016-03-01,employed_count,617622,593460,8606,32768
LAUCN261250000000005,2016,M04,624226,T,26,125,05,Oakland,2016-04-01,employed_count,626228,595727,-2002,28499
LAUCN261250000000005,2016,M05,630292,T,26,125,05,Oakland,2016-05-01,employed_count,624226,601598,6066,28694
LAUCN261250000000005,2016,M06,632424,T,26,125,05,Oakland,2016-06-01,employed_count,630292,606433,2132,25991
LAUCN261250000000005,2016,M07,639695,T,26,125,05,Oakland,2016-07-01,employed_count,632424,611132,7271,28563
LAUCN261250000000005,2016,M08,640810,T,26,125,05,Oakland,2016-08-01,employed_count,639695,613087,1115,27723
LAUCN261250000000005,2016,M09,641622,T,26,125,05,Oakland,2016-09-01,employed_count,640810,613309,812,28313
LAUCN261250000000005,2016,M10,640817,T,26,125,05,Oakland,2016-10-01,employed_count,641622,616425,-805,24392
LAUCN261250000000005,2016,M11,640383,T,26,125,05,Oakland,2016-11-01,employed_count,640817,618547,-434,21836
LAUCN261250000000005,2016,M12,641727,T,26,125,05,Oakland,2016-12-01,employed_count,640383,618122,1344,23605
LAUCN261250000000005,2017,M01,636012,T,26,125,05,Oakland,2017-01-01,employed_count,641727,616446,-5715,19566
LAUCN261250000000005,2017,M02,637700,T,26,125,05,Oakland,2017-02-01,employed_count,636012,617622,1688,20078
LAUCN261250000000005,2017,M03,645716,T,26,125,05,Oakland,2017-03-01,employed_count,637700,626228,8016,19488
LAUCN261250000000005,2017,M04,646350,T,26,125,05,Oakland,2017-04-01,employed_count,645716,624226,634,22124
LAUCN261250000000005,2017,M05,649377,T,26,125,05,Oakland,2017-05-01,employed_count,646350,630292,3027,19085
LAUCN261250000000005,2017,M06,652918,T,26,125,05,Oakland,2017-06-01,employed_count,649377,632424,3541,20494
LAUCN261250000000005,2017,M07,658078,T,26,125,05,Oakland,2017-07-01,employed_count,652918,639695,5160,18383
LAUCN261250000000005,2017,M08,658263,T,26,125,05,Oakland,2017-08-01,employed_count,658078,640810,185,17453
LAUCN261250000000005,2017,M09,658432,T,26,125,05,Oakland,2017-09-01,employed_count,658263,641622,169,16810
LAUCN261250000000005,2017,M10,656269,T,26,125,05,Oakland,2017-10-01,employed_count,658432,640817,-2163,15452
LAUCN261250000000005,2017,M11,655584,T,26,125,05,Oakland,2017-11-01,employed_count,656269,640383,-685,15201
LAUCN261250000000005,2017,M12,653153,T,26,125,05,Oakland,2017-12-01,employed_count,655584,641727,-2431,11426
LAUCN261250000000005,2018,M01,644915,T,26,125,05,Oakland,2018-01-01,employed_count,653153,636012,-8238,8903
LAUCN261250000000005,2018,M02,647783,T,26,125,05,Oakland,2018-02-01,employed_count,644915,637700,2868,10083
LAUCN261250000000005,2018,M03,654235,T,26,125,05,Oakland,2018-03-01,employed_count,647783,645716,6452,8519
LAUCN261250000000005,2018,M04,653008,T,26,125,05,Oakland,2018-04-01,employed_count,654235,646350,-1227,6658
LAUCN261250000000005,2018,M05,657532,T,26,125,05,Oakland,2018-05-01,employed_count,653008,649377,4524,8155
LAUCN261250000000005,2018,M06,659519,T,26,125,05,Oakland,2018-06-01,employed_count,657532,652918,1987,6601
LAUCN261250000000005,2018,M07,663369,T,26,125,05,Oakland,2018-07-01,employed_count,659519,658078,3850,5291
LAUCN261250000000005,2018,M08,662701,T,26,125,05,Oakland,2018-08-01,employed_count,663369,658263,-668,4438
LAUCN261250000000005,2018,M09,665053,T,26,125,05,Oakland,2018-09-01,employed_count,662701,658432,2352,6621
LAUCN261250000000005,2018,M10,665938,T,26,125,05,Oakland,2018-10-01,employed_count,665053,656269,885,9669
LAUCN261250000000005,2018,M11,664667,T,26,125,05,Oakland,2018-11-01,employed_count,665938,655584,-1271,9083
LAUCN261250000000005,2018,M12,665548,T,26,125,05,Oakland,2018-12-01,employed_count,664667,653153,881,12395
LAUCN261250000000005,2019,M01,657535,T,26,125,05,Oakland,2019-01-01,employed_count,665548,644915,-8013,12620
LAUCN261250000000005,2019,M02,658412,T,26,125,05,Oakland,2019-02-01,employed_count,657535,647783,877,10629
LAUCN261250000000005,2019,M03,662003,T,26,125,05,Oakland,2019-03-01,employed_count,658412,654235,3591,7768
LAUCN261250000000005,2019,M04,658739,T,26,125,05,Oakland,2019-04-01,employed_count,662003,653008,-3264,5731
LAUCN261250000000005,2019,M05,659942,T,26,125,05,Oakland,2019-05-01,employed_count,658739,657532,1203,2410
LAUCN261250000000005,2019,M06,664829,T,26,125,05,Oakland,2019-06-01,employed_count,659942,659519,4887,5310
LAUCN261250000000005,2019,M07,672757,T,26,125,05,Oakland,2019-07-01,employed_count,664829,663369,7928,9388
LAUCN261250000000005,2019,M08,672295,T,26,125,05,Oakland,2019-08-01,employed_count,672757,662701,-462,9594
LAUCN261250000000005,2019,M09,672901,T,26,125,05,Oakland,2019-09-01,employed_count,672295,665053,606,7848
LAUCN261250000000005,2019,M10,672942,T,26,125,05,Oakland,2019-10-01,employed_count,672901,665938,41,7004
LAUCN261250000000005,2019,M11,668274,T,26,125,05,Oakland,2019-11-01,employed_count,672942,664667,-4668,3607
LAUCN261250000000005,2019,M12,667235,T,26,125,05,Oakland,2019-12-01,employed_count,668274,665548,-1039,1687
LAUCN261250000000005,2020,M01,655632,T,26,125,05,Oakland,2020-01-01,employed_count,667235,657535,-11603,-1903
LAUCN261250000000005,2020,M02,654322,T,26,125,05,Oakland,2020-02-01,employed_count,655632,658412,-1310,-4090
LAUCN261250000000005,2020,M03,646994,T,26,125,05,Oakland,2020-03-01,employed_count,654322,662003,-7328,-15009
LAUCN261250000000005,2020,M04,460127,T,26,125,05,Oakland,2020-04-01,employed_count,646994,658739,-186867,-198612
LAUCN261250000000005,2020,M05,518899,T,26,125,05,Oakland,2020-05-01,employed_count,460127,659942,58772,-141043
LAUCN261250000000005,2020,M06,555172,T,26,125,05,Oakland,2020-06-01,employed_count,518899,664829,36273,-109657
LAUCN261250000000005,2020,M07,579150,T,26,125,05,Oakland,2020-07-01,employed_count,555172,672757,23978,-93607
LAUCN261250000000005,2020,M08,600895,T,26,125,05,Oakland,2020-08-01,employed_count,579150,672295,21745,-71400
LAUCN261250000000005,2020,M09,604801,T,26,125,05,Oakland,2020-09-01,employed_count,600895,672901,3906,-68100
LAUCN261250000000005,2020,M10,618208,T,26,125,05,Oakland,2020-10-01,employed_count,604801,672942,13407,-54734
LAUCN261250000000005,2020,M11,615880,T,26,125,05,Oakland,2020-11-01,employed_count,618208,668274,-2328,-52394
LAUCN261250000000005,2020,M12,601577,T,26,125,05,Oakland,2020-12-01,employed_count,615880,667235,-14303,-65658
LAUCN261250000000005,2021,M01,611628,T,26,125,05,Oakland,2021-01-01,employed_count,601577,655632,10051,-44004
LAUCN261250000000005,2021,M02,611665,T,26,125,05,Oakland,2021-02-01,employed_count,611628,654322,37,-42657
LAUCN261250000000005,2021,M03,620575,T,26,125,05,Oakland,2021-03-01,employed_count,611665,646994,8910,-26419
LAUCN261250000000005,2021,M04,619059,T,26,125,05,Oakland,2021-04-01,employed_count,620575,460127,-1516,158932
LAUCN261250000000005,2021,M05,620282,T,26,125,05,Oakland,2021-05-01,employed_count,619059,518899,1223,101383
LAUCN261250000000005,2021,M06,625257,T,26,125,05,Oakland,2021-06-01,employed_count,620282,555172,4975,70085
LAUCN261250000000005,2021,M07,634029,T,26,125,05,Oakland,2021-07-01,employed_count,625257,579150,8772,54879
LAUCN261250000000005,2021,M08,638625,T,26,125,05,Oakland,2021-08-01,employed_count,634029,600895,4596,37730
LAUCN261250000000005,2021,M09,639782,T,26,125,05,Oakland,2021-09-01,employed_count,638625,604801,1157,34981
LAUCN261250000000005,2021,M10,642905,T,26,125,05,Oakland,2021-10-01,employed_count,639782,618208,3123,24697
LAUCN261250000000005,2021,M11,646121,T,26,125,05,Oakland,2021-11-01,employed_count,642905,615880,3216,30241
LAUCN261250000000005,2021,M12,645426,T,26,125,05,Oakland,2021-12-01,employed_count,646121,601577,-695,43849
LAUCN261250000000005,2022,M01,639483,T,26,125,05,Oakland,2022-01-01,employed_count,645426,611628,-5943,27855
LAUCN261250000000005,2022,M02,640569,T,26,125,05,Oakland,2022-02-01,employed_count,639483,611665,1086,28904
LAUCN261250000000005,2022,M03,647626,T,26,125,05,Oakland,2022-03-01,employed_count,640569,620575,7057,27051
LAUCN261250000000005,2022,M04,642519,T,26,125,05,Oakland,2022-04-01,employed_count,647626,619059,-5107,23460
LAUCN261250000000005,2022,M05,642427,T,26,125,05,Oakland,2022-05-01,employed_count,642519,620282,-92,22145
LAUCN261250000000005,2022,M06,648049,T,26,125,05,Oakland,2022-06-01,employed_count,642427,625257,5622,22792
LAUCN261250000000005,2022,M07,654094,T,26,125,05,Oakland,2022-07-01,employed_count,648049,634029,6045,20065
LAUCN261250000000005,2022,M08,655019,T,26,125,05,Oakland,2022-08-01,employed_count,654094,638625,925,16394
LAUCN261250000000005,2022,M09,652346,T,26,125,05,Oakland,2022-09-01,employed_count,655019,639782,-2673,12564
LAUCN261250000000005,2022,M10,654225,T,26,125,05,Oakland,2022-10-01,employed_count,652346,642905,1879,11320
LAUCN261250000000005,2022,M11,652341,T,26,125,05,Oakland,2022-11-01,employed_count,654225,646121,-1884,6220
LAUCN261250000000005,2022,M12,656683,T,26,125,05,Oakland,2022-12-01,employed_count,652341,645426,4342,11257
LAUCN261250000000005,2023,M01,649515,T,26,125,05,Oakland,2023-01-01,employed_count,656683,639483,-7168,10032
LAUCN261250000000005,2023,M02,650280,T,26,125,05,Oakland,2023-02-01,employed_count,649515,640569,765,9711
LAUCN261250000000005,2023,M03,662044,T,26,125,05,Oakland,2023-03-01,employed_count,650280,647626,11764,14418
LAUCN261250000000005,2023,M04,660517,T,26,125,05,Oakland,2023-04-01,employed_count,662044,642519,-1527,17998
LAUCN261250000000005,2023,M05,661025,T,26,125,05,Oakland,2023-05-01,employed_count,660517,642427,508,18598
LAUCN261250000000005,2023,M06,666861,T,26,125,05,Oakland,2023-06-01,employed_count,661025,648049,5836,18812
LAUCN261250000000005,2023,M07,674087,T,26,125,05,Oakland,2023-07-01,employed_count,666861,654094,7226,19993
LAUCN261250000000005,2023,M08,675887,T,26,125,05,Oakland,2023-08-01,employed_count,674087,655019,1800,20868
LAUCN261250000000005,2023,M09,674781,T,26,125,05,Oakland,2023-09-01,employed_count,675887,652346,-1106,22435
LAUCN261250000000005,2023,M10,669871,T,26,125,05,Oakland,2023-10-01,employed_count,674781,654225,-4910,15646
LAUCN261250000000005,2023,M11,671923,T,26,125,05,Oakland,2023-11-01,employed_count,669871,652341,2052,19582
LAUCN261250000000005,2023,M12,669717,T,26,125,05,Oakland,2023-12-01,employed_count,671923,656683,-2206,13034
LAUCN261250000000005,2024,M01,663798,T,26,125,05,Oakland,2024-01-01,employed_count,669717,649515,-5919,14283
LAUCN261250000000005,2024,M02,659341,T,26,125,05,Oakland,2024-02-01,employed_count,663798,650280,-4457,9061
LAUCN261250000000005,2024,M03,667099,T,26,125,05,Oakland,2024-03-01,employed_count,659341,662044,7758,5055
LAUCN261250000000005,2024,M04,663537,T,26,125,05,Oakland,2024-04-01,employed_count,667099,660517,-3562,3020
LAUCN261250000000005,2024,M05,660693,T,26,125,05,Oakland,2024-05-01,employed_count,663537,661025,-2844,-332
LAUCN261250000000005,2024,M06,661694,T,26,125,05,Oakland,2024-06-01,employed_count,660693,666861,1001,-5167
LAUCN261250000000005,2024,M07,664802,T,26,125,05,Oakland,2024-07-01,employed_count,661694,674087,3108,-9285
LAUCN261250000000005,2024,M08,667940,T,26,125,05,Oakland,2024-08-01,employed_count,664802,675887,3138,-7947
LAUCN261250000000005,2024,M09,666895,T,26,125,05,Oakland,2024-09-01,employed_count,667940,674781,-1045,-7886
LAUCN261250000000005,2024,M10,661514,T,26,125,05,Oakland,2024-10-01,employed_count,666895,669871,-5381,-8357
LAUCN261250000000005,2024,M11,658298,T,26,125,05,Oakland,2024-11-01,employed_count,661514,671923,-3216,-13625
LAUCN261250000000005,2024,M12,658457,T,26,125,05,Oakland,2024-12-01,employed_count,658298,669717,159,-11260
LAUCN261250000000005,2025,M01,653481,T,26,125,05,Oakland,2025-01-01,employed_count,658457,663798,-4976,-10317
LAUCN261250000000005,2025,M02,650000,T,26,125,05,Oakland,2025-02-01,employed_count,653481,659341,-3481,-9341
LAUCN261250000000005,2025,M03,656628,T,26,125,05,Oakland,2025-03-01,employed_count,650000,667099,6628,-10471
LAUCN261250000000005,2025,M04,656393,T,26,125,05,Oakland,2025-04-01,employed_count,656628,663537,-235,-7144
LAUCN261250000000005,2025,M05,652727,T,26,125,05,Oakland,2025-05-01,employed_count,656393,660693,-3666,-7966
LAUCN261250000000005,2025,M06,658553,T,26,125,05,Oakland,2025-06-01,employed_count,652727,661694,5826,-3141
LAUCN261250000000005,2025,M07,659544,T,26,125,05,Oakland,2025-07-01,employed_count,658553,664802,991,-5258
LAUCN261250000000005,2025,M08,657601,T,26,125,05,Oakland,2025-08-01,employed_count,659544,667940,-1943,-10339
LAUCN261250000000005,2025,M09,655165,T,26,125,05,Oakland,2025-09-01,employed_count,657601,666895,-2436,-11730
LAUCN261250000000005,2025,M11,661124,T,26,125,05,Oakland,2025-11-01,employed_count,655165,661514,5959,-390
LAUCN261250000000005,2025,M12,661384,T,26,125,05,Oakland,2025-12-01,employed_count,661124,658298,260,3086
LAUCN261250000000005,2026,M01,654235,"",26,125,05,Oakland,2026-01-01,employed_count,661384,658457,-7149,-4222
LAUCN261250000000005,2026,M02,650315,"",26,125,05,Oakland,2026-02-01,employed_count,654235,653481,-3920,-3166
LAUCN261250000000005,2026,M03,658119,"",26,125,05,Oakland,2026-03-01,employed_count,650315,650000,7804,8119
LAUCN261250000000005,2026,M04,662245,P,26,125,05,Oakland,2026-04-01,employed_count,658119,656628,4126,5617
LAUCN261250000000006,1990,M01,604879,"",26,125,06,Oakland,1990-01-01,labor_force,,,,
LAUCN261250000000006,1990,M02,597728,"",26,125,06,Oakland,1990-02-01,labor_force,604879,,-7151,
LAUCN261250000000006,1990,M03,597736,"",26,125,06,Oakland,1990-03-01,labor_force,597728,,8,
LAUCN261250000000006,1990,M04,594308,"",26,125,06,Oakland,1990-04-01,labor_force,597736,,-3428,
LAUCN261250000000006,1990,M05,602720,"",26,125,06,Oakland,1990-05-01,labor_force,594308,,8412,
LAUCN261250000000006,1990,M06,609851,"",26,125,06,Oakland,1990-06-01,labor_force,602720,,7131,
LAUCN261250000000006,1990,M07,609667,"",26,125,06,Oakland,1990-07-01,labor_force,609851,,-184,
LAUCN261250000000006,1990,M08,612847,"",26,125,06,Oakland,1990-08-01,labor_force,609667,,3180,
LAUCN261250000000006,1990,M09,606638,"",26,125,06,Oakland,1990-09-01,labor_force,612847,,-6209,
LAUCN261250000000006,1990,M10,602538,"",26,125,06,Oakland,1990-10-01,labor_force,606638,,-4100,
LAUCN261250000000006,1990,M11,598025,"",26,125,06,Oakland,1990-11-01,labor_force,602538,,-4513,
LAUCN261250000000006,1990,M12,596900,"",26,125,06,Oakland,1990-12-01,labor_force,598025,,-1125,
LAUCN261250000000006,1991,M01,592246,"",26,125,06,Oakland,1991-01-01,labor_force,596900,604879,-4654,-12633
LAUCN261250000000006,1991,M02,593066,"",26,125,06,Oakland,1991-02-01,labor_force,592246,597728,820,-4662
LAUCN261250000000006,1991,M03,601644,"",26,125,06,Oakland,1991-03-01,labor_force,593066,597736,8578,3908
LAUCN261250000000006,1991,M04,588886,"",26,125,06,Oakland,1991-04-01,labor_force,601644,594308,-12758,-5422
LAUCN261250000000006,1991,M05,595411,"",26,125,06,Oakland,1991-05-01,labor_force,588886,602720,6525,-7309
LAUCN261250000000006,1991,M06,607210,"",26,125,06,Oakland,1991-06-01,labor_force,595411,609851,11799,-2641
LAUCN261250000000006,1991,M07,608968,"",26,125,06,Oakland,1991-07-01,labor_force,607210,609667,1758,-699
LAUCN261250000000006,1991,M08,611010,"",26,125,06,Oakland,1991-08-01,labor_force,608968,612847,2042,-1837
LAUCN261250000000006,1991,M09,608539,"",26,125,06,Oakland,1991-09-01,labor_force,611010,606638,-2471,1901
LAUCN261250000000006,1991,M10,604595,"",26,125,06,Oakland,1991-10-01,labor_force,608539,602538,-3944,2057
LAUCN261250000000006,1991,M11,602797,"",26,125,06,Oakland,1991-11-01,labor_force,604595,598025,-1798,4772
LAUCN261250000000006,1991,M12,605183,"",26,125,06,Oakland,1991-12-01,labor_force,602797,596900,2386,8283
LAUCN261250000000006,1992,M01,609468,"",26,125,06,Oakland,1992-01-01,labor_force,605183,592246,4285,17222
LAUCN261250000000006,1992,M02,605625,"",26,125,06,Oakland,1992-02-01,labor_force,609468,593066,-3843,12559
LAUCN261250000000006,1992,M03,612561,"",26,125,06,Oakland,1992-03-01,labor_force,605625,601644,6936,10917
LAUCN261250000000006,1992,M04,608161,"",26,125,06,Oakland,1992-04-01,labor_force,612561,588886,-4400,19275
LAUCN261250000000006,1992,M05,613781,"",26,125,06,Oakland,1992-05-01,labor_force,608161,595411,5620,18370
LAUCN261250000000006,1992,M06,631662,"",26,125,06,Oakland,1992-06-01,labor_force,613781,607210,17881,24452
LAUCN261250000000006,1992,M07,630163,"",26,125,06,Oakland,1992-07-01,labor_force,631662,608968,-1499,21195
LAUCN261250000000006,1992,M08,632511,"",26,125,06,Oakland,1992-08-01,labor_force,630163,611010,2348,21501
LAUCN261250000000006,1992,M09,622306,"",26,125,06,Oakland,1992-09-01,labor_force,632511,608539,-10205,13767
LAUCN261250000000006,1992,M10,617165,"",26,125,06,Oakland,1992-10-01,labor_force,622306,604595,-5141,12570
LAUCN261250000000006,1992,M11,612831,"",26,125,06,Oakland,1992-11-01,labor_force,617165,602797,-4334,10034
LAUCN261250000000006,1992,M12,614772,"",26,125,06,Oakland,1992-12-01,labor_force,612831,605183,1941,9589
LAUCN261250000000006,1993,M01,604744,"",26,125,06,Oakland,1993-01-01,labor_force,614772,609468,-10028,-4724
LAUCN261250000000006,1993,M02,608531,"",26,125,06,Oakland,1993-02-01,labor_force,604744,605625,3787,2906
LAUCN261250000000006,1993,M03,613142,"",26,125,06,Oakland,1993-03-01,labor_force,608531,612561,4611,581
LAUCN261250000000006,1993,M04,608033,"",26,125,06,Oakland,1993-04-01,labor_force,613142,608161,-5109,-128
LAUCN261250000000006,1993,M05,616225,"",26,125,06,Oakland,1993-05-01,labor_force,608033,613781,8192,2444
LAUCN261250000000006,1993,M06,627660,"",26,125,06,Oakland,1993-06-01,labor_force,616225,631662,11435,-4002
LAUCN261250000000006,1993,M07,631099,"",26,125,06,Oakland,1993-07-01,labor_force,627660,630163,3439,936
LAUCN261250000000006,1993,M08,635559,"",26,125,06,Oakland,1993-08-01,labor_force,631099,632511,4460,3048
LAUCN261250000000006,1993,M09,628533,"",26,125,06,Oakland,1993-09-01,labor_force,635559,622306,-7026,6227
LAUCN261250000000006,1993,M10,632264,"",26,125,06,Oakland,1993-10-01,labor_force,628533,617165,3731,15099
LAUCN261250000000006,1993,M11,627233,"",26,125,06,Oakland,1993-11-01,labor_force,632264,612831,-5031,14402
LAUCN261250000000006,1993,M12,627665,"",26,125,06,Oakland,1993-12-01,labor_force,627233,614772,432,12893
LAUCN261250000000006,1994,M01,625202,"",26,125,06,Oakland,1994-01-01,labor_force,627665,604744,-2463,20458
LAUCN261250000000006,1994,M02,622342,"",26,125,06,Oakland,1994-02-01,labor_force,625202,608531,-2860,13811
LAUCN261250000000006,1994,M03,618575,"",26,125,06,Oakland,1994-03-01,labor_force,622342,613142,-3767,5433
LAUCN261250000000006,1994,M04,611007,"",26,125,06,Oakland,1994-04-01,labor_force,618575,608033,-7568,2974
LAUCN261250000000006,1994,M05,614988,"",26,125,06,Oakland,1994-05-01,labor_force,611007,616225,3981,-1237
LAUCN261250000000006,1994,M06,620824,"",26,125,06,Oakland,1994-06-01,labor_force,614988,627660,5836,-6836
LAUCN261250000000006,1994,M07,622922,"",26,125,06,Oakland,1994-07-01,labor_force,620824,631099,2098,-8177
LAUCN261250000000006,1994,M08,631373,"",26,125,06,Oakland,1994-08-01,labor_force,622922,635559,8451,-4186
LAUCN261250000000006,1994,M09,626612,"",26,125,06,Oakland,1994-09-01,labor_force,631373,628533,-4761,-1921
LAUCN261250000000006,1994,M10,628860,"",26,125,06,Oakland,1994-10-01,labor_force,626612,632264,2248,-3404
LAUCN261250000000006,1994,M11,624283,"",26,125,06,Oakland,1994-11-01,labor_force,628860,627233,-4577,-2950
LAUCN261250000000006,1994,M12,623767,"",26,125,06,Oakland,1994-12-01,labor_force,624283,627665,-516,-3898
LAUCN261250000000006,1995,M01,619606,"",26,125,06,Oakland,1995-01-01,labor_force,623767,625202,-4161,-5596
LAUCN261250000000006,1995,M02,620112,"",26,125,06,Oakland,1995-02-01,labor_force,619606,622342,506,-2230
LAUCN261250000000006,1995,M03,621578,"",26,125,06,Oakland,1995-03-01,labor_force,620112,618575,1466,3003
LAUCN261250000000006,1995,M04,618580,"",26,125,06,Oakland,1995-04-01,labor_force,621578,611007,-2998,7573
LAUCN261250000000006,1995,M05,623534,"",26,125,06,Oakland,1995-05-01,labor_force,618580,614988,4954,8546
LAUCN261250000000006,1995,M06,632846,"",26,125,06,Oakland,1995-06-01,labor_force,623534,620824,9312,12022
LAUCN261250000000006,1995,M07,635741,"",26,125,06,Oakland,1995-07-01,labor_force,632846,622922,2895,12819
LAUCN261250000000006,1995,M08,637310,"",26,125,06,Oakland,1995-08-01,labor_force,635741,631373,1569,5937
LAUCN261250000000006,1995,M09,629029,"",26,125,06,Oakland,1995-09-01,labor_force,637310,626612,-8281,2417
LAUCN261250000000006,1995,M10,633840,"",26,125,06,Oakland,1995-10-01,labor_force,629029,628860,4811,4980
LAUCN261250000000006,1995,M11,632725,"",26,125,06,Oakland,1995-11-01,labor_force,633840,624283,-1115,8442
LAUCN261250000000006,1995,M12,633507,"",26,125,06,Oakland,1995-12-01,labor_force,632725,623767,782,9740
LAUCN261250000000006,1996,M01,629320,"",26,125,06,Oakland,1996-01-01,labor_force,633507,619606,-4187,9714
LAUCN261250000000006,1996,M02,635455,"",26,125,06,Oakland,1996-02-01,labor_force,629320,620112,6135,15343
LAUCN261250000000006,1996,M03,642590,"",26,125,06,Oakland,1996-03-01,labor_force,635455,621578,7135,21012
LAUCN261250000000006,1996,M04,632815,"",26,125,06,Oakland,1996-04-01,labor_force,642590,618580,-9775,14235
LAUCN261250000000006,1996,M05,637098,"",26,125,06,Oakland,1996-05-01,labor_force,632815,623534,4283,13564
LAUCN261250000000006,1996,M06,643993,"",26,125,06,Oakland,1996-06-01,labor_force,637098,632846,6895,11147
LAUCN261250000000006,1996,M07,649919,"",26,125,06,Oakland,1996-07-01,labor_force,643993,635741,5926,14178
LAUCN261250000000006,1996,M08,650050,"",26,125,06,Oakland,1996-08-01,labor_force,649919,637310,131,12740
LAUCN261250000000006,1996,M09,642527,"",26,125,06,Oakland,1996-09-01,labor_force,650050,629029,-7523,13498
LAUCN261250000000006,1996,M10,646188,"",26,125,06,Oakland,1996-10-01,labor_force,642527,633840,3661,12348
LAUCN261250000000006,1996,M11,643457,"",26,125,06,Oakland,1996-11-01,labor_force,646188,632725,-2731,10732
LAUCN261250000000006,1996,M12,641633,"",26,125,06,Oakland,1996-12-01,labor_force,643457,633507,-1824,8126
LAUCN261250000000006,1997,M01,637386,"",26,125,06,Oakland,1997-01-01,labor_force,641633,629320,-4247,8066
LAUCN261250000000006,1997,M02,637728,"",26,125,06,Oakland,1997-02-01,labor_force,637386,635455,342,2273
LAUCN261250000000006,1997,M03,642437,"",26,125,06,Oakland,1997-03-01,labor_force,637728,642590,4709,-153
LAUCN261250000000006,1997,M04,634506,"",26,125,06,Oakland,1997-04-01,labor_force,642437,632815,-7931,1691
LAUCN261250000000006,1997,M05,640888,"",26,125,06,Oakland,1997-05-01,labor_force,634506,637098,6382,3790
LAUCN261250000000006,1997,M06,648220,"",26,125,06,Oakland,1997-06-01,labor_force,640888,643993,7332,4227
LAUCN261250000000006,1997,M07,654932,"",26,125,06,Oakland,1997-07-01,labor_force,648220,649919,6712,5013
LAUCN261250000000006,1997,M08,657103,"",26,125,06,Oakland,1997-08-01,labor_force,654932,650050,2171,7053
LAUCN261250000000006,1997,M09,651460,"",26,125,06,Oakland,1997-09-01,labor_force,657103,642527,-5643,8933
LAUCN261250000000006,1997,M10,652489,"",26,125,06,Oakland,1997-10-01,labor_force,651460,646188,1029,6301
LAUCN261250000000006,1997,M11,653336,"",26,125,06,Oakland,1997-11-01,labor_force,652489,643457,847,9879
LAUCN261250000000006,1997,M12,650352,"",26,125,06,Oakland,1997-12-01,labor_force,653336,641633,-2984,8719
LAUCN261250000000006,1998,M01,646140,"",26,125,06,Oakland,1998-01-01,labor_force,650352,637386,-4212,8754
LAUCN261250000000006,1998,M02,649024,"",26,125,06,Oakland,1998-02-01,labor_force,646140,637728,2884,11296
LAUCN261250000000006,1998,M03,653457,"",26,125,06,Oakland,1998-03-01,labor_force,649024,642437,4433,11020
LAUCN261250000000006,1998,M04,646634,"",26,125,06,Oakland,1998-04-01,labor_force,653457,634506,-6823,12128
LAUCN261250000000006,1998,M05,652921,"",26,125,06,Oakland,1998-05-01,labor_force,646634,640888,6287,12033
LAUCN261250000000006,1998,M06,662014,"",26,125,06,Oakland,1998-06-01,labor_force,652921,648220,9093,13794
LAUCN261250000000006,1998,M07,651081,"",26,125,06,Oakland,1998-07-01,labor_force,662014,654932,-10933,-3851
LAUCN261250000000006,1998,M08,664063,"",26,125,06,Oakland,1998-08-01,labor_force,651081,657103,12982,6960
LAUCN261250000000006,1998,M09,661276,"",26,125,06,Oakland,1998-09-01,labor_force,664063,651460,-2787,9816
LAUCN261250000000006,1998,M10,664672,"",26,125,06,Oakland,1998-10-01,labor_force,661276,652489,3396,12183
LAUCN261250000000006,1998,M11,665087,"",26,125,06,Oakland,1998-11-01,labor_force,664672,653336,415,11751
LAUCN261250000000006,1998,M12,666881,"",26,125,06,Oakland,1998-12-01,labor_force,665087,650352,1794,16529
LAUCN261250000000006,1999,M01,662197,"",26,125,06,Oakland,1999-01-01,labor_force,666881,646140,-4684,16057
LAUCN261250000000006,1999,M02,662774,"",26,125,06,Oakland,1999-02-01,labor_force,662197,649024,577,13750
LAUCN261250000000006,1999,M03,668175,"",26,125,06,Oakland,1999-03-01,labor_force,662774,653457,5401,14718
LAUCN261250000000006,1999,M04,664892,"",26,125,06,Oakland,1999-04-01,labor_force,668175,646634,-3283,18258
LAUCN261250000000006,1999,M05,671634,"",26,125,06,Oakland,1999-05-01,labor_force,664892,652921,6742,18713
LAUCN261250000000006,1999,M06,679727,"",26,125,06,Oakland,1999-06-01,labor_force,671634,662014,8093,17713
LAUCN261250000000006,1999,M07,679149,"",26,125,06,Oakland,1999-07-01,labor_force,679727,651081,-578,28068
LAUCN261250000000006,1999,M08,681794,"",26,125,06,Oakland,1999-08-01,labor_force,679149,664063,2645,17731
LAUCN261250000000006,1999,M09,677022,"",26,125,06,Oakland,1999-09-01,labor_force,681794,661276,-4772,15746
LAUCN261250000000006,1999,M10,684058,"",26,125,06,Oakland,1999-10-01,labor_force,677022,664672,7036,19386
LAUCN261250000000006,1999,M11,684171,"",26,125,06,Oakland,1999-11-01,labor_force,684058,665087,113,19084
LAUCN261250000000006,1999,M12,684095,"",26,125,06,Oakland,1999-12-01,labor_force,684171,666881,-76,17214
LAUCN261250000000006,2000,M01,678643,"",26,125,06,Oakland,2000-01-01,labor_force,684095,662197,-5452,16446
LAUCN261250000000006,2000,M02,675356,"",26,125,06,Oakland,2000-02-01,labor_force,678643,662774,-3287,12582
LAUCN261250000000006,2000,M03,677528,"",26,125,06,Oakland,2000-03-01,labor_force,675356,668175,2172,9353
LAUCN261250000000006,2000,M04,671775,"",26,125,06,Oakland,2000-04-01,labor_force,677528,664892,-5753,6883
LAUCN261250000000006,2000,M05,673811,"",26,125,06,Oakland,2000-05-01,labor_force,671775,671634,2036,2177
LAUCN261250000000006,2000,M06,685663,"",26,125,06,Oakland,2000-06-01,labor_force,673811,679727,11852,5936
LAUCN261250000000006,2000,M07,684333,"",26,125,06,Oakland,2000-07-01,labor_force,685663,679149,-1330,5184
LAUCN261250000000006,2000,M08,685184,"",26,125,06,Oakland,2000-08-01,labor_force,684333,681794,851,3390
LAUCN261250000000006,2000,M09,674988,"",26,125,06,Oakland,2000-09-01,labor_force,685184,677022,-10196,-2034
LAUCN261250000000006,2000,M10,673027,"",26,125,06,Oakland,2000-10-01,labor_force,674988,684058,-1961,-11031
LAUCN261250000000006,2000,M11,669157,"",26,125,06,Oakland,2000-11-01,labor_force,673027,684171,-3870,-15014
LAUCN261250000000006,2000,M12,668890,"",26,125,06,Oakland,2000-12-01,labor_force,669157,684095,-267,-15205
LAUCN261250000000006,2001,M01,662007,"",26,125,06,Oakland,2001-01-01,labor_force,668890,678643,-6883,-16636
LAUCN261250000000006,2001,M02,661162,"",26,125,06,Oakland,2001-02-01,labor_force,662007,675356,-845,-14194
LAUCN261250000000006,2001,M03,662813,"",26,125,06,Oakland,2001-03-01,labor_force,661162,677528,1651,-14715
LAUCN261250000000006,2001,M04,650864,"",26,125,06,Oakland,2001-04-01,labor_force,662813,671775,-11949,-20911
LAUCN261250000000006,2001,M05,653701,"",26,125,06,Oakland,2001-05-01,labor_force,650864,673811,2837,-20110
LAUCN261250000000006,2001,M06,660052,"",26,125,06,Oakland,2001-06-01,labor_force,653701,685663,6351,-25611
LAUCN261250000000006,2001,M07,662018,"",26,125,06,Oakland,2001-07-01,labor_force,660052,684333,1966,-22315
LAUCN261250000000006,2001,M08,663109,"",26,125,06,Oakland,2001-08-01,labor_force,662018,685184,1091,-22075
LAUCN261250000000006,2001,M09,657692,"",26,125,06,Oakland,2001-09-01,labor_force,663109,674988,-5417,-17296
LAUCN261250000000006,2001,M10,657737,"",26,125,06,Oakland,2001-10-01,labor_force,657692,673027,45,-15290
LAUCN261250000000006,2001,M11,655778,"",26,125,06,Oakland,2001-11-01,labor_force,657737,669157,-1959,-13379
LAUCN261250000000006,2001,M12,655361,"",26,125,06,Oakland,2001-12-01,labor_force,655778,668890,-417,-13529
LAUCN261250000000006,2002,M01,643614,"",26,125,06,Oakland,2002-01-01,labor_force,655361,662007,-11747,-18393
LAUCN261250000000006,2002,M02,640942,"",26,125,06,Oakland,2002-02-01,labor_force,643614,661162,-2672,-20220
LAUCN261250000000006,2002,M03,642925,"",26,125,06,Oakland,2002-03-01,labor_force,640942,662813,1983,-19888
LAUCN261250000000006,2002,M04,637754,"",26,125,06,Oakland,2002-04-01,labor_force,642925,650864,-5171,-13110
LAUCN261250000000006,2002,M05,644178,"",26,125,06,Oakland,2002-05-01,labor_force,637754,653701,6424,-9523
LAUCN261250000000006,2002,M06,650410,"",26,125,06,Oakland,2002-06-01,labor_force,644178,660052,6232,-9642
LAUCN261250000000006,2002,M07,650475,"",26,125,06,Oakland,2002-07-01,labor_force,650410,662018,65,-11543
LAUCN261250000000006,2002,M08,653002,"",26,125,06,Oakland,2002-08-01,labor_force,650475,663109,2527,-10107
LAUCN261250000000006,2002,M09,649935,"",26,125,06,Oakland,2002-09-01,labor_force,653002,657692,-3067,-7757
LAUCN261250000000006,2002,M10,650822,"",26,125,06,Oakland,2002-10-01,labor_force,649935,657737,887,-6915
LAUCN261250000000006,2002,M11,646620,"",26,125,06,Oakland,2002-11-01,labor_force,650822,655778,-4202,-9158
LAUCN261250000000006,2002,M12,644585,"",26,125,06,Oakland,2002-12-01,labor_force,646620,655361,-2035,-10776
LAUCN261250000000006,2003,M01,639820,"",26,125,06,Oakland,2003-01-01,labor_force,644585,643614,-4765,-3794
LAUCN261250000000006,2003,M02,641564,"",26,125,06,Oakland,2003-02-01,labor_force,639820,640942,1744,622
LAUCN261250000000006,2003,M03,641366,"",26,125,06,Oakland,2003-03-01,labor_force,641564,642925,-198,-1559
LAUCN261250000000006,2003,M04,633155,"",26,125,06,Oakland,2003-04-01,labor_force,641366,637754,-8211,-4599
LAUCN261250000000006,2003,M05,638934,"",26,125,06,Oakland,2003-05-01,labor_force,633155,644178,5779,-5244
LAUCN261250000000006,2003,M06,650640,"",26,125,06,Oakland,2003-06-01,labor_force,638934,650410,11706,230
LAUCN261250000000006,2003,M07,647087,"",26,125,06,Oakland,2003-07-01,labor_force,650640,650475,-3553,-3388
LAUCN261250000000006,2003,M08,644873,"",26,125,06,Oakland,2003-08-01,labor_force,647087,653002,-2214,-8129
LAUCN261250000000006,2003,M09,639869,"",26,125,06,Oakland,2003-09-01,labor_force,644873,649935,-5004,-10066
LAUCN261250000000006,2003,M10,641432,"",26,125,06,Oakland,2003-10-01,labor_force,639869,650822,1563,-9390
LAUCN261250000000006,2003,M11,638461,"",26,125,06,Oakland,2003-11-01,labor_force,641432,646620,-2971,-8159
LAUCN261250000000006,2003,M12,634361,"",26,125,06,Oakland,2003-12-01,labor_force,638461,644585,-4100,-10224
LAUCN261250000000006,2004,M01,629004,"",26,125,06,Oakland,2004-01-01,labor_force,634361,639820,-5357,-10816
LAUCN261250000000006,2004,M02,629999,"",26,125,06,Oakland,2004-02-01,labor_force,629004,641564,995,-11565
LAUCN261250000000006,2004,M03,632476,"",26,125,06,Oakland,2004-03-01,labor_force,629999,641366,2477,-8890
LAUCN261250000000006,2004,M04,622867,"",26,125,06,Oakland,2004-04-01,labor_force,632476,633155,-9609,-10288
LAUCN261250000000006,2004,M05,631709,"",26,125,06,Oakland,2004-05-01,labor_force,622867,638934,8842,-7225
LAUCN261250000000006,2004,M06,638248,"",26,125,06,Oakland,2004-06-01,labor_force,631709,650640,6539,-12392
LAUCN261250000000006,2004,M07,643334,"",26,125,06,Oakland,2004-07-01,labor_force,638248,647087,5086,-3753
LAUCN261250000000006,2004,M08,643820,"",26,125,06,Oakland,2004-08-01,labor_force,643334,644873,486,-1053
LAUCN261250000000006,2004,M09,639275,"",26,125,06,Oakland,2004-09-01,labor_force,643820,639869,-4545,-594
LAUCN261250000000006,2004,M10,644926,"",26,125,06,Oakland,2004-10-01,labor_force,639275,641432,5651,3494
LAUCN261250000000006,2004,M11,640245,"",26,125,06,Oakland,2004-11-01,labor_force,644926,638461,-4681,1784
LAUCN261250000000006,2004,M12,638945,"",26,125,06,Oakland,2004-12-01,labor_force,640245,634361,-1300,4584
LAUCN261250000000006,2005,M01,623788,"",26,125,06,Oakland,2005-01-01,labor_force,638945,629004,-15157,-5216
LAUCN261250000000006,2005,M02,625533,"",26,125,06,Oakland,2005-02-01,labor_force,623788,629999,1745,-4466
LAUCN261250000000006,2005,M03,624690,"",26,125,06,Oakland,2005-03-01,labor_force,625533,632476,-843,-7786
LAUCN261250000000006,2005,M04,623250,"",26,125,06,Oakland,2005-04-01,labor_force,624690,622867,-1440,383
LAUCN261250000000006,2005,M05,630932,"",26,125,06,Oakland,2005-05-01,labor_force,623250,631709,7682,-777
LAUCN261250000000006,2005,M06,637600,"",26,125,06,Oakland,2005-06-01,labor_force,630932,638248,6668,-648
LAUCN261250000000006,2005,M07,641554,"",26,125,06,Oakland,2005-07-01,labor_force,637600,643334,3954,-1780
LAUCN261250000000006,2005,M08,642112,"",26,125,06,Oakland,2005-08-01,labor_force,641554,643820,558,-1708
LAUCN261250000000006,2005,M09,635489,"",26,125,06,Oakland,2005-09-01,labor_force,642112,639275,-6623,-3786
LAUCN261250000000006,2005,M10,633056,"",26,125,06,Oakland,2005-10-01,labor_force,635489,644926,-2433,-11870
LAUCN261250000000006,2005,M11,630743,"",26,125,06,Oakland,2005-11-01,labor_force,633056,640245,-2313,-9502
LAUCN261250000000006,2005,M12,627924,"",26,125,06,Oakland,2005-12-01,labor_force,630743,638945,-2819,-11021
LAUCN261250000000006,2006,M01,614456,"",26,125,06,Oakland,2006-01-01,labor_force,627924,623788,-13468,-9332
LAUCN261250000000006,2006,M02,615382,"",26,125,06,Oakland,2006-02-01,labor_force,614456,625533,926,-10151
LAUCN261250000000006,2006,M03,619777,"",26,125,06,Oakland,2006-03-01,labor_force,615382,624690,4395,-4913
LAUCN261250000000006,2006,M04,613780,"",26,125,06,Oakland,2006-04-01,labor_force,619777,623250,-5997,-9470
LAUCN261250000000006,2006,M05,617205,"",26,125,06,Oakland,2006-05-01,labor_force,613780,630932,3425,-13727
LAUCN261250000000006,2006,M06,625846,"",26,125,06,Oakland,2006-06-01,labor_force,617205,637600,8641,-11754
LAUCN261250000000006,2006,M07,628949,"",26,125,06,Oakland,2006-07-01,labor_force,625846,641554,3103,-12605
LAUCN261250000000006,2006,M08,630134,"",26,125,06,Oakland,2006-08-01,labor_force,628949,642112,1185,-11978
LAUCN261250000000006,2006,M09,625903,"",26,125,06,Oakland,2006-09-01,labor_force,630134,635489,-4231,-9586
LAUCN261250000000006,2006,M10,628704,"",26,125,06,Oakland,2006-10-01,labor_force,625903,633056,2801,-4352
LAUCN261250000000006,2006,M11,623973,"",26,125,06,Oakland,2006-11-01,labor_force,628704,630743,-4731,-6770
LAUCN261250000000006,2006,M12,623201,"",26,125,06,Oakland,2006-12-01,labor_force,623973,627924,-772,-4723
LAUCN261250000000006,2007,M01,614778,"",26,125,06,Oakland,2007-01-01,labor_force,623201,614456,-8423,322
LAUCN261250000000006,2007,M02,612504,"",26,125,06,Oakland,2007-02-01,labor_force,614778,615382,-2274,-2878
LAUCN261250000000006,2007,M03,616211,"",26,125,06,Oakland,2007-03-01,labor_force,612504,619777,3707,-3566
LAUCN261250000000006,2007,M04,605237,"",26,125,06,Oakland,2007-04-01,labor_force,616211,613780,-10974,-8543
LAUCN261250000000006,2007,M05,611838,"",26,125,06,Oakland,2007-05-01,labor_force,605237,617205,6601,-5367
LAUCN261250000000006,2007,M06,620994,"",26,125,06,Oakland,2007-06-01,labor_force,611838,625846,9156,-4852
LAUCN261250000000006,2007,M07,625597,"",26,125,06,Oakland,2007-07-01,labor_force,620994,628949,4603,-3352
LAUCN261250000000006,2007,M08,617489,"",26,125,06,Oakland,2007-08-01,labor_force,625597,630134,-8108,-12645
LAUCN261250000000006,2007,M09,616641,"",26,125,06,Oakland,2007-09-01,labor_force,617489,625903,-848,-9262
LAUCN261250000000006,2007,M10,611456,"",26,125,06,Oakland,2007-10-01,labor_force,616641,628704,-5185,-17248
LAUCN261250000000006,2007,M11,610069,"",26,125,06,Oakland,2007-11-01,labor_force,611456,623973,-1387,-13904
LAUCN261250000000006,2007,M12,607238,"",26,125,06,Oakland,2007-12-01,labor_force,610069,623201,-2831,-15963
LAUCN261250000000006,2008,M01,600632,"",26,125,06,Oakland,2008-01-01,labor_force,607238,614778,-6606,-14146
LAUCN261250000000006,2008,M02,596815,"",26,125,06,Oakland,2008-02-01,labor_force,600632,612504,-3817,-15689
LAUCN261250000000006,2008,M03,598511,"",26,125,06,Oakland,2008-03-01,labor_force,596815,616211,1696,-17700
LAUCN261250000000006,2008,M04,589452,"",26,125,06,Oakland,2008-04-01,labor_force,598511,605237,-9059,-15785
LAUCN261250000000006,2008,M05,600458,"",26,125,06,Oakland,2008-05-01,labor_force,589452,611838,11006,-11380
LAUCN261250000000006,2008,M06,607380,"",26,125,06,Oakland,2008-06-01,labor_force,600458,620994,6922,-13614
LAUCN261250000000006,2008,M07,610306,"",26,125,06,Oakland,2008-07-01,labor_force,607380,625597,2926,-15291
LAUCN261250000000006,2008,M08,609728,"",26,125,06,Oakland,2008-08-01,labor_force,610306,617489,-578,-7761
LAUCN261250000000006,2008,M09,603093,"",26,125,06,Oakland,2008-09-01,labor_force,609728,616641,-6635,-13548
LAUCN261250000000006,2008,M10,601535,"",26,125,06,Oakland,2008-10-01,labor_force,603093,611456,-1558,-9921
LAUCN261250000000006,2008,M11,591657,"",26,125,06,Oakland,2008-11-01,labor_force,601535,610069,-9878,-18412
LAUCN261250000000006,2008,M12,587962,"",26,125,06,Oakland,2008-12-01,labor_force,591657,607238,-3695,-19276
LAUCN261250000000006,2009,M01,581128,"",26,125,06,Oakland,2009-01-01,labor_force,587962,600632,-6834,-19504
LAUCN261250000000006,2009,M02,581377,"",26,125,06,Oakland,2009-02-01,labor_force,581128,596815,249,-15438
LAUCN261250000000006,2009,M03,585553,"",26,125,06,Oakland,2009-03-01,labor_force,581377,598511,4176,-12958
LAUCN261250000000006,2009,M04,584199,"",26,125,06,Oakland,2009-04-01,labor_force,585553,589452,-1354,-5253
LAUCN261250000000006,2009,M05,589978,"",26,125,06,Oakland,2009-05-01,labor_force,584199,600458,5779,-10480
LAUCN261250000000006,2009,M06,599986,"",26,125,06,Oakland,2009-06-01,labor_force,589978,607380,10008,-7394
LAUCN261250000000006,2009,M07,609135,"",26,125,06,Oakland,2009-07-01,labor_force,599986,610306,9149,-1171
LAUCN261250000000006,2009,M08,605473,"",26,125,06,Oakland,2009-08-01,labor_force,609135,609728,-3662,-4255
LAUCN261250000000006,2009,M09,599523,"",26,125,06,Oakland,2009-09-01,labor_force,605473,603093,-5950,-3570
LAUCN261250000000006,2009,M10,598054,"",26,125,06,Oakland,2009-10-01,labor_force,599523,601535,-1469,-3481
LAUCN261250000000006,2009,M11,594216,"",26,125,06,Oakland,2009-11-01,labor_force,598054,591657,-3838,2559
LAUCN261250000000006,2009,M12,591588,"",26,125,06,Oakland,2009-12-01,labor_force,594216,587962,-2628,3626
LAUCN261250000000006,2010,M01,615767,"",26,125,06,Oakland,2010-01-01,labor_force,591588,581128,24179,34639
LAUCN261250000000006,2010,M02,615048,"",26,125,06,Oakland,2010-02-01,labor_force,615767,581377,-719,33671
LAUCN261250000000006,2010,M03,620389,"",26,125,06,Oakland,2010-03-01,labor_force,615048,585553,5341,34836
LAUCN261250000000006,2010,M04,616676,"",26,125,06,Oakland,2010-04-01,labor_force,620389,584199,-3713,32477
LAUCN261250000000006,2010,M05,619314,"",26,125,06,Oakland,2010-05-01,labor_force,616676,589978,2638,29336
LAUCN261250000000006,2010,M06,622051,"",26,125,06,Oakland,2010-06-01,labor_force,619314,599986,2737,22065
LAUCN261250000000006,2010,M07,630056,"",26,125,06,Oakland,2010-07-01,labor_force,622051,609135,8005,20921
LAUCN261250000000006,2010,M08,629418,"",26,125,06,Oakland,2010-08-01,labor_force,630056,605473,-638,23945
LAUCN261250000000006,2010,M09,622681,"",26,125,06,Oakland,2010-09-01,labor_force,629418,599523,-6737,23158
LAUCN261250000000006,2010,M10,615956,"",26,125,06,Oakland,2010-10-01,labor_force,622681,598054,-6725,17902
LAUCN261250000000006,2010,M11,607956,"",26,125,06,Oakland,2010-11-01,labor_force,615956,594216,-8000,13740
LAUCN261250000000006,2010,M12,601775,"",26,125,06,Oakland,2010-12-01,labor_force,607956,591588,-6181,10187
LAUCN261250000000006,2011,M01,598780,"",26,125,06,Oakland,2011-01-01,labor_force,601775,615767,-2995,-16987
LAUCN261250000000006,2011,M02,596061,"",26,125,06,Oakland,2011-02-01,labor_force,598780,615048,-2719,-18987
LAUCN261250000000006,2011,M03,599994,"",26,125,06,Oakland,2011-03-01,labor_force,596061,620389,3933,-20395
LAUCN261250000000006,2011,M04,595246,"",26,125,06,Oakland,2011-04-01,labor_force,599994,616676,-4748,-21430
LAUCN261250000000006,2011,M05,604576,"",26,125,06,Oakland,2011-05-01,labor_force,595246,619314,9330,-14738
LAUCN261250000000006,2011,M06,609929,"",26,125,06,Oakland,2011-06-01,labor_force,604576,622051,5353,-12122
LAUCN261250000000006,2011,M07,616305,"",26,125,06,Oakland,2011-07-01,labor_force,609929,630056,6376,-13751
LAUCN261250000000006,2011,M08,620728,"",26,125,06,Oakland,2011-08-01,labor_force,616305,629418,4423,-8690
LAUCN261250000000006,2011,M09,618330,"",26,125,06,Oakland,2011-09-01,labor_force,620728,622681,-2398,-4351
LAUCN261250000000006,2011,M10,616534,"",26,125,06,Oakland,2011-10-01,labor_force,618330,615956,-1796,578
LAUCN261250000000006,2011,M11,610678,"",26,125,06,Oakland,2011-11-01,labor_force,616534,607956,-5856,2722
LAUCN261250000000006,2011,M12,612180,"",26,125,06,Oakland,2011-12-01,labor_force,610678,601775,1502,10405
LAUCN261250000000006,2012,M01,608913,"",26,125,06,Oakland,2012-01-01,labor_force,612180,598780,-3267,10133
LAUCN261250000000006,2012,M02,608340,"",26,125,06,Oakland,2012-02-01,labor_force,608913,596061,-573,12279
LAUCN261250000000006,2012,M03,611843,"",26,125,06,Oakland,2012-03-01,labor_force,608340,599994,3503,11849
LAUCN261250000000006,2012,M04,603703,"",26,125,06,Oakland,2012-04-01,labor_force,611843,595246,-8140,8457
LAUCN261250000000006,2012,M05,613385,"",26,125,06,Oakland,2012-05-01,labor_force,603703,604576,9682,8809
LAUCN261250000000006,2012,M06,621994,"",26,125,06,Oakland,2012-06-01,labor_force,613385,609929,8609,12065
LAUCN261250000000006,2012,M07,630465,"",26,125,06,Oakland,2012-07-01,labor_force,621994,616305,8471,14160
LAUCN261250000000006,2012,M08,628211,"",26,125,06,Oakland,2012-08-01,labor_force,630465,620728,-2254,7483
LAUCN261250000000006,2012,M09,625814,"",26,125,06,Oakland,2012-09-01,labor_force,628211,618330,-2397,7484
LAUCN261250000000006,2012,M10,628730,"",26,125,06,Oakland,2012-10-01,labor_force,625814,616534,2916,12196
LAUCN261250000000006,2012,M11,621660,"",26,125,06,Oakland,2012-11-01,labor_force,628730,610678,-7070,10982
LAUCN261250000000006,2012,M12,624121,"",26,125,06,Oakland,2012-12-01,labor_force,621660,612180,2461,11941
LAUCN261250000000006,2013,M01,621153,"",26,125,06,Oakland,2013-01-01,labor_force,624121,608913,-2968,12240
LAUCN261250000000006,2013,M02,619227,"",26,125,06,Oakland,2013-02-01,labor_force,621153,608340,-1926,10887
LAUCN261250000000006,2013,M03,624016,"",26,125,06,Oakland,2013-03-01,labor_force,619227,611843,4789,12173
LAUCN261250000000006,2013,M04,621626,"",26,125,06,Oakland,2013-04-01,labor_force,624016,603703,-2390,17923
LAUCN261250000000006,2013,M05,633019,"",26,125,06,Oakland,2013-05-01,labor_force,621626,613385,11393,19634
LAUCN261250000000006,2013,M06,640310,"",26,125,06,Oakland,2013-06-01,labor_force,633019,621994,7291,18316
LAUCN261250000000006,2013,M07,647237,"",26,125,06,Oakland,2013-07-01,labor_force,640310,630465,6927,16772
LAUCN261250000000006,2013,M08,646032,"",26,125,06,Oakland,2013-08-01,labor_force,647237,628211,-1205,17821
LAUCN261250000000006,2013,M09,644520,"",26,125,06,Oakland,2013-09-01,labor_force,646032,625814,-1512,18706
LAUCN261250000000006,2013,M10,638947,"",26,125,06,Oakland,2013-10-01,labor_force,644520,628730,-5573,10217
LAUCN261250000000006,2013,M11,634598,"",26,125,06,Oakland,2013-11-01,labor_force,638947,621660,-4349,12938
LAUCN261250000000006,2013,M12,633849,"",26,125,06,Oakland,2013-12-01,labor_force,634598,624121,-749,9728
LAUCN261250000000006,2014,M01,628572,"",26,125,06,Oakland,2014-01-01,labor_force,633849,621153,-5277,7419
LAUCN261250000000006,2014,M02,627947,"",26,125,06,Oakland,2014-02-01,labor_force,628572,619227,-625,8720
LAUCN261250000000006,2014,M03,631104,"",26,125,06,Oakland,2014-03-01,labor_force,627947,624016,3157,7088
LAUCN261250000000006,2014,M04,621614,"",26,125,06,Oakland,2014-04-01,labor_force,631104,621626,-9490,-12
LAUCN261250000000006,2014,M05,629482,"",26,125,06,Oakland,2014-05-01,labor_force,621614,633019,7868,-3537
LAUCN261250000000006,2014,M06,636998,"",26,125,06,Oakland,2014-06-01,labor_force,629482,640310,7516,-3312
LAUCN261250000000006,2014,M07,644835,"",26,125,06,Oakland,2014-07-01,labor_force,636998,647237,7837,-2402
LAUCN261250000000006,2014,M08,639216,"",26,125,06,Oakland,2014-08-01,labor_force,644835,646032,-5619,-6816
LAUCN261250000000006,2014,M09,637439,"",26,125,06,Oakland,2014-09-01,labor_force,639216,644520,-1777,-7081
LAUCN261250000000006,2014,M10,638660,"",26,125,06,Oakland,2014-10-01,labor_force,637439,638947,1221,-287
LAUCN261250000000006,2014,M11,631533,"",26,125,06,Oakland,2014-11-01,labor_force,638660,634598,-7127,-3065
LAUCN261250000000006,2014,M12,629783,"",26,125,06,Oakland,2014-12-01,labor_force,631533,633849,-1750,-4066
LAUCN261250000000006,2015,M01,626602,"",26,125,06,Oakland,2015-01-01,labor_force,629783,628572,-3181,-1970
LAUCN261250000000006,2015,M02,619691,"",26,125,06,Oakland,2015-02-01,labor_force,626602,627947,-6911,-8256
LAUCN261250000000006,2015,M03,624589,"",26,125,06,Oakland,2015-03-01,labor_force,619691,631104,4898,-6515
LAUCN261250000000006,2015,M04,623366,"",26,125,06,Oakland,2015-04-01,labor_force,624589,621614,-1223,1752
LAUCN261250000000006,2015,M05,634952,"",26,125,06,Oakland,2015-05-01,labor_force,623366,629482,11586,5470
LAUCN261250000000006,2015,M06,638992,"",26,125,06,Oakland,2015-06-01,labor_force,634952,636998,4040,1994
LAUCN261250000000006,2015,M07,645703,"",26,125,06,Oakland,2015-07-01,labor_force,638992,644835,6711,868
LAUCN261250000000006,2015,M08,643373,"",26,125,06,Oakland,2015-08-01,labor_force,645703,639216,-2330,4157
LAUCN261250000000006,2015,M09,641495,"",26,125,06,Oakland,2015-09-01,labor_force,643373,637439,-1878,4056
LAUCN261250000000006,2015,M10,644347,"",26,125,06,Oakland,2015-10-01,labor_force,641495,638660,2852,5687
LAUCN261250000000006,2015,M11,643282,"",26,125,06,Oakland,2015-11-01,labor_force,644347,631533,-1065,11749
LAUCN261250000000006,2015,M12,642130,"",26,125,06,Oakland,2015-12-01,labor_force,643282,629783,-1152,12347
LAUCN261250000000006,2016,M01,644100,T,26,125,06,Oakland,2016-01-01,labor_force,642130,626602,1970,17498
LAUCN261250000000006,2016,M02,644299,T,26,125,06,Oakland,2016-02-01,labor_force,644100,619691,199,24608
LAUCN261250000000006,2016,M03,654076,T,26,125,06,Oakland,2016-03-01,labor_force,644299,624589,9777,29487
LAUCN261250000000006,2016,M04,648685,T,26,125,06,Oakland,2016-04-01,labor_force,654076,623366,-5391,25319
LAUCN261250000000006,2016,M05,655781,T,26,125,06,Oakland,2016-05-01,labor_force,648685,634952,7096,20829
LAUCN261250000000006,2016,M06,662355,T,26,125,06,Oakland,2016-06-01,labor_force,655781,638992,6574,23363
LAUCN261250000000006,2016,M07,671016,T,26,125,06,Oakland,2016-07-01,labor_force,662355,645703,8661,25313
LAUCN261250000000006,2016,M08,670379,T,26,125,06,Oakland,2016-08-01,labor_force,671016,643373,-637,27006
LAUCN261250000000006,2016,M09,669943,T,26,125,06,Oakland,2016-09-01,labor_force,670379,641495,-436,28448
LAUCN261250000000006,2016,M10,668677,T,26,125,06,Oakland,2016-10-01,labor_force,669943,644347,-1266,24330
LAUCN261250000000006,2016,M11,667035,T,26,125,06,Oakland,2016-11-01,labor_force,668677,643282,-1642,23753
LAUCN261250000000006,2016,M12,665467,T,26,125,06,Oakland,2016-12-01,labor_force,667035,642130,-1568,23337
LAUCN261250000000006,2017,M01,665391,T,26,125,06,Oakland,2017-01-01,labor_force,665467,644100,-76,21291
LAUCN261250000000006,2017,M02,663830,T,26,125,06,Oakland,2017-02-01,labor_force,665391,644299,-1561,19531
LAUCN261250000000006,2017,M03,668991,T,26,125,06,Oakland,2017-03-01,labor_force,663830,654076,5161,14915
LAUCN261250000000006,2017,M04,664738,T,26,125,06,Oakland,2017-04-01,labor_force,668991,648685,-4253,16053
LAUCN261250000000006,2017,M05,668600,T,26,125,06,Oakland,2017-05-01,labor_force,664738,655781,3862,12819
LAUCN261250000000006,2017,M06,674336,T,26,125,06,Oakland,2017-06-01,labor_force,668600,662355,5736,11981
LAUCN261250000000006,2017,M07,683600,T,26,125,06,Oakland,2017-07-01,labor_force,674336,671016,9264,12584
LAUCN261250000000006,2017,M08,684283,T,26,125,06,Oakland,2017-08-01,labor_force,683600,670379,683,13904
LAUCN261250000000006,2017,M09,684269,T,26,125,06,Oakland,2017-09-01,labor_force,684283,669943,-14,14326
LAUCN261250000000006,2017,M10,679834,T,26,125,06,Oakland,2017-10-01,labor_force,684269,668677,-4435,11157
LAUCN261250000000006,2017,M11,678497,T,26,125,06,Oakland,2017-11-01,labor_force,679834,667035,-1337,11462
LAUCN261250000000006,2017,M12,676685,T,26,125,06,Oakland,2017-12-01,labor_force,678497,665467,-1812,11218
LAUCN261250000000006,2018,M01,670545,T,26,125,06,Oakland,2018-01-01,labor_force,676685,665391,-6140,5154
LAUCN261250000000006,2018,M02,672927,T,26,125,06,Oakland,2018-02-01,labor_force,670545,663830,2382,9097
LAUCN261250000000006,2018,M03,678013,T,26,125,06,Oakland,2018-03-01,labor_force,672927,668991,5086,9022
LAUCN261250000000006,2018,M04,673419,T,26,125,06,Oakland,2018-04-01,labor_force,678013,664738,-4594,8681
LAUCN261250000000006,2018,M05,677589,T,26,125,06,Oakland,2018-05-01,labor_force,673419,668600,4170,8989
LAUCN261250000000006,2018,M06,683436,T,26,125,06,Oakland,2018-06-01,labor_force,677589,674336,5847,9100
LAUCN261250000000006,2018,M07,689236,T,26,125,06,Oakland,2018-07-01,labor_force,683436,683600,5800,5636
LAUCN261250000000006,2018,M08,684795,T,26,125,06,Oakland,2018-08-01,labor_force,689236,684283,-4441,512
LAUCN261250000000006,2018,M09,687589,T,26,125,06,Oakland,2018-09-01,labor_force,684795,684269,2794,3320
LAUCN261250000000006,2018,M10,689376,T,26,125,06,Oakland,2018-10-01,labor_force,687589,679834,1787,9542
LAUCN261250000000006,2018,M11,685833,T,26,125,06,Oakland,2018-11-01,labor_force,689376,678497,-3543,7336
LAUCN261250000000006,2018,M12,687965,T,26,125,06,Oakland,2018-12-01,labor_force,685833,676685,2132,11280
LAUCN261250000000006,2019,M01,682167,T,26,125,06,Oakland,2019-01-01,labor_force,687965,670545,-5798,11622
LAUCN261250000000006,2019,M02,682432,T,26,125,06,Oakland,2019-02-01,labor_force,682167,672927,265,9505
LAUCN261250000000006,2019,M03,688120,T,26,125,06,Oakland,2019-03-01,labor_force,682432,678013,5688,10107
LAUCN261250000000006,2019,M04,679639,T,26,125,06,Oakland,2019-04-01,labor_force,688120,673419,-8481,6220
LAUCN261250000000006,2019,M05,682550,T,26,125,06,Oakland,2019-05-01,labor_force,679639,677589,2911,4961
LAUCN261250000000006,2019,M06,689958,T,26,125,06,Oakland,2019-06-01,labor_force,682550,683436,7408,6522
LAUCN261250000000006,2019,M07,700572,T,26,125,06,Oakland,2019-07-01,labor_force,689958,689236,10614,11336
LAUCN261250000000006,2019,M08,697656,T,26,125,06,Oakland,2019-08-01,labor_force,700572,684795,-2916,12861
LAUCN261250000000006,2019,M09,696026,T,26,125,06,Oakland,2019-09-01,labor_force,697656,687589,-1630,8437
LAUCN261250000000006,2019,M10,693102,T,26,125,06,Oakland,2019-10-01,labor_force,696026,689376,-2924,3726
LAUCN261250000000006,2019,M11,687733,T,26,125,06,Oakland,2019-11-01,labor_force,693102,685833,-5369,1900
LAUCN261250000000006,2019,M12,686685,T,26,125,06,Oakland,2019-12-01,labor_force,687733,687965,-1048,-1280
LAUCN261250000000006,2020,M01,677470,T,26,125,06,Oakland,2020-01-01,labor_force,686685,682167,-9215,-4697
LAUCN261250000000006,2020,M02,673675,T,26,125,06,Oakland,2020-02-01,labor_force,677470,682432,-3795,-8757
LAUCN261250000000006,2020,M03,671363,T,26,125,06,Oakland,2020-03-01,labor_force,673675,688120,-2312,-16757
LAUCN261250000000006,2020,M04,566892,T,26,125,06,Oakland,2020-04-01,labor_force,671363,679639,-104471,-112747
LAUCN261250000000006,2020,M05,645034,T,26,125,06,Oakland,2020-05-01,labor_force,566892,682550,78142,-37516
LAUCN261250000000006,2020,M06,652489,T,26,125,06,Oakland,2020-06-01,labor_force,645034,689958,7455,-37469
LAUCN261250000000006,2020,M07,663393,T,26,125,06,Oakland,2020-07-01,labor_force,652489,700572,10904,-37179
LAUCN261250000000006,2020,M08,661949,T,26,125,06,Oakland,2020-08-01,labor_force,663393,697656,-1444,-35707
LAUCN261250000000006,2020,M09,659997,T,26,125,06,Oakland,2020-09-01,labor_force,661949,696026,-1952,-36029
LAUCN261250000000006,2020,M10,662035,T,26,125,06,Oakland,2020-10-01,labor_force,659997,693102,2038,-31067
LAUCN261250000000006,2020,M11,655871,T,26,125,06,Oakland,2020-11-01,labor_force,662035,687733,-6164,-31862
LAUCN261250000000006,2020,M12,641026,T,26,125,06,Oakland,2020-12-01,labor_force,655871,686685,-14845,-45659
LAUCN261250000000006,2021,M01,647945,T,26,125,06,Oakland,2021-01-01,labor_force,641026,677470,6919,-29525
LAUCN261250000000006,2021,M02,644929,T,26,125,06,Oakland,2021-02-01,labor_force,647945,673675,-3016,-28746
LAUCN261250000000006,2021,M03,655153,T,26,125,06,Oakland,2021-03-01,labor_force,644929,671363,10224,-16210
LAUCN261250000000006,2021,M04,648475,T,26,125,06,Oakland,2021-04-01,labor_force,655153,566892,-6678,81583
LAUCN261250000000006,2021,M05,650612,T,26,125,06,Oakland,2021-05-01,labor_force,648475,645034,2137,5578
LAUCN261250000000006,2021,M06,660712,T,26,125,06,Oakland,2021-06-01,labor_force,650612,652489,10100,8223
LAUCN261250000000006,2021,M07,668747,T,26,125,06,Oakland,2021-07-01,labor_force,660712,663393,8035,5354
LAUCN261250000000006,2021,M08,669155,T,26,125,06,Oakland,2021-08-01,labor_force,668747,661949,408,7206
LAUCN261250000000006,2021,M09,668421,T,26,125,06,Oakland,2021-09-01,labor_force,669155,659997,-734,8424
LAUCN261250000000006,2021,M10,667786,T,26,125,06,Oakland,2021-10-01,labor_force,668421,662035,-635,5751
LAUCN261250000000006,2021,M11,667790,T,26,125,06,Oakland,2021-11-01,labor_force,667786,655871,4,11919
LAUCN261250000000006,2021,M12,666711,T,26,125,06,Oakland,2021-12-01,labor_force,667790,641026,-1079,25685
LAUCN261250000000006,2022,M01,665330,T,26,125,06,Oakland,2022-01-01,labor_force,666711,647945,-1381,17385
LAUCN261250000000006,2022,M02,663836,T,26,125,06,Oakland,2022-02-01,labor_force,665330,644929,-1494,18907
LAUCN261250000000006,2022,M03,669666,T,26,125,06,Oakland,2022-03-01,labor_force,663836,655153,5830,14513
LAUCN261250000000006,2022,M04,660599,T,26,125,06,Oakland,2022-04-01,labor_force,669666,648475,-9067,12124
LAUCN261250000000006,2022,M05,663875,T,26,125,06,Oakland,2022-05-01,labor_force,660599,650612,3276,13263
LAUCN261250000000006,2022,M06,669618,T,26,125,06,Oakland,2022-06-01,labor_force,663875,660712,5743,8906
LAUCN261250000000006,2022,M07,673695,T,26,125,06,Oakland,2022-07-01,labor_force,669618,668747,4077,4948
LAUCN261250000000006,2022,M08,674566,T,26,125,06,Oakland,2022-08-01,labor_force,673695,669155,871,5411
LAUCN261250000000006,2022,M09,671585,T,26,125,06,Oakland,2022-09-01,labor_force,674566,668421,-2981,3164
LAUCN261250000000006,2022,M10,673230,T,26,125,06,Oakland,2022-10-01,labor_force,671585,667786,1645,5444
LAUCN261250000000006,2022,M11,669859,T,26,125,06,Oakland,2022-11-01,labor_force,673230,667790,-3371,2069
LAUCN261250000000006,2022,M12,674178,T,26,125,06,Oakland,2022-12-01,labor_force,669859,666711,4319,7467
LAUCN261250000000006,2023,M01,670978,T,26,125,06,Oakland,2023-01-01,labor_force,674178,665330,-3200,5648
LAUCN261250000000006,2023,M02,669777,T,26,125,06,Oakland,2023-02-01,labor_force,670978,663836,-1201,5941
LAUCN261250000000006,2023,M03,679373,T,26,125,06,Oakland,2023-03-01,labor_force,669777,669666,9596,9707
LAUCN261250000000006,2023,M04,673107,T,26,125,06,Oakland,2023-04-01,labor_force,679373,660599,-6266,12508
LAUCN261250000000006,2023,M05,680234,T,26,125,06,Oakland,2023-05-01,labor_force,673107,663875,7127,16359
LAUCN261250000000006,2023,M06,688515,T,26,125,06,Oakland,2023-06-01,labor_force,680234,669618,8281,18897
LAUCN261250000000006,2023,M07,697399,T,26,125,06,Oakland,2023-07-01,labor_force,688515,673695,8884,23704
LAUCN261250000000006,2023,M08,698486,T,26,125,06,Oakland,2023-08-01,labor_force,697399,674566,1087,23920
LAUCN261250000000006,2023,M09,697873,T,26,125,06,Oakland,2023-09-01,labor_force,698486,671585,-613,26288
LAUCN261250000000006,2023,M10,692108,T,26,125,06,Oakland,2023-10-01,labor_force,697873,673230,-5765,18878
LAUCN261250000000006,2023,M11,690887,T,26,125,06,Oakland,2023-11-01,labor_force,692108,669859,-1221,21028
LAUCN261250000000006,2023,M12,687491,T,26,125,06,Oakland,2023-12-01,labor_force,690887,674178,-3396,13313
LAUCN261250000000006,2024,M01,684891,T,26,125,06,Oakland,2024-01-01,labor_force,687491,670978,-2600,13913
LAUCN261250000000006,2024,M02,681080,T,26,125,06,Oakland,2024-02-01,labor_force,684891,669777,-3811,11303
LAUCN261250000000006,2024,M03,688336,T,26,125,06,Oakland,2024-03-01,labor_force,681080,679373,7256,8963
LAUCN261250000000006,2024,M04,682220,T,26,125,06,Oakland,2024-04-01,labor_force,688336,673107,-6116,9113
LAUCN261250000000006,2024,M05,683829,T,26,125,06,Oakland,2024-05-01,labor_force,682220,680234,1609,3595
LAUCN261250000000006,2024,M06,689196,T,26,125,06,Oakland,2024-06-01,labor_force,683829,688515,5367,681
LAUCN261250000000006,2024,M07,694884,T,26,125,06,Oakland,2024-07-01,labor_force,689196,697399,5688,-2515
LAUCN261250000000006,2024,M08,693123,T,26,125,06,Oakland,2024-08-01,labor_force,694884,698486,-1761,-5363
LAUCN261250000000006,2024,M09,693632,T,26,125,06,Oakland,2024-09-01,labor_force,693123,697873,509,-4241
LAUCN261250000000006,2024,M10,688221,T,26,125,06,Oakland,2024-10-01,labor_force,693632,692108,-5411,-3887
LAUCN261250000000006,2024,M11,685190,T,26,125,06,Oakland,2024-11-01,labor_force,688221,690887,-3031,-5697
LAUCN261250000000006,2024,M12,684382,T,26,125,06,Oakland,2024-12-01,labor_force,685190,687491,-808,-3109
LAUCN261250000000006,2025,M01,681663,T,26,125,06,Oakland,2025-01-01,labor_force,684382,684891,-2719,-3228
LAUCN261250000000006,2025,M02,678499,T,26,125,06,Oakland,2025-02-01,labor_force,681663,681080,-3164,-2581
LAUCN261250000000006,2025,M03,683657,T,26,125,06,Oakland,2025-03-01,labor_force,678499,688336,5158,-4679
LAUCN261250000000006,2025,M04,677915,T,26,125,06,Oakland,2025-04-01,labor_force,683657,682220,-5742,-4305
LAUCN261250000000006,2025,M05,678688,T,26,125,06,Oakland,2025-05-01,labor_force,677915,683829,773,-5141
LAUCN261250000000006,2025,M06,685844,T,26,125,06,Oakland,2025-06-01,labor_force,678688,689196,7156,-3352
LAUCN261250000000006,2025,M07,690400,T,26,125,06,Oakland,2025-07-01,labor_force,685844,694884,4556,-4484
LAUCN261250000000006,2025,M08,683105,T,26,125,06,Oakland,2025-08-01,labor_force,690400,693123,-7295,-10018
LAUCN261250000000006,2025,M09,681928,T,26,125,06,Oakland,2025-09-01,labor_force,683105,693632,-1177,-11704
LAUCN261250000000006,2025,M11,690044,T,26,125,06,Oakland,2025-11-01,labor_force,681928,688221,8116,1823
LAUCN261250000000006,2025,M12,687379,T,26,125,06,Oakland,2025-12-01,labor_force,690044,685190,-2665,2189
LAUCN261250000000006,2026,M01,683217,"",26,125,06,Oakland,2026-01-01,labor_force,687379,684382,-4162,-1165
LAUCN261250000000006,2026,M02,680858,"",26,125,06,Oakland,2026-02-01,labor_force,683217,681663,-2359,-805
LAUCN261250000000006,2026,M03,686430,"",26,125,06,Oakland,2026-03-01,labor_force,680858,678499,5572,7931
LAUCN261250000000006,2026,M04,686578,P,26,125,06,Oakland,2026-04-01,labor_force,686430,683657,148,2921
LAUCN261250000000004,1990,M01,42552,"",26,125,04,Oakland,1990-01-01,unemployed_count,,,,
LAUCN261250000000004,1990,M02,36612,"",26,125,04,Oakland,1990-02-01,unemployed_count,42552,,-5940,
LAUCN261250000000004,1990,M03,37473,"",26,125,04,Oakland,1990-03-01,unemployed_count,36612,,861,
LAUCN261250000000004,1990,M04,34414,"",26,125,04,Oakland,1990-04-01,unemployed_count,37473,,-3059,
LAUCN261250000000004,1990,M05,35472,"",26,125,04,Oakland,1990-05-01,unemployed_count,34414,,1058,
LAUCN261250000000004,1990,M06,36715,"",26,125,04,Oakland,1990-06-01,unemployed_count,35472,,1243,
LAUCN261250000000004,1990,M07,34142,"",26,125,04,Oakland,1990-07-01,unemployed_count,36715,,-2573,
LAUCN261250000000004,1990,M08,36850,"",26,125,04,Oakland,1990-08-01,unemployed_count,34142,,2708,
LAUCN261250000000004,1990,M09,38850,"",26,125,04,Oakland,1990-09-01,unemployed_count,36850,,2000,
LAUCN261250000000004,1990,M10,35148,"",26,125,04,Oakland,1990-10-01,unemployed_count,38850,,-3702,
LAUCN261250000000004,1990,M11,35094,"",26,125,04,Oakland,1990-11-01,unemployed_count,35148,,-54,
LAUCN261250000000004,1990,M12,33622,"",26,125,04,Oakland,1990-12-01,unemployed_count,35094,,-1472,
LAUCN261250000000004,1991,M01,41585,"",26,125,04,Oakland,1991-01-01,unemployed_count,33622,42552,7963,-967
LAUCN261250000000004,1991,M02,43556,"",26,125,04,Oakland,1991-02-01,unemployed_count,41585,36612,1971,6944
LAUCN261250000000004,1991,M03,50317,"",26,125,04,Oakland,1991-03-01,unemployed_count,43556,37473,6761,12844
LAUCN261250000000004,1991,M04,39794,"",26,125,04,Oakland,1991-04-01,unemployed_count,50317,34414,-10523,5380
LAUCN261250000000004,1991,M05,45771,"",26,125,04,Oakland,1991-05-01,unemployed_count,39794,35472,5977,10299
LAUCN261250000000004,1991,M06,47851,"",26,125,04,Oakland,1991-06-01,unemployed_count,45771,36715,2080,11136
LAUCN261250000000004,1991,M07,45514,"",26,125,04,Oakland,1991-07-01,unemployed_count,47851,34142,-2337,11372
LAUCN261250000000004,1991,M08,47127,"",26,125,04,Oakland,1991-08-01,unemployed_count,45514,36850,1613,10277
LAUCN261250000000004,1991,M09,47751,"",26,125,04,Oakland,1991-09-01,unemployed_count,47127,38850,624,8901
LAUCN261250000000004,1991,M10,44156,"",26,125,04,Oakland,1991-10-01,unemployed_count,47751,35148,-3595,9008
LAUCN261250000000004,1991,M11,44663,"",26,125,04,Oakland,1991-11-01,unemployed_count,44156,35094,507,9569
LAUCN261250000000004,1991,M12,45065,"",26,125,04,Oakland,1991-12-01,unemployed_count,44663,33622,402,11443
LAUCN261250000000004,1992,M01,54652,"",26,125,04,Oakland,1992-01-01,unemployed_count,45065,41585,9587,13067
LAUCN261250000000004,1992,M02,50793,"",26,125,04,Oakland,1992-02-01,unemployed_count,54652,43556,-3859,7237
LAUCN261250000000004,1992,M03,51598,"",26,125,04,Oakland,1992-03-01,unemployed_count,50793,50317,805,1281
LAUCN261250000000004,1992,M04,45839,"",26,125,04,Oakland,1992-04-01,unemployed_count,51598,39794,-5759,6045
LAUCN261250000000004,1992,M05,47123,"",26,125,04,Oakland,1992-05-01,unemployed_count,45839,45771,1284,1352
LAUCN261250000000004,1992,M06,57744,"",26,125,04,Oakland,1992-06-01,unemployed_count,47123,47851,10621,9893
LAUCN261250000000004,1992,M07,50074,"",26,125,04,Oakland,1992-07-01,unemployed_count,57744,45514,-7670,4560
LAUCN261250000000004,1992,M08,46358,"",26,125,04,Oakland,1992-08-01,unemployed_count,50074,47127,-3716,-769
LAUCN261250000000004,1992,M09,43656,"",26,125,04,Oakland,1992-09-01,unemployed_count,46358,47751,-2702,-4095
LAUCN261250000000004,1992,M10,39059,"",26,125,04,Oakland,1992-10-01,unemployed_count,43656,44156,-4597,-5097
LAUCN261250000000004,1992,M11,35245,"",26,125,04,Oakland,1992-11-01,unemployed_count,39059,44663,-3814,-9418
LAUCN261250000000004,1992,M12,35219,"",26,125,04,Oakland,1992-12-01,unemployed_count,35245,45065,-26,-9846
LAUCN261250000000004,1993,M01,38064,"",26,125,04,Oakland,1993-01-01,unemployed_count,35219,54652,2845,-16588
LAUCN261250000000004,1993,M02,37319,"",26,125,04,Oakland,1993-02-01,unemployed_count,38064,50793,-745,-13474
LAUCN261250000000004,1993,M03,38007,"",26,125,04,Oakland,1993-03-01,unemployed_count,37319,51598,688,-13591
LAUCN261250000000004,1993,M04,34273,"",26,125,04,Oakland,1993-04-01,unemployed_count,38007,45839,-3734,-11566
LAUCN261250000000004,1993,M05,34277,"",26,125,04,Oakland,1993-05-01,unemployed_count,34273,47123,4,-12846
LAUCN261250000000004,1993,M06,38316,"",26,125,04,Oakland,1993-06-01,unemployed_count,34277,57744,4039,-19428
LAUCN261250000000004,1993,M07,37559,"",26,125,04,Oakland,1993-07-01,unemployed_count,38316,50074,-757,-12515
LAUCN261250000000004,1993,M08,38738,"",26,125,04,Oakland,1993-08-01,unemployed_count,37559,46358,1179,-7620
LAUCN261250000000004,1993,M09,38337,"",26,125,04,Oakland,1993-09-01,unemployed_count,38738,43656,-401,-5319
LAUCN261250000000004,1993,M10,39514,"",26,125,04,Oakland,1993-10-01,unemployed_count,38337,39059,1177,455
LAUCN261250000000004,1993,M11,36421,"",26,125,04,Oakland,1993-11-01,unemployed_count,39514,35245,-3093,1176
LAUCN261250000000004,1993,M12,36082,"",26,125,04,Oakland,1993-12-01,unemployed_count,36421,35219,-339,863
LAUCN261250000000004,1994,M01,40752,"",26,125,04,Oakland,1994-01-01,unemployed_count,36082,38064,4670,2688
LAUCN261250000000004,1994,M02,37240,"",26,125,04,Oakland,1994-02-01,unemployed_count,40752,37319,-3512,-79
LAUCN261250000000004,1994,M03,34308,"",26,125,04,Oakland,1994-03-01,unemployed_count,37240,38007,-2932,-3699
LAUCN261250000000004,1994,M04,26892,"",26,125,04,Oakland,1994-04-01,unemployed_count,34308,34273,-7416,-7381
LAUCN261250000000004,1994,M05,24918,"",26,125,04,Oakland,1994-05-01,unemployed_count,26892,34277,-1974,-9359
LAUCN261250000000004,1994,M06,26076,"",26,125,04,Oakland,1994-06-01,unemployed_count,24918,38316,1158,-12240
LAUCN261250000000004,1994,M07,25301,"",26,125,04,Oakland,1994-07-01,unemployed_count,26076,37559,-775,-12258
LAUCN261250000000004,1994,M08,27337,"",26,125,04,Oakland,1994-08-01,unemployed_count,25301,38738,2036,-11401
LAUCN261250000000004,1994,M09,24568,"",26,125,04,Oakland,1994-09-01,unemployed_count,27337,38337,-2769,-13769
LAUCN261250000000004,1994,M10,23006,"",26,125,04,Oakland,1994-10-01,unemployed_count,24568,39514,-1562,-16508
LAUCN261250000000004,1994,M11,19146,"",26,125,04,Oakland,1994-11-01,unemployed_count,23006,36421,-3860,-17275
LAUCN261250000000004,1994,M12,17764,"",26,125,04,Oakland,1994-12-01,unemployed_count,19146,36082,-1382,-18318
LAUCN261250000000004,1995,M01,25673,"",26,125,04,Oakland,1995-01-01,unemployed_count,17764,40752,7909,-15079
LAUCN261250000000004,1995,M02,25158,"",26,125,04,Oakland,1995-02-01,unemployed_count,25673,37240,-515,-12082
LAUCN261250000000004,1995,M03,26900,"",26,125,04,Oakland,1995-03-01,unemployed_count,25158,34308,1742,-7408
LAUCN261250000000004,1995,M04,23726,"",26,125,04,Oakland,1995-04-01,unemployed_count,26900,26892,-3174,-3166
LAUCN261250000000004,1995,M05,23184,"",26,125,04,Oakland,1995-05-01,unemployed_count,23726,24918,-542,-1734
LAUCN261250000000004,1995,M06,26863,"",26,125,04,Oakland,1995-06-01,unemployed_count,23184,26076,3679,787
LAUCN261250000000004,1995,M07,22880,"",26,125,04,Oakland,1995-07-01,unemployed_count,26863,25301,-3983,-2421
LAUCN261250000000004,1995,M08,21919,"",26,125,04,Oakland,1995-08-01,unemployed_count,22880,27337,-961,-5418
LAUCN261250000000004,1995,M09,20385,"",26,125,04,Oakland,1995-09-01,unemployed_count,21919,24568,-1534,-4183
LAUCN261250000000004,1995,M10,18997,"",26,125,04,Oakland,1995-10-01,unemployed_count,20385,23006,-1388,-4009
LAUCN261250000000004,1995,M11,19091,"",26,125,04,Oakland,1995-11-01,unemployed_count,18997,19146,94,-55
LAUCN261250000000004,1995,M12,19413,"",26,125,04,Oakland,1995-12-01,unemployed_count,19091,17764,322,1649
LAUCN261250000000004,1996,M01,24398,"",26,125,04,Oakland,1996-01-01,unemployed_count,19413,25673,4985,-1275
LAUCN261250000000004,1996,M02,23702,"",26,125,04,Oakland,1996-02-01,unemployed_count,24398,25158,-696,-1456
LAUCN261250000000004,1996,M03,26646,"",26,125,04,Oakland,1996-03-01,unemployed_count,23702,26900,2944,-254
LAUCN261250000000004,1996,M04,19592,"",26,125,04,Oakland,1996-04-01,unemployed_count,26646,23726,-7054,-4134
LAUCN261250000000004,1996,M05,21414,"",26,125,04,Oakland,1996-05-01,unemployed_count,19592,23184,1822,-1770
LAUCN261250000000004,1996,M06,23441,"",26,125,04,Oakland,1996-06-01,unemployed_count,21414,26863,2027,-3422
LAUCN261250000000004,1996,M07,24524,"",26,125,04,Oakland,1996-07-01,unemployed_count,23441,22880,1083,1644
LAUCN261250000000004,1996,M08,22782,"",26,125,04,Oakland,1996-08-01,unemployed_count,24524,21919,-1742,863
LAUCN261250000000004,1996,M09,22822,"",26,125,04,Oakland,1996-09-01,unemployed_count,22782,20385,40,2437
LAUCN261250000000004,1996,M10,21973,"",26,125,04,Oakland,1996-10-01,unemployed_count,22822,18997,-849,2976
LAUCN261250000000004,1996,M11,20441,"",26,125,04,Oakland,1996-11-01,unemployed_count,21973,19091,-1532,1350
LAUCN261250000000004,1996,M12,19367,"",26,125,04,Oakland,1996-12-01,unemployed_count,20441,19413,-1074,-46
LAUCN261250000000004,1997,M01,26641,"",26,125,04,Oakland,1997-01-01,unemployed_count,19367,24398,7274,2243
LAUCN261250000000004,1997,M02,23850,"",26,125,04,Oakland,1997-02-01,unemployed_count,26641,23702,-2791,148
LAUCN261250000000004,1997,M03,23839,"",26,125,04,Oakland,1997-03-01,unemployed_count,23850,26646,-11,-2807
LAUCN261250000000004,1997,M04,17893,"",26,125,04,Oakland,1997-04-01,unemployed_count,23839,19592,-5946,-1699
LAUCN261250000000004,1997,M05,17023,"",26,125,04,Oakland,1997-05-01,unemployed_count,17893,21414,-870,-4391
LAUCN261250000000004,1997,M06,19496,"",26,125,04,Oakland,1997-06-01,unemployed_count,17023,23441,2473,-3945
LAUCN261250000000004,1997,M07,19115,"",26,125,04,Oakland,1997-07-01,unemployed_count,19496,24524,-381,-5409
LAUCN261250000000004,1997,M08,18980,"",26,125,04,Oakland,1997-08-01,unemployed_count,19115,22782,-135,-3802
LAUCN261250000000004,1997,M09,19154,"",26,125,04,Oakland,1997-09-01,unemployed_count,18980,22822,174,-3668
LAUCN261250000000004,1997,M10,18760,"",26,125,04,Oakland,1997-10-01,unemployed_count,19154,21973,-394,-3213
LAUCN261250000000004,1997,M11,17016,"",26,125,04,Oakland,1997-11-01,unemployed_count,18760,20441,-1744,-3425
LAUCN261250000000004,1997,M12,15833,"",26,125,04,Oakland,1997-12-01,unemployed_count,17016,19367,-1183,-3534
LAUCN261250000000004,1998,M01,21799,"",26,125,04,Oakland,1998-01-01,unemployed_count,15833,26641,5966,-4842
LAUCN261250000000004,1998,M02,20226,"",26,125,04,Oakland,1998-02-01,unemployed_count,21799,23850,-1573,-3624
LAUCN261250000000004,1998,M03,20658,"",26,125,04,Oakland,1998-03-01,unemployed_count,20226,23839,432,-3181
LAUCN261250000000004,1998,M04,14635,"",26,125,04,Oakland,1998-04-01,unemployed_count,20658,17893,-6023,-3258
LAUCN261250000000004,1998,M05,16423,"",26,125,04,Oakland,1998-05-01,unemployed_count,14635,17023,1788,-600
LAUCN261250000000004,1998,M06,20332,"",26,125,04,Oakland,1998-06-01,unemployed_count,16423,19496,3909,836
LAUCN261250000000004,1998,M07,27293,"",26,125,04,Oakland,1998-07-01,unemployed_count,20332,19115,6961,8178
LAUCN261250000000004,1998,M08,18850,"",26,125,04,Oakland,1998-08-01,unemployed_count,27293,18980,-8443,-130
LAUCN261250000000004,1998,M09,18493,"",26,125,04,Oakland,1998-09-01,unemployed_count,18850,19154,-357,-661
LAUCN261250000000004,1998,M10,18512,"",26,125,04,Oakland,1998-10-01,unemployed_count,18493,18760,19,-248
LAUCN261250000000004,1998,M11,18190,"",26,125,04,Oakland,1998-11-01,unemployed_count,18512,17016,-322,1174
LAUCN261250000000004,1998,M12,19138,"",26,125,04,Oakland,1998-12-01,unemployed_count,18190,15833,948,3305
LAUCN261250000000004,1999,M01,23421,"",26,125,04,Oakland,1999-01-01,unemployed_count,19138,21799,4283,1622
LAUCN261250000000004,1999,M02,24040,"",26,125,04,Oakland,1999-02-01,unemployed_count,23421,20226,619,3814
LAUCN261250000000004,1999,M03,22585,"",26,125,04,Oakland,1999-03-01,unemployed_count,24040,20658,-1455,1927
LAUCN261250000000004,1999,M04,18424,"",26,125,04,Oakland,1999-04-01,unemployed_count,22585,14635,-4161,3789
LAUCN261250000000004,1999,M05,16400,"",26,125,04,Oakland,1999-05-01,unemployed_count,18424,16423,-2024,-23
LAUCN261250000000004,1999,M06,19857,"",26,125,04,Oakland,1999-06-01,unemployed_count,16400,20332,3457,-475
LAUCN261250000000004,1999,M07,18094,"",26,125,04,Oakland,1999-07-01,unemployed_count,19857,27293,-1763,-9199
LAUCN261250000000004,1999,M08,16890,"",26,125,04,Oakland,1999-08-01,unemployed_count,18094,18850,-1204,-1960
LAUCN261250000000004,1999,M09,18036,"",26,125,04,Oakland,1999-09-01,unemployed_count,16890,18493,1146,-457
LAUCN261250000000004,1999,M10,18303,"",26,125,04,Oakland,1999-10-01,unemployed_count,18036,18512,267,-209
LAUCN261250000000004,1999,M11,16828,"",26,125,04,Oakland,1999-11-01,unemployed_count,18303,18190,-1475,-1362
LAUCN261250000000004,1999,M12,15008,"",26,125,04,Oakland,1999-12-01,unemployed_count,16828,19138,-1820,-4130
LAUCN261250000000004,2000,M01,19068,"",26,125,04,Oakland,2000-01-01,unemployed_count,15008,23421,4060,-4353
LAUCN261250000000004,2000,M02,16448,"",26,125,04,Oakland,2000-02-01,unemployed_count,19068,24040,-2620,-7592
LAUCN261250000000004,2000,M03,19081,"",26,125,04,Oakland,2000-03-01,unemployed_count,16448,22585,2633,-3504
LAUCN261250000000004,2000,M04,14095,"",26,125,04,Oakland,2000-04-01,unemployed_count,19081,18424,-4986,-4329
LAUCN261250000000004,2000,M05,17203,"",26,125,04,Oakland,2000-05-01,unemployed_count,14095,16400,3108,803
LAUCN261250000000004,2000,M06,20266,"",26,125,04,Oakland,2000-06-01,unemployed_count,17203,19857,3063,409
LAUCN261250000000004,2000,M07,20911,"",26,125,04,Oakland,2000-07-01,unemployed_count,20266,18094,645,2817
LAUCN261250000000004,2000,M08,19955,"",26,125,04,Oakland,2000-08-01,unemployed_count,20911,16890,-956,3065
LAUCN261250000000004,2000,M09,18077,"",26,125,04,Oakland,2000-09-01,unemployed_count,19955,18036,-1878,41
LAUCN261250000000004,2000,M10,17534,"",26,125,04,Oakland,2000-10-01,unemployed_count,18077,18303,-543,-769
LAUCN261250000000004,2000,M11,16647,"",26,125,04,Oakland,2000-11-01,unemployed_count,17534,16828,-887,-181
LAUCN261250000000004,2000,M12,16067,"",26,125,04,Oakland,2000-12-01,unemployed_count,16647,15008,-580,1059
LAUCN261250000000004,2001,M01,24429,"",26,125,04,Oakland,2001-01-01,unemployed_count,16067,19068,8362,5361
LAUCN261250000000004,2001,M02,23690,"",26,125,04,Oakland,2001-02-01,unemployed_count,24429,16448,-739,7242
LAUCN261250000000004,2001,M03,24885,"",26,125,04,Oakland,2001-03-01,unemployed_count,23690,19081,1195,5804
LAUCN261250000000004,2001,M04,21939,"",26,125,04,Oakland,2001-04-01,unemployed_count,24885,14095,-2946,7844
LAUCN261250000000004,2001,M05,24187,"",26,125,04,Oakland,2001-05-01,unemployed_count,21939,17203,2248,6984
LAUCN261250000000004,2001,M06,26648,"",26,125,04,Oakland,2001-06-01,unemployed_count,24187,20266,2461,6382
LAUCN261250000000004,2001,M07,26122,"",26,125,04,Oakland,2001-07-01,unemployed_count,26648,20911,-526,5211
LAUCN261250000000004,2001,M08,31244,"",26,125,04,Oakland,2001-08-01,unemployed_count,26122,19955,5122,11289
LAUCN261250000000004,2001,M09,28701,"",26,125,04,Oakland,2001-09-01,unemployed_count,31244,18077,-2543,10624
LAUCN261250000000004,2001,M10,29868,"",26,125,04,Oakland,2001-10-01,unemployed_count,28701,17534,1167,12334
LAUCN261250000000004,2001,M11,32096,"",26,125,04,Oakland,2001-11-01,unemployed_count,29868,16647,2228,15449
LAUCN261250000000004,2001,M12,31132,"",26,125,04,Oakland,2001-12-01,unemployed_count,32096,16067,-964,15065
LAUCN261250000000004,2002,M01,37481,"",26,125,04,Oakland,2002-01-01,unemployed_count,31132,24429,6349,13052
LAUCN261250000000004,2002,M02,31746,"",26,125,04,Oakland,2002-02-01,unemployed_count,37481,23690,-5735,8056
LAUCN261250000000004,2002,M03,35346,"",26,125,04,Oakland,2002-03-01,unemployed_count,31746,24885,3600,10461
LAUCN261250000000004,2002,M04,30341,"",26,125,04,Oakland,2002-04-01,unemployed_count,35346,21939,-5005,8402
LAUCN261250000000004,2002,M05,33027,"",26,125,04,Oakland,2002-05-01,unemployed_count,30341,24187,2686,8840
LAUCN261250000000004,2002,M06,37062,"",26,125,04,Oakland,2002-06-01,unemployed_count,33027,26648,4035,10414
LAUCN261250000000004,2002,M07,35773,"",26,125,04,Oakland,2002-07-01,unemployed_count,37062,26122,-1289,9651
LAUCN261250000000004,2002,M08,32868,"",26,125,04,Oakland,2002-08-01,unemployed_count,35773,31244,-2905,1624
LAUCN261250000000004,2002,M09,29641,"",26,125,04,Oakland,2002-09-01,unemployed_count,32868,28701,-3227,940
LAUCN261250000000004,2002,M10,30097,"",26,125,04,Oakland,2002-10-01,unemployed_count,29641,29868,456,229
LAUCN261250000000004,2002,M11,30970,"",26,125,04,Oakland,2002-11-01,unemployed_count,30097,32096,873,-1126
LAUCN261250000000004,2002,M12,31145,"",26,125,04,Oakland,2002-12-01,unemployed_count,30970,31132,175,13
LAUCN261250000000004,2003,M01,36990,"",26,125,04,Oakland,2003-01-01,unemployed_count,31145,37481,5845,-491
LAUCN261250000000004,2003,M02,36114,"",26,125,04,Oakland,2003-02-01,unemployed_count,36990,31746,-876,4368
LAUCN261250000000004,2003,M03,36366,"",26,125,04,Oakland,2003-03-01,unemployed_count,36114,35346,252,1020
LAUCN261250000000004,2003,M04,31047,"",26,125,04,Oakland,2003-04-01,unemployed_count,36366,30341,-5319,706
LAUCN261250000000004,2003,M05,35986,"",26,125,04,Oakland,2003-05-01,unemployed_count,31047,33027,4939,2959
LAUCN261250000000004,2003,M06,43131,"",26,125,04,Oakland,2003-06-01,unemployed_count,35986,37062,7145,6069
LAUCN261250000000004,2003,M07,40260,"",26,125,04,Oakland,2003-07-01,unemployed_count,43131,35773,-2871,4487
LAUCN261250000000004,2003,M08,37470,"",26,125,04,Oakland,2003-08-01,unemployed_count,40260,32868,-2790,4602
LAUCN261250000000004,2003,M09,35718,"",26,125,04,Oakland,2003-09-01,unemployed_count,37470,29641,-1752,6077
LAUCN261250000000004,2003,M10,34285,"",26,125,04,Oakland,2003-10-01,unemployed_count,35718,30097,-1433,4188
LAUCN261250000000004,2003,M11,31227,"",26,125,04,Oakland,2003-11-01,unemployed_count,34285,30970,-3058,257
LAUCN261250000000004,2003,M12,29721,"",26,125,04,Oakland,2003-12-01,unemployed_count,31227,31145,-1506,-1424
LAUCN261250000000004,2004,M01,34842,"",26,125,04,Oakland,2004-01-01,unemployed_count,29721,36990,5121,-2148
LAUCN261250000000004,2004,M02,33376,"",26,125,04,Oakland,2004-02-01,unemployed_count,34842,36114,-1466,-2738
LAUCN261250000000004,2004,M03,36560,"",26,125,04,Oakland,2004-03-01,unemployed_count,33376,36366,3184,194
LAUCN261250000000004,2004,M04,29277,"",26,125,04,Oakland,2004-04-01,unemployed_count,36560,31047,-7283,-1770
LAUCN261250000000004,2004,M05,34577,"",26,125,04,Oakland,2004-05-01,unemployed_count,29277,35986,5300,-1409
LAUCN261250000000004,2004,M06,37528,"",26,125,04,Oakland,2004-06-01,unemployed_count,34577,43131,2951,-5603
LAUCN261250000000004,2004,M07,38628,"",26,125,04,Oakland,2004-07-01,unemployed_count,37528,40260,1100,-1632
LAUCN261250000000004,2004,M08,37146,"",26,125,04,Oakland,2004-08-01,unemployed_count,38628,37470,-1482,-324
LAUCN261250000000004,2004,M09,37209,"",26,125,04,Oakland,2004-09-01,unemployed_count,37146,35718,63,1491
LAUCN261250000000004,2004,M10,37201,"",26,125,04,Oakland,2004-10-01,unemployed_count,37209,34285,-8,2916
LAUCN261250000000004,2004,M11,36467,"",26,125,04,Oakland,2004-11-01,unemployed_count,37201,31227,-734,5240
LAUCN261250000000004,2004,M12,37010,"",26,125,04,Oakland,2004-12-01,unemployed_count,36467,29721,543,7289
LAUCN261250000000004,2005,M01,38486,"",26,125,04,Oakland,2005-01-01,unemployed_count,37010,34842,1476,3644
LAUCN261250000000004,2005,M02,39821,"",26,125,04,Oakland,2005-02-01,unemployed_count,38486,33376,1335,6445
LAUCN261250000000004,2005,M03,37361,"",26,125,04,Oakland,2005-03-01,unemployed_count,39821,36560,-2460,801
LAUCN261250000000004,2005,M04,33823,"",26,125,04,Oakland,2005-04-01,unemployed_count,37361,29277,-3538,4546
LAUCN261250000000004,2005,M05,35217,"",26,125,04,Oakland,2005-05-01,unemployed_count,33823,34577,1394,640
LAUCN261250000000004,2005,M06,37095,"",26,125,04,Oakland,2005-06-01,unemployed_count,35217,37528,1878,-433
LAUCN261250000000004,2005,M07,36252,"",26,125,04,Oakland,2005-07-01,unemployed_count,37095,38628,-843,-2376
LAUCN261250000000004,2005,M08,32567,"",26,125,04,Oakland,2005-08-01,unemployed_count,36252,37146,-3685,-4579
LAUCN261250000000004,2005,M09,31954,"",26,125,04,Oakland,2005-09-01,unemployed_count,32567,37209,-613,-5255
LAUCN261250000000004,2005,M10,30479,"",26,125,04,Oakland,2005-10-01,unemployed_count,31954,37201,-1475,-6722
LAUCN261250000000004,2005,M11,32908,"",26,125,04,Oakland,2005-11-01,unemployed_count,30479,36467,2429,-3559
LAUCN261250000000004,2005,M12,32481,"",26,125,04,Oakland,2005-12-01,unemployed_count,32908,37010,-427,-4529
LAUCN261250000000004,2006,M01,35252,"",26,125,04,Oakland,2006-01-01,unemployed_count,32481,38486,2771,-3234
LAUCN261250000000004,2006,M02,35897,"",26,125,04,Oakland,2006-02-01,unemployed_count,35252,39821,645,-3924
LAUCN261250000000004,2006,M03,37090,"",26,125,04,Oakland,2006-03-01,unemployed_count,35897,37361,1193,-271
LAUCN261250000000004,2006,M04,32418,"",26,125,04,Oakland,2006-04-01,unemployed_count,37090,33823,-4672,-1405
LAUCN261250000000004,2006,M05,30740,"",26,125,04,Oakland,2006-05-01,unemployed_count,32418,35217,-1678,-4477
LAUCN261250000000004,2006,M06,36299,"",26,125,04,Oakland,2006-06-01,unemployed_count,30740,37095,5559,-796
LAUCN261250000000004,2006,M07,37744,"",26,125,04,Oakland,2006-07-01,unemployed_count,36299,36252,1445,1492
LAUCN261250000000004,2006,M08,36088,"",26,125,04,Oakland,2006-08-01,unemployed_count,37744,32567,-1656,3521
LAUCN261250000000004,2006,M09,35703,"",26,125,04,Oakland,2006-09-01,unemployed_count,36088,31954,-385,3749
LAUCN261250000000004,2006,M10,32092,"",26,125,04,Oakland,2006-10-01,unemployed_count,35703,30479,-3611,1613
LAUCN261250000000004,2006,M11,33227,"",26,125,04,Oakland,2006-11-01,unemployed_count,32092,32908,1135,319
LAUCN261250000000004,2006,M12,34064,"",26,125,04,Oakland,2006-12-01,unemployed_count,33227,32481,837,1583
LAUCN261250000000004,2007,M01,37168,"",26,125,04,Oakland,2007-01-01,unemployed_count,34064,35252,3104,1916
LAUCN261250000000004,2007,M02,34882,"",26,125,04,Oakland,2007-02-01,unemployed_count,37168,35897,-2286,-1015
LAUCN261250000000004,2007,M03,35580,"",26,125,04,Oakland,2007-03-01,unemployed_count,34882,37090,698,-1510
LAUCN261250000000004,2007,M04,32953,"",26,125,04,Oakland,2007-04-01,unemployed_count,35580,32418,-2627,535
LAUCN261250000000004,2007,M05,34309,"",26,125,04,Oakland,2007-05-01,unemployed_count,32953,30740,1356,3569
LAUCN261250000000004,2007,M06,39245,"",26,125,04,Oakland,2007-06-01,unemployed_count,34309,36299,4936,2946
LAUCN261250000000004,2007,M07,39980,"",26,125,04,Oakland,2007-07-01,unemployed_count,39245,37744,735,2236
LAUCN261250000000004,2007,M08,37250,"",26,125,04,Oakland,2007-08-01,unemployed_count,39980,36088,-2730,1162
LAUCN261250000000004,2007,M09,38909,"",26,125,04,Oakland,2007-09-01,unemployed_count,37250,35703,1659,3206
LAUCN261250000000004,2007,M10,35195,"",26,125,04,Oakland,2007-10-01,unemployed_count,38909,32092,-3714,3103
LAUCN261250000000004,2007,M11,34151,"",26,125,04,Oakland,2007-11-01,unemployed_count,35195,33227,-1044,924
LAUCN261250000000004,2007,M12,36212,"",26,125,04,Oakland,2007-12-01,unemployed_count,34151,34064,2061,2148
LAUCN261250000000004,2008,M01,37787,"",26,125,04,Oakland,2008-01-01,unemployed_count,36212,37168,1575,619
LAUCN261250000000004,2008,M02,35994,"",26,125,04,Oakland,2008-02-01,unemployed_count,37787,34882,-1793,1112
LAUCN261250000000004,2008,M03,37182,"",26,125,04,Oakland,2008-03-01,unemployed_count,35994,35580,1188,1602
LAUCN261250000000004,2008,M04,31604,"",26,125,04,Oakland,2008-04-01,unemployed_count,37182,32953,-5578,-1349
LAUCN261250000000004,2008,M05,40059,"",26,125,04,Oakland,2008-05-01,unemployed_count,31604,34309,8455,5750
LAUCN261250000000004,2008,M06,43931,"",26,125,04,Oakland,2008-06-01,unemployed_count,40059,39245,3872,4686
LAUCN261250000000004,2008,M07,44148,"",26,125,04,Oakland,2008-07-01,unemployed_count,43931,39980,217,4168
LAUCN261250000000004,2008,M08,43927,"",26,125,04,Oakland,2008-08-01,unemployed_count,44148,37250,-221,6677
LAUCN261250000000004,2008,M09,43621,"",26,125,04,Oakland,2008-09-01,unemployed_count,43927,38909,-306,4712
LAUCN261250000000004,2008,M10,45342,"",26,125,04,Oakland,2008-10-01,unemployed_count,43621,35195,1721,10147
LAUCN261250000000004,2008,M11,45901,"",26,125,04,Oakland,2008-11-01,unemployed_count,45342,34151,559,11750
LAUCN261250000000004,2008,M12,49998,"",26,125,04,Oakland,2008-12-01,unemployed_count,45901,36212,4097,13786
LAUCN261250000000004,2009,M01,56680,"",26,125,04,Oakland,2009-01-01,unemployed_count,49998,37787,6682,18893
LAUCN261250000000004,2009,M02,60291,"",26,125,04,Oakland,2009-02-01,unemployed_count,56680,35994,3611,24297
LAUCN261250000000004,2009,M03,65448,"",26,125,04,Oakland,2009-03-01,unemployed_count,60291,37182,5157,28266
LAUCN261250000000004,2009,M04,65451,"",26,125,04,Oakland,2009-04-01,unemployed_count,65448,31604,3,33847
LAUCN261250000000004,2009,M05,72944,"",26,125,04,Oakland,2009-05-01,unemployed_count,65451,40059,7493,32885
LAUCN261250000000004,2009,M06,82521,"",26,125,04,Oakland,2009-06-01,unemployed_count,72944,43931,9577,38590
LAUCN261250000000004,2009,M07,87138,"",26,125,04,Oakland,2009-07-01,unemployed_count,82521,44148,4617,42990
LAUCN261250000000004,2009,M08,82619,"",26,125,04,Oakland,2009-08-01,unemployed_count,87138,43927,-4519,38692
LAUCN261250000000004,2009,M09,83087,"",26,125,04,Oakland,2009-09-01,unemployed_count,82619,43621,468,39466
LAUCN261250000000004,2009,M10,81655,"",26,125,04,Oakland,2009-10-01,unemployed_count,83087,45342,-1432,36313
LAUCN261250000000004,2009,M11,77143,"",26,125,04,Oakland,2009-11-01,unemployed_count,81655,45901,-4512,31242
LAUCN261250000000004,2009,M12,77065,"",26,125,04,Oakland,2009-12-01,unemployed_count,77143,49998,-78,27067
LAUCN261250000000004,2010,M01,81456,"",26,125,04,Oakland,2010-01-01,unemployed_count,77065,56680,4391,24776
LAUCN261250000000004,2010,M02,80380,"",26,125,04,Oakland,2010-02-01,unemployed_count,81456,60291,-1076,20089
LAUCN261250000000004,2010,M03,80962,"",26,125,04,Oakland,2010-03-01,unemployed_count,80380,65448,582,15514
LAUCN261250000000004,2010,M04,75853,"",26,125,04,Oakland,2010-04-01,unemployed_count,80962,65451,-5109,10402
LAUCN261250000000004,2010,M05,74744,"",26,125,04,Oakland,2010-05-01,unemployed_count,75853,72944,-1109,1800
LAUCN261250000000004,2010,M06,77446,"",26,125,04,Oakland,2010-06-01,unemployed_count,74744,82521,2702,-5075
LAUCN261250000000004,2010,M07,81191,"",26,125,04,Oakland,2010-07-01,unemployed_count,77446,87138,3745,-5947
LAUCN261250000000004,2010,M08,75281,"",26,125,04,Oakland,2010-08-01,unemployed_count,81191,82619,-5910,-7338
LAUCN261250000000004,2010,M09,71039,"",26,125,04,Oakland,2010-09-01,unemployed_count,75281,83087,-4242,-12048
LAUCN261250000000004,2010,M10,67371,"",26,125,04,Oakland,2010-10-01,unemployed_count,71039,81655,-3668,-14284
LAUCN261250000000004,2010,M11,62176,"",26,125,04,Oakland,2010-11-01,unemployed_count,67371,77143,-5195,-14967
LAUCN261250000000004,2010,M12,57452,"",26,125,04,Oakland,2010-12-01,unemployed_count,62176,77065,-4724,-19613
LAUCN261250000000004,2011,M01,60781,"",26,125,04,Oakland,2011-01-01,unemployed_count,57452,81456,3329,-20675
LAUCN261250000000004,2011,M02,59643,"",26,125,04,Oakland,2011-02-01,unemployed_count,60781,80380,-1138,-20737
LAUCN261250000000004,2011,M03,57057,"",26,125,04,Oakland,2011-03-01,unemployed_count,59643,80962,-2586,-23905
LAUCN261250000000004,2011,M04,53372,"",26,125,04,Oakland,2011-04-01,unemployed_count,57057,75853,-3685,-22481
LAUCN261250000000004,2011,M05,56416,"",26,125,04,Oakland,2011-05-01,unemployed_count,53372,74744,3044,-18328
LAUCN261250000000004,2011,M06,61257,"",26,125,04,Oakland,2011-06-01,unemployed_count,56416,77446,4841,-16189
LAUCN261250000000004,2011,M07,63397,"",26,125,04,Oakland,2011-07-01,unemployed_count,61257,81191,2140,-17794
LAUCN261250000000004,2011,M08,60044,"",26,125,04,Oakland,2011-08-01,unemployed_count,63397,75281,-3353,-15237
LAUCN261250000000004,2011,M09,56604,"",26,125,04,Oakland,2011-09-01,unemployed_count,60044,71039,-3440,-14435
LAUCN261250000000004,2011,M10,53093,"",26,125,04,Oakland,2011-10-01,unemployed_count,56604,67371,-3511,-14278
LAUCN261250000000004,2011,M11,47450,"",26,125,04,Oakland,2011-11-01,unemployed_count,53093,62176,-5643,-14726
LAUCN261250000000004,2011,M12,48714,"",26,125,04,Oakland,2011-12-01,unemployed_count,47450,57452,1264,-8738
LAUCN261250000000004,2012,M01,51997,"",26,125,04,Oakland,2012-01-01,unemployed_count,48714,60781,3283,-8784
LAUCN261250000000004,2012,M02,50947,"",26,125,04,Oakland,2012-02-01,unemployed_count,51997,59643,-1050,-8696
LAUCN261250000000004,2012,M03,50400,"",26,125,04,Oakland,2012-03-01,unemployed_count,50947,57057,-547,-6657
LAUCN261250000000004,2012,M04,45827,"",26,125,04,Oakland,2012-04-01,unemployed_count,50400,53372,-4573,-7545
LAUCN261250000000004,2012,M05,50209,"",26,125,04,Oakland,2012-05-01,unemployed_count,45827,56416,4382,-6207
LAUCN261250000000004,2012,M06,54216,"",26,125,04,Oakland,2012-06-01,unemployed_count,50209,61257,4007,-7041
LAUCN261250000000004,2012,M07,59028,"",26,125,04,Oakland,2012-07-01,unemployed_count,54216,63397,4812,-4369
LAUCN261250000000004,2012,M08,53746,"",26,125,04,Oakland,2012-08-01,unemployed_count,59028,60044,-5282,-6298
LAUCN261250000000004,2012,M09,48856,"",26,125,04,Oakland,2012-09-01,unemployed_count,53746,56604,-4890,-7748
LAUCN261250000000004,2012,M10,49017,"",26,125,04,Oakland,2012-10-01,unemployed_count,48856,53093,161,-4076
LAUCN261250000000004,2012,M11,45237,"",26,125,04,Oakland,2012-11-01,unemployed_count,49017,47450,-3780,-2213
LAUCN261250000000004,2012,M12,48257,"",26,125,04,Oakland,2012-12-01,unemployed_count,45237,48714,3020,-457
LAUCN261250000000004,2013,M01,51553,"",26,125,04,Oakland,2013-01-01,unemployed_count,48257,51997,3296,-444
LAUCN261250000000004,2013,M02,48962,"",26,125,04,Oakland,2013-02-01,unemployed_count,51553,50947,-2591,-1985
LAUCN261250000000004,2013,M03,48162,"",26,125,04,Oakland,2013-03-01,unemployed_count,48962,50400,-800,-2238
LAUCN261250000000004,2013,M04,44331,"",26,125,04,Oakland,2013-04-01,unemployed_count,48162,45827,-3831,-1496
LAUCN261250000000004,2013,M05,48745,"",26,125,04,Oakland,2013-05-01,unemployed_count,44331,50209,4414,-1464
LAUCN261250000000004,2013,M06,54193,"",26,125,04,Oakland,2013-06-01,unemployed_count,48745,54216,5448,-23
LAUCN261250000000004,2013,M07,54865,"",26,125,04,Oakland,2013-07-01,unemployed_count,54193,59028,672,-4163
LAUCN261250000000004,2013,M08,51471,"",26,125,04,Oakland,2013-08-01,unemployed_count,54865,53746,-3394,-2275
LAUCN261250000000004,2013,M09,49282,"",26,125,04,Oakland,2013-09-01,unemployed_count,51471,48856,-2189,426
LAUCN261250000000004,2013,M10,48756,"",26,125,04,Oakland,2013-10-01,unemployed_count,49282,49017,-526,-261
LAUCN261250000000004,2013,M11,44617,"",26,125,04,Oakland,2013-11-01,unemployed_count,48756,45237,-4139,-620
LAUCN261250000000004,2013,M12,42367,"",26,125,04,Oakland,2013-12-01,unemployed_count,44617,48257,-2250,-5890
LAUCN261250000000004,2014,M01,43895,"",26,125,04,Oakland,2014-01-01,unemployed_count,42367,51553,1528,-7658
LAUCN261250000000004,2014,M02,45761,"",26,125,04,Oakland,2014-02-01,unemployed_count,43895,48962,1866,-3201
LAUCN261250000000004,2014,M03,44784,"",26,125,04,Oakland,2014-03-01,unemployed_count,45761,48162,-977,-3378
LAUCN261250000000004,2014,M04,38201,"",26,125,04,Oakland,2014-04-01,unemployed_count,44784,44331,-6583,-6130
LAUCN261250000000004,2014,M05,42150,"",26,125,04,Oakland,2014-05-01,unemployed_count,38201,48745,3949,-6595
LAUCN261250000000004,2014,M06,45451,"",26,125,04,Oakland,2014-06-01,unemployed_count,42150,54193,3301,-8742
LAUCN261250000000004,2014,M07,47482,"",26,125,04,Oakland,2014-07-01,unemployed_count,45451,54865,2031,-7383
LAUCN261250000000004,2014,M08,41009,"",26,125,04,Oakland,2014-08-01,unemployed_count,47482,51471,-6473,-10462
LAUCN261250000000004,2014,M09,39703,"",26,125,04,Oakland,2014-09-01,unemployed_count,41009,49282,-1306,-9579
LAUCN261250000000004,2014,M10,37522,"",26,125,04,Oakland,2014-10-01,unemployed_count,39703,48756,-2181,-11234
LAUCN261250000000004,2014,M11,33502,"",26,125,04,Oakland,2014-11-01,unemployed_count,37522,44617,-4020,-11115
LAUCN261250000000004,2014,M12,31027,"",26,125,04,Oakland,2014-12-01,unemployed_count,33502,42367,-2475,-11340
LAUCN261250000000004,2015,M01,34889,"",26,125,04,Oakland,2015-01-01,unemployed_count,31027,43895,3862,-9006
LAUCN261250000000004,2015,M02,31108,"",26,125,04,Oakland,2015-02-01,unemployed_count,34889,45761,-3781,-14653
LAUCN261250000000004,2015,M03,31129,"",26,125,04,Oakland,2015-03-01,unemployed_count,31108,44784,21,-13655
LAUCN261250000000004,2015,M04,27639,"",26,125,04,Oakland,2015-04-01,unemployed_count,31129,38201,-3490,-10562
LAUCN261250000000004,2015,M05,33354,"",26,125,04,Oakland,2015-05-01,unemployed_count,27639,42150,5715,-8796
LAUCN261250000000004,2015,M06,32559,"",26,125,04,Oakland,2015-06-01,unemployed_count,33354,45451,-795,-12892
LAUCN261250000000004,2015,M07,34571,"",26,125,04,Oakland,2015-07-01,unemployed_count,32559,47482,2012,-12911
LAUCN261250000000004,2015,M08,30286,"",26,125,04,Oakland,2015-08-01,unemployed_count,34571,41009,-4285,-10723
LAUCN261250000000004,2015,M09,28186,"",26,125,04,Oakland,2015-09-01,unemployed_count,30286,39703,-2100,-11517
LAUCN261250000000004,2015,M10,27922,"",26,125,04,Oakland,2015-10-01,unemployed_count,28186,37522,-264,-9600
LAUCN261250000000004,2015,M11,24735,"",26,125,04,Oakland,2015-11-01,unemployed_count,27922,33502,-3187,-8767
LAUCN261250000000004,2015,M12,24008,"",26,125,04,Oakland,2015-12-01,unemployed_count,24735,31027,-727,-7019
LAUCN261250000000004,2016,M01,27654,T,26,125,04,Oakland,2016-01-01,unemployed_count,24008,34889,3646,-7235
LAUCN261250000000004,2016,M02,26677,T,26,125,04,Oakland,2016-02-01,unemployed_count,27654,31108,-977,-4431
LAUCN261250000000004,2016,M03,27848,T,26,125,04,Oakland,2016-03-01,unemployed_count,26677,31129,1171,-3281
LAUCN261250000000004,2016,M04,24459,T,26,125,04,Oakland,2016-04-01,unemployed_count,27848,27639,-3389,-3180
LAUCN261250000000004,2016,M05,25489,T,26,125,04,Oakland,2016-05-01,unemployed_count,24459,33354,1030,-7865
LAUCN261250000000004,2016,M06,29931,T,26,125,04,Oakland,2016-06-01,unemployed_count,25489,32559,4442,-2628
LAUCN261250000000004,2016,M07,31321,T,26,125,04,Oakland,2016-07-01,unemployed_count,29931,34571,1390,-3250
LAUCN261250000000004,2016,M08,29569,T,26,125,04,Oakland,2016-08-01,unemployed_count,31321,30286,-1752,-717
LAUCN261250000000004,2016,M09,28321,T,26,125,04,Oakland,2016-09-01,unemployed_count,29569,28186,-1248,135
LAUCN261250000000004,2016,M10,27860,T,26,125,04,Oakland,2016-10-01,unemployed_count,28321,27922,-461,-62
LAUCN261250000000004,2016,M11,26652,T,26,125,04,Oakland,2016-11-01,unemployed_count,27860,24735,-1208,1917
LAUCN261250000000004,2016,M12,23740,T,26,125,04,Oakland,2016-12-01,unemployed_count,26652,24008,-2912,-268
LAUCN261250000000004,2017,M01,29379,T,26,125,04,Oakland,2017-01-01,unemployed_count,23740,27654,5639,1725
LAUCN261250000000004,2017,M02,26130,T,26,125,04,Oakland,2017-02-01,unemployed_count,29379,26677,-3249,-547
LAUCN261250000000004,2017,M03,23275,T,26,125,04,Oakland,2017-03-01,unemployed_count,26130,27848,-2855,-4573
LAUCN261250000000004,2017,M04,18388,T,26,125,04,Oakland,2017-04-01,unemployed_count,23275,24459,-4887,-6071
LAUCN261250000000004,2017,M05,19223,T,26,125,04,Oakland,2017-05-01,unemployed_count,18388,25489,835,-6266
LAUCN261250000000004,2017,M06,21418,T,26,125,04,Oakland,2017-06-01,unemployed_count,19223,29931,2195,-8513
LAUCN261250000000004,2017,M07,25522,T,26,125,04,Oakland,2017-07-01,unemployed_count,21418,31321,4104,-5799
LAUCN261250000000004,2017,M08,26020,T,26,125,04,Oakland,2017-08-01,unemployed_count,25522,29569,498,-3549
LAUCN261250000000004,2017,M09,25837,T,26,125,04,Oakland,2017-09-01,unemployed_count,26020,28321,-183,-2484
LAUCN261250000000004,2017,M10,23565,T,26,125,04,Oakland,2017-10-01,unemployed_count,25837,27860,-2272,-4295
LAUCN261250000000004,2017,M11,22913,T,26,125,04,Oakland,2017-11-01,unemployed_count,23565,26652,-652,-3739
LAUCN261250000000004,2017,M12,23532,T,26,125,04,Oakland,2017-12-01,unemployed_count,22913,23740,619,-208
LAUCN261250000000004,2018,M01,25630,T,26,125,04,Oakland,2018-01-01,unemployed_count,23532,29379,2098,-3749
LAUCN261250000000004,2018,M02,25144,T,26,125,04,Oakland,2018-02-01,unemployed_count,25630,26130,-486,-986
LAUCN261250000000004,2018,M03,23778,T,26,125,04,Oakland,2018-03-01,unemployed_count,25144,23275,-1366,503
LAUCN261250000000004,2018,M04,20411,T,26,125,04,Oakland,2018-04-01,unemployed_count,23778,18388,-3367,2023
LAUCN261250000000004,2018,M05,20057,T,26,125,04,Oakland,2018-05-01,unemployed_count,20411,19223,-354,834
LAUCN261250000000004,2018,M06,23917,T,26,125,04,Oakland,2018-06-01,unemployed_count,20057,21418,3860,2499
LAUCN261250000000004,2018,M07,25867,T,26,125,04,Oakland,2018-07-01,unemployed_count,23917,25522,1950,345
LAUCN261250000000004,2018,M08,22094,T,26,125,04,Oakland,2018-08-01,unemployed_count,25867,26020,-3773,-3926
LAUCN261250000000004,2018,M09,22536,T,26,125,04,Oakland,2018-09-01,unemployed_count,22094,25837,442,-3301
LAUCN261250000000004,2018,M10,23438,T,26,125,04,Oakland,2018-10-01,unemployed_count,22536,23565,902,-127
LAUCN261250000000004,2018,M11,21166,T,26,125,04,Oakland,2018-11-01,unemployed_count,23438,22913,-2272,-1747
LAUCN261250000000004,2018,M12,22417,T,26,125,04,Oakland,2018-12-01,unemployed_count,21166,23532,1251,-1115
LAUCN261250000000004,2019,M01,24632,T,26,125,04,Oakland,2019-01-01,unemployed_count,22417,25630,2215,-998
LAUCN261250000000004,2019,M02,24020,T,26,125,04,Oakland,2019-02-01,unemployed_count,24632,25144,-612,-1124
LAUCN261250000000004,2019,M03,26117,T,26,125,04,Oakland,2019-03-01,unemployed_count,24020,23778,2097,2339
LAUCN261250000000004,2019,M04,20900,T,26,125,04,Oakland,2019-04-01,unemployed_count,26117,20411,-5217,489
LAUCN261250000000004,2019,M05,22608,T,26,125,04,Oakland,2019-05-01,unemployed_count,20900,20057,1708,2551
LAUCN261250000000004,2019,M06,25129,T,26,125,04,Oakland,2019-06-01,unemployed_count,22608,23917,2521,1212
LAUCN261250000000004,2019,M07,27815,T,26,125,04,Oakland,2019-07-01,unemployed_count,25129,25867,2686,1948
LAUCN261250000000004,2019,M08,25361,T,26,125,04,Oakland,2019-08-01,unemployed_count,27815,22094,-2454,3267
LAUCN261250000000004,2019,M09,23125,T,26,125,04,Oakland,2019-09-01,unemployed_count,25361,22536,-2236,589
LAUCN261250000000004,2019,M10,20160,T,26,125,04,Oakland,2019-10-01,unemployed_count,23125,23438,-2965,-3278
LAUCN261250000000004,2019,M11,19459,T,26,125,04,Oakland,2019-11-01,unemployed_count,20160,21166,-701,-1707
LAUCN261250000000004,2019,M12,19450,T,26,125,04,Oakland,2019-12-01,unemployed_count,19459,22417,-9,-2967
LAUCN261250000000004,2020,M01,21838,T,26,125,04,Oakland,2020-01-01,unemployed_count,19450,24632,2388,-2794
LAUCN261250000000004,2020,M02,19353,T,26,125,04,Oakland,2020-02-01,unemployed_count,21838,24020,-2485,-4667
LAUCN261250000000004,2020,M03,24369,T,26,125,04,Oakland,2020-03-01,unemployed_count,19353,26117,5016,-1748
LAUCN261250000000004,2020,M04,106765,T,26,125,04,Oakland,2020-04-01,unemployed_count,24369,20900,82396,85865
LAUCN261250000000004,2020,M05,126135,T,26,125,04,Oakland,2020-05-01,unemployed_count,106765,22608,19370,103527
LAUCN261250000000004,2020,M06,97317,T,26,125,04,Oakland,2020-06-01,unemployed_count,126135,25129,-28818,72188
LAUCN261250000000004,2020,M07,84243,T,26,125,04,Oakland,2020-07-01,unemployed_count,97317,27815,-13074,56428
LAUCN261250000000004,2020,M08,61054,T,26,125,04,Oakland,2020-08-01,unemployed_count,84243,25361,-23189,35693
LAUCN261250000000004,2020,M09,55196,T,26,125,04,Oakland,2020-09-01,unemployed_count,61054,23125,-5858,32071
LAUCN261250000000004,2020,M10,43827,T,26,125,04,Oakland,2020-10-01,unemployed_count,55196,20160,-11369,23667
LAUCN261250000000004,2020,M11,39991,T,26,125,04,Oakland,2020-11-01,unemployed_count,43827,19459,-3836,20532
LAUCN261250000000004,2020,M12,39449,T,26,125,04,Oakland,2020-12-01,unemployed_count,39991,19450,-542,19999
LAUCN261250000000004,2021,M01,36317,T,26,125,04,Oakland,2021-01-01,unemployed_count,39449,21838,-3132,14479
LAUCN261250000000004,2021,M02,33264,T,26,125,04,Oakland,2021-02-01,unemployed_count,36317,19353,-3053,13911
LAUCN261250000000004,2021,M03,34578,T,26,125,04,Oakland,2021-03-01,unemployed_count,33264,24369,1314,10209
LAUCN261250000000004,2021,M04,29416,T,26,125,04,Oakland,2021-04-01,unemployed_count,34578,106765,-5162,-77349
LAUCN261250000000004,2021,M05,30330,T,26,125,04,Oakland,2021-05-01,unemployed_count,29416,126135,914,-95805
LAUCN261250000000004,2021,M06,35455,T,26,125,04,Oakland,2021-06-01,unemployed_count,30330,97317,5125,-61862
LAUCN261250000000004,2021,M07,34718,T,26,125,04,Oakland,2021-07-01,unemployed_count,35455,84243,-737,-49525
LAUCN261250000000004,2021,M08,30530,T,26,125,04,Oakland,2021-08-01,unemployed_count,34718,61054,-4188,-30524
LAUCN261250000000004,2021,M09,28639,T,26,125,04,Oakland,2021-09-01,unemployed_count,30530,55196,-1891,-26557
LAUCN261250000000004,2021,M10,24881,T,26,125,04,Oakland,2021-10-01,unemployed_count,28639,43827,-3758,-18946
LAUCN261250000000004,2021,M11,21669,T,26,125,04,Oakland,2021-11-01,unemployed_count,24881,39991,-3212,-18322
LAUCN261250000000004,2021,M12,21285,T,26,125,04,Oakland,2021-12-01,unemployed_count,21669,39449,-384,-18164
LAUCN261250000000004,2022,M01,25847,T,26,125,04,Oakland,2022-01-01,unemployed_count,21285,36317,4562,-10470
LAUCN261250000000004,2022,M02,23267,T,26,125,04,Oakland,2022-02-01,unemployed_count,25847,33264,-2580,-9997
LAUCN261250000000004,2022,M03,22040,T,26,125,04,Oakland,2022-03-01,unemployed_count,23267,34578,-1227,-12538
LAUCN261250000000004,2022,M04,18080,T,26,125,04,Oakland,2022-04-01,unemployed_count,22040,29416,-3960,-11336
LAUCN261250000000004,2022,M05,21448,T,26,125,04,Oakland,2022-05-01,unemployed_count,18080,30330,3368,-8882
LAUCN261250000000004,2022,M06,21569,T,26,125,04,Oakland,2022-06-01,unemployed_count,21448,35455,121,-13886
LAUCN261250000000004,2022,M07,19601,T,26,125,04,Oakland,2022-07-01,unemployed_count,21569,34718,-1968,-15117
LAUCN261250000000004,2022,M08,19547,T,26,125,04,Oakland,2022-08-01,unemployed_count,19601,30530,-54,-10983
LAUCN261250000000004,2022,M09,19239,T,26,125,04,Oakland,2022-09-01,unemployed_count,19547,28639,-308,-9400
LAUCN261250000000004,2022,M10,19005,T,26,125,04,Oakland,2022-10-01,unemployed_count,19239,24881,-234,-5876
LAUCN261250000000004,2022,M11,17518,T,26,125,04,Oakland,2022-11-01,unemployed_count,19005,21669,-1487,-4151
LAUCN261250000000004,2022,M12,17495,T,26,125,04,Oakland,2022-12-01,unemployed_count,17518,21285,-23,-3790
LAUCN261250000000004,2023,M01,21463,T,26,125,04,Oakland,2023-01-01,unemployed_count,17495,25847,3968,-4384
LAUCN261250000000004,2023,M02,19497,T,26,125,04,Oakland,2023-02-01,unemployed_count,21463,23267,-1966,-3770
LAUCN261250000000004,2023,M03,17329,T,26,125,04,Oakland,2023-03-01,unemployed_count,19497,22040,-2168,-4711
LAUCN261250000000004,2023,M04,12590,T,26,125,04,Oakland,2023-04-01,unemployed_count,17329,18080,-4739,-5490
LAUCN261250000000004,2023,M05,19209,T,26,125,04,Oakland,2023-05-01,unemployed_count,12590,21448,6619,-2239
LAUCN261250000000004,2023,M06,21654,T,26,125,04,Oakland,2023-06-01,unemployed_count,19209,21569,2445,85
LAUCN261250000000004,2023,M07,23312,T,26,125,04,Oakland,2023-07-01,unemployed_count,21654,19601,1658,3711
LAUCN261250000000004,2023,M08,22599,T,26,125,04,Oakland,2023-08-01,unemployed_count,23312,19547,-713,3052
LAUCN261250000000004,2023,M09,23092,T,26,125,04,Oakland,2023-09-01,unemployed_count,22599,19239,493,3853
LAUCN261250000000004,2023,M10,22237,T,26,125,04,Oakland,2023-10-01,unemployed_count,23092,19005,-855,3232
LAUCN261250000000004,2023,M11,18964,T,26,125,04,Oakland,2023-11-01,unemployed_count,22237,17518,-3273,1446
LAUCN261250000000004,2023,M12,17774,T,26,125,04,Oakland,2023-12-01,unemployed_count,18964,17495,-1190,279
LAUCN261250000000004,2024,M01,21093,T,26,125,04,Oakland,2024-01-01,unemployed_count,17774,21463,3319,-370
LAUCN261250000000004,2024,M02,21739,T,26,125,04,Oakland,2024-02-01,unemployed_count,21093,19497,646,2242
LAUCN261250000000004,2024,M03,21237,T,26,125,04,Oakland,2024-03-01,unemployed_count,21739,17329,-502,3908
LAUCN261250000000004,2024,M04,18683,T,26,125,04,Oakland,2024-04-01,unemployed_count,21237,12590,-2554,6093
LAUCN261250000000004,2024,M05,23136,T,26,125,04,Oakland,2024-05-01,unemployed_count,18683,19209,4453,3927
LAUCN261250000000004,2024,M06,27502,T,26,125,04,Oakland,2024-06-01,unemployed_count,23136,21654,4366,5848
LAUCN261250000000004,2024,M07,30082,T,26,125,04,Oakland,2024-07-01,unemployed_count,27502,23312,2580,6770
LAUCN261250000000004,2024,M08,25183,T,26,125,04,Oakland,2024-08-01,unemployed_count,30082,22599,-4899,2584
LAUCN261250000000004,2024,M09,26737,T,26,125,04,Oakland,2024-09-01,unemployed_count,25183,23092,1554,3645
LAUCN261250000000004,2024,M10,26707,T,26,125,04,Oakland,2024-10-01,unemployed_count,26737,22237,-30,4470
LAUCN261250000000004,2024,M11,26892,T,26,125,04,Oakland,2024-11-01,unemployed_count,26707,18964,185,7928
LAUCN261250000000004,2024,M12,25925,T,26,125,04,Oakland,2024-12-01,unemployed_count,26892,17774,-967,8151
LAUCN261250000000004,2025,M01,28182,T,26,125,04,Oakland,2025-01-01,unemployed_count,25925,21093,2257,7089
LAUCN261250000000004,2025,M02,28499,T,26,125,04,Oakland,2025-02-01,unemployed_count,28182,21739,317,6760
LAUCN261250000000004,2025,M03,27029,T,26,125,04,Oakland,2025-03-01,unemployed_count,28499,21237,-1470,5792
LAUCN261250000000004,2025,M04,21522,T,26,125,04,Oakland,2025-04-01,unemployed_count,27029,18683,-5507,2839
LAUCN261250000000004,2025,M05,25961,T,26,125,04,Oakland,2025-05-01,unemployed_count,21522,23136,4439,2825
LAUCN261250000000004,2025,M06,27291,T,26,125,04,Oakland,2025-06-01,unemployed_count,25961,27502,1330,-211
LAUCN261250000000004,2025,M07,30856,T,26,125,04,Oakland,2025-07-01,unemployed_count,27291,30082,3565,774
LAUCN261250000000004,2025,M08,25504,T,26,125,04,Oakland,2025-08-01,unemployed_count,30856,25183,-5352,321
LAUCN261250000000004,2025,M09,26763,T,26,125,04,Oakland,2025-09-01,unemployed_count,25504,26737,1259,26
LAUCN261250000000004,2025,M11,28920,T,26,125,04,Oakland,2025-11-01,unemployed_count,26763,26707,2157,2213
LAUCN261250000000004,2025,M12,25995,T,26,125,04,Oakland,2025-12-01,unemployed_count,28920,26892,-2925,-897
LAUCN261250000000004,2026,M01,28982,"",26,125,04,Oakland,2026-01-01,unemployed_count,25995,25925,2987,3057
LAUCN261250000000004,2026,M02,30543,"",26,125,04,Oakland,2026-02-01,unemployed_count,28982,28182,1561,2361
LAUCN261250000000004,2026,M03,28311,"",26,125,04,Oakland,2026-03-01,unemployed_count,30543,28499,-2232,-188
LAUCN261250000000004,2026,M04,24333,P,26,125,04,Oakland,2026-04-01,unemployed_count,28311,27029,-3978,-2696
LAUCN261250000000003,1990,M01,7,"",26,125,03,Oakland,1990-01-01,unemployment_rate,,,,
LAUCN261250000000003,1990,M02,6.1,"",26,125,03,Oakland,1990-02-01,unemployment_rate,7,,-0.9,
LAUCN261250000000003,1990,M03,6.3,"",26,125,03,Oakland,1990-03-01,unemployment_rate,6.1,,0.2,
LAUCN261250000000003,1990,M04,5.8,"",26,125,03,Oakland,1990-04-01,unemployment_rate,6.3,,-0.5,
LAUCN261250000000003,1990,M05,5.9,"",26,125,03,Oakland,1990-05-01,unemployment_rate,5.8,,0.100000000000001,
LAUCN261250000000003,1990,M06,6,"",26,125,03,Oakland,1990-06-01,unemployment_rate,5.9,,0.0999999999999996,
LAUCN261250000000003,1990,M07,5.6,"",26,125,03,Oakland,1990-07-01,unemployment_rate,6,,-0.4,
LAUCN261250000000003,1990,M08,6,"",26,125,03,Oakland,1990-08-01,unemployment_rate,5.6,,0.4,
LAUCN261250000000003,1990,M09,6.4,"",26,125,03,Oakland,1990-09-01,unemployment_rate,6,,0.4,
LAUCN261250000000003,1990,M10,5.8,"",26,125,03,Oakland,1990-10-01,unemployment_rate,6.4,,-0.600000000000001,
LAUCN261250000000003,1990,M11,5.9,"",26,125,03,Oakland,1990-11-01,unemployment_rate,5.8,,0.100000000000001,
LAUCN261250000000003,1990,M12,5.6,"",26,125,03,Oakland,1990-12-01,unemployment_rate,5.9,,-0.300000000000001,
LAUCN261250000000003,1991,M01,7,"",26,125,03,Oakland,1991-01-01,unemployment_rate,5.6,7,1.4,0
LAUCN261250000000003,1991,M02,7.3,"",26,125,03,Oakland,1991-02-01,unemployment_rate,7,6.1,0.3,1.2
LAUCN261250000000003,1991,M03,8.4,"",26,125,03,Oakland,1991-03-01,unemployment_rate,7.3,6.3,1.1,2.1
LAUCN261250000000003,1991,M04,6.8,"",26,125,03,Oakland,1991-04-01,unemployment_rate,8.4,5.8,-1.6,1
LAUCN261250000000003,1991,M05,7.7,"",26,125,03,Oakland,1991-05-01,unemployment_rate,6.8,5.9,0.9,1.8
LAUCN261250000000003,1991,M06,7.9,"",26,125,03,Oakland,1991-06-01,unemployment_rate,7.7,6,0.2,1.9
LAUCN261250000000003,1991,M07,7.5,"",26,125,03,Oakland,1991-07-01,unemployment_rate,7.9,5.6,-0.4,1.9
LAUCN261250000000003,1991,M08,7.7,"",26,125,03,Oakland,1991-08-01,unemployment_rate,7.5,6,0.2,1.7
LAUCN261250000000003,1991,M09,7.8,"",26,125,03,Oakland,1991-09-01,unemployment_rate,7.7,6.4,0.0999999999999996,1.4
LAUCN261250000000003,1991,M10,7.3,"",26,125,03,Oakland,1991-10-01,unemployment_rate,7.8,5.8,-0.5,1.5
LAUCN261250000000003,1991,M11,7.4,"",26,125,03,Oakland,1991-11-01,unemployment_rate,7.3,5.9,0.100000000000001,1.5
LAUCN261250000000003,1991,M12,7.4,"",26,125,03,Oakland,1991-12-01,unemployment_rate,7.4,5.6,0,1.8
LAUCN261250000000003,1992,M01,9,"",26,125,03,Oakland,1992-01-01,unemployment_rate,7.4,7,1.6,2
LAUCN261250000000003,1992,M02,8.4,"",26,125,03,Oakland,1992-02-01,unemployment_rate,9,7.3,-0.6,1.1
LAUCN261250000000003,1992,M03,8.4,"",26,125,03,Oakland,1992-03-01,unemployment_rate,8.4,8.4,0,0
LAUCN261250000000003,1992,M04,7.5,"",26,125,03,Oakland,1992-04-01,unemployment_rate,8.4,6.8,-0.9,0.7
LAUCN261250000000003,1992,M05,7.7,"",26,125,03,Oakland,1992-05-01,unemployment_rate,7.5,7.7,0.2,0
LAUCN261250000000003,1992,M06,9.1,"",26,125,03,Oakland,1992-06-01,unemployment_rate,7.7,7.9,1.4,1.2
LAUCN261250000000003,1992,M07,7.9,"",26,125,03,Oakland,1992-07-01,unemployment_rate,9.1,7.5,-1.2,0.4
LAUCN261250000000003,1992,M08,7.3,"",26,125,03,Oakland,1992-08-01,unemployment_rate,7.9,7.7,-0.600000000000001,-0.4
LAUCN261250000000003,1992,M09,7,"",26,125,03,Oakland,1992-09-01,unemployment_rate,7.3,7.8,-0.3,-0.8
LAUCN261250000000003,1992,M10,6.3,"",26,125,03,Oakland,1992-10-01,unemployment_rate,7,7.3,-0.7,-1
LAUCN261250000000003,1992,M11,5.8,"",26,125,03,Oakland,1992-11-01,unemployment_rate,6.3,7.4,-0.5,-1.6
LAUCN261250000000003,1992,M12,5.7,"",26,125,03,Oakland,1992-12-01,unemployment_rate,5.8,7.4,-0.0999999999999996,-1.7
LAUCN261250000000003,1993,M01,6.3,"",26,125,03,Oakland,1993-01-01,unemployment_rate,5.7,9,0.6,-2.7
LAUCN261250000000003,1993,M02,6.1,"",26,125,03,Oakland,1993-02-01,unemployment_rate,6.3,8.4,-0.2,-2.3
LAUCN261250000000003,1993,M03,6.2,"",26,125,03,Oakland,1993-03-01,unemployment_rate,6.1,8.4,0.100000000000001,-2.2
LAUCN261250000000003,1993,M04,5.6,"",26,125,03,Oakland,1993-04-01,unemployment_rate,6.2,7.5,-0.600000000000001,-1.9
LAUCN261250000000003,1993,M05,5.6,"",26,125,03,Oakland,1993-05-01,unemployment_rate,5.6,7.7,0,-2.1
LAUCN261250000000003,1993,M06,6.1,"",26,125,03,Oakland,1993-06-01,unemployment_rate,5.6,9.1,0.5,-3
LAUCN261250000000003,1993,M07,6,"",26,125,03,Oakland,1993-07-01,unemployment_rate,6.1,7.9,-0.0999999999999996,-1.9
LAUCN261250000000003,1993,M08,6.1,"",26,125,03,Oakland,1993-08-01,unemployment_rate,6,7.3,0.0999999999999996,-1.2
LAUCN261250000000003,1993,M09,6.1,"",26,125,03,Oakland,1993-09-01,unemployment_rate,6.1,7,0,-0.9
LAUCN261250000000003,1993,M10,6.2,"",26,125,03,Oakland,1993-10-01,unemployment_rate,6.1,6.3,0.100000000000001,-0.0999999999999996
LAUCN261250000000003,1993,M11,5.8,"",26,125,03,Oakland,1993-11-01,unemployment_rate,6.2,5.8,-0.4,0
LAUCN261250000000003,1993,M12,5.7,"",26,125,03,Oakland,1993-12-01,unemployment_rate,5.8,5.7,-0.0999999999999996,0
LAUCN261250000000003,1994,M01,6.5,"",26,125,03,Oakland,1994-01-01,unemployment_rate,5.7,6.3,0.8,0.2
LAUCN261250000000003,1994,M02,6,"",26,125,03,Oakland,1994-02-01,unemployment_rate,6.5,6.1,-0.5,-0.0999999999999996
LAUCN261250000000003,1994,M03,5.5,"",26,125,03,Oakland,1994-03-01,unemployment_rate,6,6.2,-0.5,-0.7
LAUCN261250000000003,1994,M04,4.4,"",26,125,03,Oakland,1994-04-01,unemployment_rate,5.5,5.6,-1.1,-1.2
LAUCN261250000000003,1994,M05,4.1,"",26,125,03,Oakland,1994-05-01,unemployment_rate,4.4,5.6,-0.300000000000001,-1.5
LAUCN261250000000003,1994,M06,4.2,"",26,125,03,Oakland,1994-06-01,unemployment_rate,4.1,6.1,0.100000000000001,-1.9
LAUCN261250000000003,1994,M07,4.1,"",26,125,03,Oakland,1994-07-01,unemployment_rate,4.2,6,-0.100000000000001,-1.9
LAUCN261250000000003,1994,M08,4.3,"",26,125,03,Oakland,1994-08-01,unemployment_rate,4.1,6.1,0.2,-1.8
LAUCN261250000000003,1994,M09,3.9,"",26,125,03,Oakland,1994-09-01,unemployment_rate,4.3,6.1,-0.4,-2.2
LAUCN261250000000003,1994,M10,3.7,"",26,125,03,Oakland,1994-10-01,unemployment_rate,3.9,6.2,-0.2,-2.5
LAUCN261250000000003,1994,M11,3.1,"",26,125,03,Oakland,1994-11-01,unemployment_rate,3.7,5.8,-0.6,-2.7
LAUCN261250000000003,1994,M12,2.8,"",26,125,03,Oakland,1994-12-01,unemployment_rate,3.1,5.7,-0.3,-2.9
LAUCN261250000000003,1995,M01,4.1,"",26,125,03,Oakland,1995-01-01,unemployment_rate,2.8,6.5,1.3,-2.4
LAUCN261250000000003,1995,M02,4.1,"",26,125,03,Oakland,1995-02-01,unemployment_rate,4.1,6,0,-1.9
LAUCN261250000000003,1995,M03,4.3,"",26,125,03,Oakland,1995-03-01,unemployment_rate,4.1,5.5,0.2,-1.2
LAUCN261250000000003,1995,M04,3.8,"",26,125,03,Oakland,1995-04-01,unemployment_rate,4.3,4.4,-0.5,-0.600000000000001
LAUCN261250000000003,1995,M05,3.7,"",26,125,03,Oakland,1995-05-01,unemployment_rate,3.8,4.1,-0.0999999999999996,-0.399999999999999
LAUCN261250000000003,1995,M06,4.2,"",26,125,03,Oakland,1995-06-01,unemployment_rate,3.7,4.2,0.5,0
LAUCN261250000000003,1995,M07,3.6,"",26,125,03,Oakland,1995-07-01,unemployment_rate,4.2,4.1,-0.6,-0.5
LAUCN261250000000003,1995,M08,3.4,"",26,125,03,Oakland,1995-08-01,unemployment_rate,3.6,4.3,-0.2,-0.9
LAUCN261250000000003,1995,M09,3.2,"",26,125,03,Oakland,1995-09-01,unemployment_rate,3.4,3.9,-0.2,-0.7
LAUCN261250000000003,1995,M10,3,"",26,125,03,Oakland,1995-10-01,unemployment_rate,3.2,3.7,-0.2,-0.7
LAUCN261250000000003,1995,M11,3,"",26,125,03,Oakland,1995-11-01,unemployment_rate,3,3.1,0,-0.1
LAUCN261250000000003,1995,M12,3.1,"",26,125,03,Oakland,1995-12-01,unemployment_rate,3,2.8,0.1,0.3
LAUCN261250000000003,1996,M01,3.9,"",26,125,03,Oakland,1996-01-01,unemployment_rate,3.1,4.1,0.8,-0.2
LAUCN261250000000003,1996,M02,3.7,"",26,125,03,Oakland,1996-02-01,unemployment_rate,3.9,4.1,-0.2,-0.399999999999999
LAUCN261250000000003,1996,M03,4.1,"",26,125,03,Oakland,1996-03-01,unemployment_rate,3.7,4.3,0.399999999999999,-0.2
LAUCN261250000000003,1996,M04,3.1,"",26,125,03,Oakland,1996-04-01,unemployment_rate,4.1,3.8,-1,-0.7
LAUCN261250000000003,1996,M05,3.4,"",26,125,03,Oakland,1996-05-01,unemployment_rate,3.1,3.7,0.3,-0.3
LAUCN261250000000003,1996,M06,3.6,"",26,125,03,Oakland,1996-06-01,unemployment_rate,3.4,4.2,0.2,-0.6
LAUCN261250000000003,1996,M07,3.8,"",26,125,03,Oakland,1996-07-01,unemployment_rate,3.6,3.6,0.2,0.2
LAUCN261250000000003,1996,M08,3.5,"",26,125,03,Oakland,1996-08-01,unemployment_rate,3.8,3.4,-0.3,0.1
LAUCN261250000000003,1996,M09,3.6,"",26,125,03,Oakland,1996-09-01,unemployment_rate,3.5,3.2,0.1,0.4
LAUCN261250000000003,1996,M10,3.4,"",26,125,03,Oakland,1996-10-01,unemployment_rate,3.6,3,-0.2,0.4
LAUCN261250000000003,1996,M11,3.2,"",26,125,03,Oakland,1996-11-01,unemployment_rate,3.4,3,-0.2,0.2
LAUCN261250000000003,1996,M12,3,"",26,125,03,Oakland,1996-12-01,unemployment_rate,3.2,3.1,-0.2,-0.1
LAUCN261250000000003,1997,M01,4.2,"",26,125,03,Oakland,1997-01-01,unemployment_rate,3,3.9,1.2,0.3
LAUCN261250000000003,1997,M02,3.7,"",26,125,03,Oakland,1997-02-01,unemployment_rate,4.2,3.7,-0.5,0
LAUCN261250000000003,1997,M03,3.7,"",26,125,03,Oakland,1997-03-01,unemployment_rate,3.7,4.1,0,-0.399999999999999
LAUCN261250000000003,1997,M04,2.8,"",26,125,03,Oakland,1997-04-01,unemployment_rate,3.7,3.1,-0.9,-0.3
LAUCN261250000000003,1997,M05,2.7,"",26,125,03,Oakland,1997-05-01,unemployment_rate,2.8,3.4,-0.0999999999999996,-0.7
LAUCN261250000000003,1997,M06,3,"",26,125,03,Oakland,1997-06-01,unemployment_rate,2.7,3.6,0.3,-0.6
LAUCN261250000000003,1997,M07,2.9,"",26,125,03,Oakland,1997-07-01,unemployment_rate,3,3.8,-0.1,-0.9
LAUCN261250000000003,1997,M08,2.9,"",26,125,03,Oakland,1997-08-01,unemployment_rate,2.9,3.5,0,-0.6
LAUCN261250000000003,1997,M09,2.9,"",26,125,03,Oakland,1997-09-01,unemployment_rate,2.9,3.6,0,-0.7
LAUCN261250000000003,1997,M10,2.9,"",26,125,03,Oakland,1997-10-01,unemployment_rate,2.9,3.4,0,-0.5
LAUCN261250000000003,1997,M11,2.6,"",26,125,03,Oakland,1997-11-01,unemployment_rate,2.9,3.2,-0.3,-0.6
LAUCN261250000000003,1997,M12,2.4,"",26,125,03,Oakland,1997-12-01,unemployment_rate,2.6,3,-0.2,-0.6
LAUCN261250000000003,1998,M01,3.4,"",26,125,03,Oakland,1998-01-01,unemployment_rate,2.4,4.2,1,-0.8
LAUCN261250000000003,1998,M02,3.1,"",26,125,03,Oakland,1998-02-01,unemployment_rate,3.4,3.7,-0.3,-0.6
LAUCN261250000000003,1998,M03,3.2,"",26,125,03,Oakland,1998-03-01,unemployment_rate,3.1,3.7,0.1,-0.5
LAUCN261250000000003,1998,M04,2.3,"",26,125,03,Oakland,1998-04-01,unemployment_rate,3.2,2.8,-0.9,-0.5
LAUCN261250000000003,1998,M05,2.5,"",26,125,03,Oakland,1998-05-01,unemployment_rate,2.3,2.7,0.2,-0.2
LAUCN261250000000003,1998,M06,3.1,"",26,125,03,Oakland,1998-06-01,unemployment_rate,2.5,3,0.6,0.1
LAUCN261250000000003,1998,M07,4.2,"",26,125,03,Oakland,1998-07-01,unemployment_rate,3.1,2.9,1.1,1.3
LAUCN261250000000003,1998,M08,2.8,"",26,125,03,Oakland,1998-08-01,unemployment_rate,4.2,2.9,-1.4,-0.1
LAUCN261250000000003,1998,M09,2.8,"",26,125,03,Oakland,1998-09-01,unemployment_rate,2.8,2.9,0,-0.1
LAUCN261250000000003,1998,M10,2.8,"",26,125,03,Oakland,1998-10-01,unemployment_rate,2.8,2.9,0,-0.1
LAUCN261250000000003,1998,M11,2.7,"",26,125,03,Oakland,1998-11-01,unemployment_rate,2.8,2.6,-0.0999999999999996,0.1
LAUCN261250000000003,1998,M12,2.9,"",26,125,03,Oakland,1998-12-01,unemployment_rate,2.7,2.4,0.2,0.5
LAUCN261250000000003,1999,M01,3.5,"",26,125,03,Oakland,1999-01-01,unemployment_rate,2.9,3.4,0.6,0.1
LAUCN261250000000003,1999,M02,3.6,"",26,125,03,Oakland,1999-02-01,unemployment_rate,3.5,3.1,0.1,0.5
LAUCN261250000000003,1999,M03,3.4,"",26,125,03,Oakland,1999-03-01,unemployment_rate,3.6,3.2,-0.2,0.2
LAUCN261250000000003,1999,M04,2.8,"",26,125,03,Oakland,1999-04-01,unemployment_rate,3.4,2.3,-0.6,0.5
LAUCN261250000000003,1999,M05,2.4,"",26,125,03,Oakland,1999-05-01,unemployment_rate,2.8,2.5,-0.4,-0.1
LAUCN261250000000003,1999,M06,2.9,"",26,125,03,Oakland,1999-06-01,unemployment_rate,2.4,3.1,0.5,-0.2
LAUCN261250000000003,1999,M07,2.7,"",26,125,03,Oakland,1999-07-01,unemployment_rate,2.9,4.2,-0.2,-1.5
LAUCN261250000000003,1999,M08,2.5,"",26,125,03,Oakland,1999-08-01,unemployment_rate,2.7,2.8,-0.2,-0.3
LAUCN261250000000003,1999,M09,2.7,"",26,125,03,Oakland,1999-09-01,unemployment_rate,2.5,2.8,0.2,-0.0999999999999996
LAUCN261250000000003,1999,M10,2.7,"",26,125,03,Oakland,1999-10-01,unemployment_rate,2.7,2.8,0,-0.0999999999999996
LAUCN261250000000003,1999,M11,2.5,"",26,125,03,Oakland,1999-11-01,unemployment_rate,2.7,2.7,-0.2,-0.2
LAUCN261250000000003,1999,M12,2.2,"",26,125,03,Oakland,1999-12-01,unemployment_rate,2.5,2.9,-0.3,-0.7
LAUCN261250000000003,2000,M01,2.8,"",26,125,03,Oakland,2000-01-01,unemployment_rate,2.2,3.5,0.6,-0.7
LAUCN261250000000003,2000,M02,2.4,"",26,125,03,Oakland,2000-02-01,unemployment_rate,2.8,3.6,-0.4,-1.2
LAUCN261250000000003,2000,M03,2.8,"",26,125,03,Oakland,2000-03-01,unemployment_rate,2.4,3.4,0.4,-0.6
LAUCN261250000000003,2000,M04,2.1,"",26,125,03,Oakland,2000-04-01,unemployment_rate,2.8,2.8,-0.7,-0.7
LAUCN261250000000003,2000,M05,2.6,"",26,125,03,Oakland,2000-05-01,unemployment_rate,2.1,2.4,0.5,0.2
LAUCN261250000000003,2000,M06,3,"",26,125,03,Oakland,2000-06-01,unemployment_rate,2.6,2.9,0.4,0.1
LAUCN261250000000003,2000,M07,3.1,"",26,125,03,Oakland,2000-07-01,unemployment_rate,3,2.7,0.1,0.4
LAUCN261250000000003,2000,M08,2.9,"",26,125,03,Oakland,2000-08-01,unemployment_rate,3.1,2.5,-0.2,0.4
LAUCN261250000000003,2000,M09,2.7,"",26,125,03,Oakland,2000-09-01,unemployment_rate,2.9,2.7,-0.2,0
LAUCN261250000000003,2000,M10,2.6,"",26,125,03,Oakland,2000-10-01,unemployment_rate,2.7,2.7,-0.1,-0.1
LAUCN261250000000003,2000,M11,2.5,"",26,125,03,Oakland,2000-11-01,unemployment_rate,2.6,2.5,-0.1,0
LAUCN261250000000003,2000,M12,2.4,"",26,125,03,Oakland,2000-12-01,unemployment_rate,2.5,2.2,-0.1,0.2
LAUCN261250000000003,2001,M01,3.7,"",26,125,03,Oakland,2001-01-01,unemployment_rate,2.4,2.8,1.3,0.9
LAUCN261250000000003,2001,M02,3.6,"",26,125,03,Oakland,2001-02-01,unemployment_rate,3.7,2.4,-0.1,1.2
LAUCN261250000000003,2001,M03,3.8,"",26,125,03,Oakland,2001-03-01,unemployment_rate,3.6,2.8,0.2,1
LAUCN261250000000003,2001,M04,3.4,"",26,125,03,Oakland,2001-04-01,unemployment_rate,3.8,2.1,-0.4,1.3
LAUCN261250000000003,2001,M05,3.7,"",26,125,03,Oakland,2001-05-01,unemployment_rate,3.4,2.6,0.3,1.1
LAUCN261250000000003,2001,M06,4,"",26,125,03,Oakland,2001-06-01,unemployment_rate,3.7,3,0.3,1
LAUCN261250000000003,2001,M07,3.9,"",26,125,03,Oakland,2001-07-01,unemployment_rate,4,3.1,-0.1,0.8
LAUCN261250000000003,2001,M08,4.7,"",26,125,03,Oakland,2001-08-01,unemployment_rate,3.9,2.9,0.8,1.8
LAUCN261250000000003,2001,M09,4.4,"",26,125,03,Oakland,2001-09-01,unemployment_rate,4.7,2.7,-0.3,1.7
LAUCN261250000000003,2001,M10,4.5,"",26,125,03,Oakland,2001-10-01,unemployment_rate,4.4,2.6,0.0999999999999996,1.9
LAUCN261250000000003,2001,M11,4.9,"",26,125,03,Oakland,2001-11-01,unemployment_rate,4.5,2.5,0.4,2.4
LAUCN261250000000003,2001,M12,4.8,"",26,125,03,Oakland,2001-12-01,unemployment_rate,4.9,2.4,-0.100000000000001,2.4
LAUCN261250000000003,2002,M01,5.8,"",26,125,03,Oakland,2002-01-01,unemployment_rate,4.8,3.7,1,2.1
LAUCN261250000000003,2002,M02,5,"",26,125,03,Oakland,2002-02-01,unemployment_rate,5.8,3.6,-0.8,1.4
LAUCN261250000000003,2002,M03,5.5,"",26,125,03,Oakland,2002-03-01,unemployment_rate,5,3.8,0.5,1.7
LAUCN261250000000003,2002,M04,4.8,"",26,125,03,Oakland,2002-04-01,unemployment_rate,5.5,3.4,-0.7,1.4
LAUCN261250000000003,2002,M05,5.1,"",26,125,03,Oakland,2002-05-01,unemployment_rate,4.8,3.7,0.3,1.4
LAUCN261250000000003,2002,M06,5.7,"",26,125,03,Oakland,2002-06-01,unemployment_rate,5.1,4,0.600000000000001,1.7
LAUCN261250000000003,2002,M07,5.5,"",26,125,03,Oakland,2002-07-01,unemployment_rate,5.7,3.9,-0.2,1.6
LAUCN261250000000003,2002,M08,5,"",26,125,03,Oakland,2002-08-01,unemployment_rate,5.5,4.7,-0.5,0.3
LAUCN261250000000003,2002,M09,4.6,"",26,125,03,Oakland,2002-09-01,unemployment_rate,5,4.4,-0.4,0.199999999999999
LAUCN261250000000003,2002,M10,4.6,"",26,125,03,Oakland,2002-10-01,unemployment_rate,4.6,4.5,0,0.0999999999999996
LAUCN261250000000003,2002,M11,4.8,"",26,125,03,Oakland,2002-11-01,unemployment_rate,4.6,4.9,0.2,-0.100000000000001
LAUCN261250000000003,2002,M12,4.8,"",26,125,03,Oakland,2002-12-01,unemployment_rate,4.8,4.8,0,0
LAUCN261250000000003,2003,M01,5.8,"",26,125,03,Oakland,2003-01-01,unemployment_rate,4.8,5.8,1,0
LAUCN261250000000003,2003,M02,5.6,"",26,125,03,Oakland,2003-02-01,unemployment_rate,5.8,5,-0.2,0.6
LAUCN261250000000003,2003,M03,5.7,"",26,125,03,Oakland,2003-03-01,unemployment_rate,5.6,5.5,0.100000000000001,0.2
LAUCN261250000000003,2003,M04,4.9,"",26,125,03,Oakland,2003-04-01,unemployment_rate,5.7,4.8,-0.8,0.100000000000001
LAUCN261250000000003,2003,M05,5.6,"",26,125,03,Oakland,2003-05-01,unemployment_rate,4.9,5.1,0.699999999999999,0.5
LAUCN261250000000003,2003,M06,6.6,"",26,125,03,Oakland,2003-06-01,unemployment_rate,5.6,5.7,1,0.9
LAUCN261250000000003,2003,M07,6.2,"",26,125,03,Oakland,2003-07-01,unemployment_rate,6.6,5.5,-0.399999999999999,0.7
LAUCN261250000000003,2003,M08,5.8,"",26,125,03,Oakland,2003-08-01,unemployment_rate,6.2,5,-0.4,0.8
LAUCN261250000000003,2003,M09,5.6,"",26,125,03,Oakland,2003-09-01,unemployment_rate,5.8,4.6,-0.2,1
LAUCN261250000000003,2003,M10,5.3,"",26,125,03,Oakland,2003-10-01,unemployment_rate,5.6,4.6,-0.3,0.7
LAUCN261250000000003,2003,M11,4.9,"",26,125,03,Oakland,2003-11-01,unemployment_rate,5.3,4.8,-0.399999999999999,0.100000000000001
LAUCN261250000000003,2003,M12,4.7,"",26,125,03,Oakland,2003-12-01,unemployment_rate,4.9,4.8,-0.2,-0.0999999999999996
LAUCN261250000000003,2004,M01,5.5,"",26,125,03,Oakland,2004-01-01,unemployment_rate,4.7,5.8,0.8,-0.3
LAUCN261250000000003,2004,M02,5.3,"",26,125,03,Oakland,2004-02-01,unemployment_rate,5.5,5.6,-0.2,-0.3
LAUCN261250000000003,2004,M03,5.8,"",26,125,03,Oakland,2004-03-01,unemployment_rate,5.3,5.7,0.5,0.0999999999999996
LAUCN261250000000003,2004,M04,4.7,"",26,125,03,Oakland,2004-04-01,unemployment_rate,5.8,4.9,-1.1,-0.2
LAUCN261250000000003,2004,M05,5.5,"",26,125,03,Oakland,2004-05-01,unemployment_rate,4.7,5.6,0.8,-0.0999999999999996
LAUCN261250000000003,2004,M06,5.9,"",26,125,03,Oakland,2004-06-01,unemployment_rate,5.5,6.6,0.4,-0.699999999999999
LAUCN261250000000003,2004,M07,6,"",26,125,03,Oakland,2004-07-01,unemployment_rate,5.9,6.2,0.0999999999999996,-0.2
LAUCN261250000000003,2004,M08,5.8,"",26,125,03,Oakland,2004-08-01,unemployment_rate,6,5.8,-0.2,0
LAUCN261250000000003,2004,M09,5.8,"",26,125,03,Oakland,2004-09-01,unemployment_rate,5.8,5.6,0,0.2
LAUCN261250000000003,2004,M10,5.8,"",26,125,03,Oakland,2004-10-01,unemployment_rate,5.8,5.3,0,0.5
LAUCN261250000000003,2004,M11,5.7,"",26,125,03,Oakland,2004-11-01,unemployment_rate,5.8,4.9,-0.0999999999999996,0.8
LAUCN261250000000003,2004,M12,5.8,"",26,125,03,Oakland,2004-12-01,unemployment_rate,5.7,4.7,0.0999999999999996,1.1
LAUCN261250000000003,2005,M01,6.2,"",26,125,03,Oakland,2005-01-01,unemployment_rate,5.8,5.5,0.4,0.7
LAUCN261250000000003,2005,M02,6.4,"",26,125,03,Oakland,2005-02-01,unemployment_rate,6.2,5.3,0.2,1.1
LAUCN261250000000003,2005,M03,6,"",26,125,03,Oakland,2005-03-01,unemployment_rate,6.4,5.8,-0.4,0.2
LAUCN261250000000003,2005,M04,5.4,"",26,125,03,Oakland,2005-04-01,unemployment_rate,6,4.7,-0.6,0.7
LAUCN261250000000003,2005,M05,5.6,"",26,125,03,Oakland,2005-05-01,unemployment_rate,5.4,5.5,0.199999999999999,0.0999999999999996
LAUCN261250000000003,2005,M06,5.8,"",26,125,03,Oakland,2005-06-01,unemployment_rate,5.6,5.9,0.2,-0.100000000000001
LAUCN261250000000003,2005,M07,5.7,"",26,125,03,Oakland,2005-07-01,unemployment_rate,5.8,6,-0.0999999999999996,-0.3
LAUCN261250000000003,2005,M08,5.1,"",26,125,03,Oakland,2005-08-01,unemployment_rate,5.7,5.8,-0.600000000000001,-0.7
LAUCN261250000000003,2005,M09,5,"",26,125,03,Oakland,2005-09-01,unemployment_rate,5.1,5.8,-0.0999999999999996,-0.8
LAUCN261250000000003,2005,M10,4.8,"",26,125,03,Oakland,2005-10-01,unemployment_rate,5,5.8,-0.2,-1
LAUCN261250000000003,2005,M11,5.2,"",26,125,03,Oakland,2005-11-01,unemployment_rate,4.8,5.7,0.4,-0.5
LAUCN261250000000003,2005,M12,5.2,"",26,125,03,Oakland,2005-12-01,unemployment_rate,5.2,5.8,0,-0.6
LAUCN261250000000003,2006,M01,5.7,"",26,125,03,Oakland,2006-01-01,unemployment_rate,5.2,6.2,0.5,-0.5
LAUCN261250000000003,2006,M02,5.8,"",26,125,03,Oakland,2006-02-01,unemployment_rate,5.7,6.4,0.0999999999999996,-0.600000000000001
LAUCN261250000000003,2006,M03,6,"",26,125,03,Oakland,2006-03-01,unemployment_rate,5.8,6,0.2,0
LAUCN261250000000003,2006,M04,5.3,"",26,125,03,Oakland,2006-04-01,unemployment_rate,6,5.4,-0.7,-0.100000000000001
LAUCN261250000000003,2006,M05,5,"",26,125,03,Oakland,2006-05-01,unemployment_rate,5.3,5.6,-0.3,-0.6
LAUCN261250000000003,2006,M06,5.8,"",26,125,03,Oakland,2006-06-01,unemployment_rate,5,5.8,0.8,0
LAUCN261250000000003,2006,M07,6,"",26,125,03,Oakland,2006-07-01,unemployment_rate,5.8,5.7,0.2,0.3
LAUCN261250000000003,2006,M08,5.7,"",26,125,03,Oakland,2006-08-01,unemployment_rate,6,5.1,-0.3,0.600000000000001
LAUCN261250000000003,2006,M09,5.7,"",26,125,03,Oakland,2006-09-01,unemployment_rate,5.7,5,0,0.7
LAUCN261250000000003,2006,M10,5.1,"",26,125,03,Oakland,2006-10-01,unemployment_rate,5.7,4.8,-0.600000000000001,0.3
LAUCN261250000000003,2006,M11,5.3,"",26,125,03,Oakland,2006-11-01,unemployment_rate,5.1,5.2,0.2,0.0999999999999996
LAUCN261250000000003,2006,M12,5.5,"",26,125,03,Oakland,2006-12-01,unemployment_rate,5.3,5.2,0.2,0.3
LAUCN261250000000003,2007,M01,6,"",26,125,03,Oakland,2007-01-01,unemployment_rate,5.5,5.7,0.5,0.3
LAUCN261250000000003,2007,M02,5.7,"",26,125,03,Oakland,2007-02-01,unemployment_rate,6,5.8,-0.3,-0.0999999999999996
LAUCN261250000000003,2007,M03,5.8,"",26,125,03,Oakland,2007-03-01,unemployment_rate,5.7,6,0.0999999999999996,-0.2
LAUCN261250000000003,2007,M04,5.4,"",26,125,03,Oakland,2007-04-01,unemployment_rate,5.8,5.3,-0.399999999999999,0.100000000000001
LAUCN261250000000003,2007,M05,5.6,"",26,125,03,Oakland,2007-05-01,unemployment_rate,5.4,5,0.199999999999999,0.6
LAUCN261250000000003,2007,M06,6.3,"",26,125,03,Oakland,2007-06-01,unemployment_rate,5.6,5.8,0.7,0.5
LAUCN261250000000003,2007,M07,6.4,"",26,125,03,Oakland,2007-07-01,unemployment_rate,6.3,6,0.100000000000001,0.4
LAUCN261250000000003,2007,M08,6,"",26,125,03,Oakland,2007-08-01,unemployment_rate,6.4,5.7,-0.4,0.3
LAUCN261250000000003,2007,M09,6.3,"",26,125,03,Oakland,2007-09-01,unemployment_rate,6,5.7,0.3,0.6
LAUCN261250000000003,2007,M10,5.8,"",26,125,03,Oakland,2007-10-01,unemployment_rate,6.3,5.1,-0.5,0.7
LAUCN261250000000003,2007,M11,5.6,"",26,125,03,Oakland,2007-11-01,unemployment_rate,5.8,5.3,-0.2,0.3
LAUCN261250000000003,2007,M12,6,"",26,125,03,Oakland,2007-12-01,unemployment_rate,5.6,5.5,0.4,0.5
LAUCN261250000000003,2008,M01,6.3,"",26,125,03,Oakland,2008-01-01,unemployment_rate,6,6,0.3,0.3
LAUCN261250000000003,2008,M02,6,"",26,125,03,Oakland,2008-02-01,unemployment_rate,6.3,5.7,-0.3,0.3
LAUCN261250000000003,2008,M03,6.2,"",26,125,03,Oakland,2008-03-01,unemployment_rate,6,5.8,0.2,0.4
LAUCN261250000000003,2008,M04,5.4,"",26,125,03,Oakland,2008-04-01,unemployment_rate,6.2,5.4,-0.8,0
LAUCN261250000000003,2008,M05,6.7,"",26,125,03,Oakland,2008-05-01,unemployment_rate,5.4,5.6,1.3,1.1
LAUCN261250000000003,2008,M06,7.2,"",26,125,03,Oakland,2008-06-01,unemployment_rate,6.7,6.3,0.5,0.9
LAUCN261250000000003,2008,M07,7.2,"",26,125,03,Oakland,2008-07-01,unemployment_rate,7.2,6.4,0,0.8
LAUCN261250000000003,2008,M08,7.2,"",26,125,03,Oakland,2008-08-01,unemployment_rate,7.2,6,0,1.2
LAUCN261250000000003,2008,M09,7.2,"",26,125,03,Oakland,2008-09-01,unemployment_rate,7.2,6.3,0,0.9
LAUCN261250000000003,2008,M10,7.5,"",26,125,03,Oakland,2008-10-01,unemployment_rate,7.2,5.8,0.3,1.7
LAUCN261250000000003,2008,M11,7.8,"",26,125,03,Oakland,2008-11-01,unemployment_rate,7.5,5.6,0.3,2.2
LAUCN261250000000003,2008,M12,8.5,"",26,125,03,Oakland,2008-12-01,unemployment_rate,7.8,6,0.7,2.5
LAUCN261250000000003,2009,M01,9.8,"",26,125,03,Oakland,2009-01-01,unemployment_rate,8.5,6.3,1.3,3.5
LAUCN261250000000003,2009,M02,10.4,"",26,125,03,Oakland,2009-02-01,unemployment_rate,9.8,6,0.6,4.4
LAUCN261250000000003,2009,M03,11.2,"",26,125,03,Oakland,2009-03-01,unemployment_rate,10.4,6.2,0.799999999999999,5
LAUCN261250000000003,2009,M04,11.2,"",26,125,03,Oakland,2009-04-01,unemployment_rate,11.2,5.4,0,5.8
LAUCN261250000000003,2009,M05,12.4,"",26,125,03,Oakland,2009-05-01,unemployment_rate,11.2,6.7,1.2,5.7
LAUCN261250000000003,2009,M06,13.8,"",26,125,03,Oakland,2009-06-01,unemployment_rate,12.4,7.2,1.4,6.6
LAUCN261250000000003,2009,M07,14.3,"",26,125,03,Oakland,2009-07-01,unemployment_rate,13.8,7.2,0.5,7.1
LAUCN261250000000003,2009,M08,13.6,"",26,125,03,Oakland,2009-08-01,unemployment_rate,14.3,7.2,-0.700000000000001,6.4
LAUCN261250000000003,2009,M09,13.9,"",26,125,03,Oakland,2009-09-01,unemployment_rate,13.6,7.2,0.300000000000001,6.7
LAUCN261250000000003,2009,M10,13.7,"",26,125,03,Oakland,2009-10-01,unemployment_rate,13.9,7.5,-0.200000000000001,6.2
LAUCN261250000000003,2009,M11,13,"",26,125,03,Oakland,2009-11-01,unemployment_rate,13.7,7.8,-0.699999999999999,5.2
LAUCN261250000000003,2009,M12,13,"",26,125,03,Oakland,2009-12-01,unemployment_rate,13,8.5,0,4.5
LAUCN261250000000003,2010,M01,13.2,"",26,125,03,Oakland,2010-01-01,unemployment_rate,13,9.8,0.199999999999999,3.4
LAUCN261250000000003,2010,M02,13.1,"",26,125,03,Oakland,2010-02-01,unemployment_rate,13.2,10.4,-0.0999999999999996,2.7
LAUCN261250000000003,2010,M03,13.1,"",26,125,03,Oakland,2010-03-01,unemployment_rate,13.1,11.2,0,1.9
LAUCN261250000000003,2010,M04,12.3,"",26,125,03,Oakland,2010-04-01,unemployment_rate,13.1,11.2,-0.799999999999999,1.1
LAUCN261250000000003,2010,M05,12.1,"",26,125,03,Oakland,2010-05-01,unemployment_rate,12.3,12.4,-0.200000000000001,-0.300000000000001
LAUCN261250000000003,2010,M06,12.5,"",26,125,03,Oakland,2010-06-01,unemployment_rate,12.1,13.8,0.4,-1.3
LAUCN261250000000003,2010,M07,12.9,"",26,125,03,Oakland,2010-07-01,unemployment_rate,12.5,14.3,0.4,-1.4
LAUCN261250000000003,2010,M08,12,"",26,125,03,Oakland,2010-08-01,unemployment_rate,12.9,13.6,-0.9,-1.6
LAUCN261250000000003,2010,M09,11.4,"",26,125,03,Oakland,2010-09-01,unemployment_rate,12,13.9,-0.6,-2.5
LAUCN261250000000003,2010,M10,10.9,"",26,125,03,Oakland,2010-10-01,unemployment_rate,11.4,13.7,-0.5,-2.8
LAUCN261250000000003,2010,M11,10.2,"",26,125,03,Oakland,2010-11-01,unemployment_rate,10.9,13,-0.700000000000001,-2.8
LAUCN261250000000003,2010,M12,9.5,"",26,125,03,Oakland,2010-12-01,unemployment_rate,10.2,13,-0.699999999999999,-3.5
LAUCN261250000000003,2011,M01,10.2,"",26,125,03,Oakland,2011-01-01,unemployment_rate,9.5,13.2,0.699999999999999,-3
LAUCN261250000000003,2011,M02,10,"",26,125,03,Oakland,2011-02-01,unemployment_rate,10.2,13.1,-0.199999999999999,-3.1
LAUCN261250000000003,2011,M03,9.5,"",26,125,03,Oakland,2011-03-01,unemployment_rate,10,13.1,-0.5,-3.6
LAUCN261250000000003,2011,M04,9,"",26,125,03,Oakland,2011-04-01,unemployment_rate,9.5,12.3,-0.5,-3.3
LAUCN261250000000003,2011,M05,9.3,"",26,125,03,Oakland,2011-05-01,unemployment_rate,9,12.1,0.300000000000001,-2.8
LAUCN261250000000003,2011,M06,10,"",26,125,03,Oakland,2011-06-01,unemployment_rate,9.3,12.5,0.699999999999999,-2.5
LAUCN261250000000003,2011,M07,10.3,"",26,125,03,Oakland,2011-07-01,unemployment_rate,10,12.9,0.300000000000001,-2.6
LAUCN261250000000003,2011,M08,9.7,"",26,125,03,Oakland,2011-08-01,unemployment_rate,10.3,12,-0.600000000000001,-2.3
LAUCN261250000000003,2011,M09,9.2,"",26,125,03,Oakland,2011-09-01,unemployment_rate,9.7,11.4,-0.5,-2.2
LAUCN261250000000003,2011,M10,8.6,"",26,125,03,Oakland,2011-10-01,unemployment_rate,9.2,10.9,-0.6,-2.3
LAUCN261250000000003,2011,M11,7.8,"",26,125,03,Oakland,2011-11-01,unemployment_rate,8.6,10.2,-0.8,-2.4
LAUCN261250000000003,2011,M12,8,"",26,125,03,Oakland,2011-12-01,unemployment_rate,7.8,9.5,0.2,-1.5
LAUCN261250000000003,2012,M01,8.5,"",26,125,03,Oakland,2012-01-01,unemployment_rate,8,10.2,0.5,-1.7
LAUCN261250000000003,2012,M02,8.4,"",26,125,03,Oakland,2012-02-01,unemployment_rate,8.5,10,-0.0999999999999996,-1.6
LAUCN261250000000003,2012,M03,8.2,"",26,125,03,Oakland,2012-03-01,unemployment_rate,8.4,9.5,-0.200000000000001,-1.3
LAUCN261250000000003,2012,M04,7.6,"",26,125,03,Oakland,2012-04-01,unemployment_rate,8.2,9,-0.6,-1.4
LAUCN261250000000003,2012,M05,8.2,"",26,125,03,Oakland,2012-05-01,unemployment_rate,7.6,9.3,0.6,-1.1
LAUCN261250000000003,2012,M06,8.7,"",26,125,03,Oakland,2012-06-01,unemployment_rate,8.2,10,0.5,-1.3
LAUCN261250000000003,2012,M07,9.4,"",26,125,03,Oakland,2012-07-01,unemployment_rate,8.7,10.3,0.700000000000001,-0.9
LAUCN261250000000003,2012,M08,8.6,"",26,125,03,Oakland,2012-08-01,unemployment_rate,9.4,9.7,-0.800000000000001,-1.1
LAUCN261250000000003,2012,M09,7.8,"",26,125,03,Oakland,2012-09-01,unemployment_rate,8.6,9.2,-0.8,-1.4
LAUCN261250000000003,2012,M10,7.8,"",26,125,03,Oakland,2012-10-01,unemployment_rate,7.8,8.6,0,-0.8
LAUCN261250000000003,2012,M11,7.3,"",26,125,03,Oakland,2012-11-01,unemployment_rate,7.8,7.8,-0.5,-0.5
LAUCN261250000000003,2012,M12,7.7,"",26,125,03,Oakland,2012-12-01,unemployment_rate,7.3,8,0.4,-0.3
LAUCN261250000000003,2013,M01,8.3,"",26,125,03,Oakland,2013-01-01,unemployment_rate,7.7,8.5,0.600000000000001,-0.199999999999999
LAUCN261250000000003,2013,M02,7.9,"",26,125,03,Oakland,2013-02-01,unemployment_rate,8.3,8.4,-0.4,-0.5
LAUCN261250000000003,2013,M03,7.7,"",26,125,03,Oakland,2013-03-01,unemployment_rate,7.9,8.2,-0.2,-0.499999999999999
LAUCN261250000000003,2013,M04,7.1,"",26,125,03,Oakland,2013-04-01,unemployment_rate,7.7,7.6,-0.600000000000001,-0.5
LAUCN261250000000003,2013,M05,7.7,"",26,125,03,Oakland,2013-05-01,unemployment_rate,7.1,8.2,0.600000000000001,-0.499999999999999
LAUCN261250000000003,2013,M06,8.5,"",26,125,03,Oakland,2013-06-01,unemployment_rate,7.7,8.7,0.8,-0.199999999999999
LAUCN261250000000003,2013,M07,8.5,"",26,125,03,Oakland,2013-07-01,unemployment_rate,8.5,9.4,0,-0.9
LAUCN261250000000003,2013,M08,8,"",26,125,03,Oakland,2013-08-01,unemployment_rate,8.5,8.6,-0.5,-0.6
LAUCN261250000000003,2013,M09,7.6,"",26,125,03,Oakland,2013-09-01,unemployment_rate,8,7.8,-0.4,-0.2
LAUCN261250000000003,2013,M10,7.6,"",26,125,03,Oakland,2013-10-01,unemployment_rate,7.6,7.8,0,-0.2
LAUCN261250000000003,2013,M11,7,"",26,125,03,Oakland,2013-11-01,unemployment_rate,7.6,7.3,-0.6,-0.3
LAUCN261250000000003,2013,M12,6.7,"",26,125,03,Oakland,2013-12-01,unemployment_rate,7,7.7,-0.3,-1
LAUCN261250000000003,2014,M01,7,"",26,125,03,Oakland,2014-01-01,unemployment_rate,6.7,8.3,0.3,-1.3
LAUCN261250000000003,2014,M02,7.3,"",26,125,03,Oakland,2014-02-01,unemployment_rate,7,7.9,0.3,-0.600000000000001
LAUCN261250000000003,2014,M03,7.1,"",26,125,03,Oakland,2014-03-01,unemployment_rate,7.3,7.7,-0.2,-0.600000000000001
LAUCN261250000000003,2014,M04,6.1,"",26,125,03,Oakland,2014-04-01,unemployment_rate,7.1,7.1,-1,-1
LAUCN261250000000003,2014,M05,6.7,"",26,125,03,Oakland,2014-05-01,unemployment_rate,6.1,7.7,0.600000000000001,-1
LAUCN261250000000003,2014,M06,7.1,"",26,125,03,Oakland,2014-06-01,unemployment_rate,6.7,8.5,0.399999999999999,-1.4
LAUCN261250000000003,2014,M07,7.4,"",26,125,03,Oakland,2014-07-01,unemployment_rate,7.1,8.5,0.300000000000001,-1.1
LAUCN261250000000003,2014,M08,6.4,"",26,125,03,Oakland,2014-08-01,unemployment_rate,7.4,8,-1,-1.6
LAUCN261250000000003,2014,M09,6.2,"",26,125,03,Oakland,2014-09-01,unemployment_rate,6.4,7.6,-0.2,-1.4
LAUCN261250000000003,2014,M10,5.9,"",26,125,03,Oakland,2014-10-01,unemployment_rate,6.2,7.6,-0.3,-1.7
LAUCN261250000000003,2014,M11,5.3,"",26,125,03,Oakland,2014-11-01,unemployment_rate,5.9,7,-0.600000000000001,-1.7
LAUCN261250000000003,2014,M12,4.9,"",26,125,03,Oakland,2014-12-01,unemployment_rate,5.3,6.7,-0.399999999999999,-1.8
LAUCN261250000000003,2015,M01,5.6,"",26,125,03,Oakland,2015-01-01,unemployment_rate,4.9,7,0.699999999999999,-1.4
LAUCN261250000000003,2015,M02,5,"",26,125,03,Oakland,2015-02-01,unemployment_rate,5.6,7.3,-0.6,-2.3
LAUCN261250000000003,2015,M03,5,"",26,125,03,Oakland,2015-03-01,unemployment_rate,5,7.1,0,-2.1
LAUCN261250000000003,2015,M04,4.4,"",26,125,03,Oakland,2015-04-01,unemployment_rate,5,6.1,-0.6,-1.7
LAUCN261250000000003,2015,M05,5.3,"",26,125,03,Oakland,2015-05-01,unemployment_rate,4.4,6.7,0.9,-1.4
LAUCN261250000000003,2015,M06,5.1,"",26,125,03,Oakland,2015-06-01,unemployment_rate,5.3,7.1,-0.2,-2
LAUCN261250000000003,2015,M07,5.4,"",26,125,03,Oakland,2015-07-01,unemployment_rate,5.1,7.4,0.300000000000001,-2
LAUCN261250000000003,2015,M08,4.7,"",26,125,03,Oakland,2015-08-01,unemployment_rate,5.4,6.4,-0.7,-1.7
LAUCN261250000000003,2015,M09,4.4,"",26,125,03,Oakland,2015-09-01,unemployment_rate,4.7,6.2,-0.3,-1.8
LAUCN261250000000003,2015,M10,4.3,"",26,125,03,Oakland,2015-10-01,unemployment_rate,4.4,5.9,-0.100000000000001,-1.6
LAUCN261250000000003,2015,M11,3.8,"",26,125,03,Oakland,2015-11-01,unemployment_rate,4.3,5.3,-0.5,-1.5
LAUCN261250000000003,2015,M12,3.7,"",26,125,03,Oakland,2015-12-01,unemployment_rate,3.8,4.9,-0.0999999999999996,-1.2
LAUCN261250000000003,2016,M01,4.3,T,26,125,03,Oakland,2016-01-01,unemployment_rate,3.7,5.6,0.6,-1.3
LAUCN261250000000003,2016,M02,4.1,T,26,125,03,Oakland,2016-02-01,unemployment_rate,4.3,5,-0.2,-0.9
LAUCN261250000000003,2016,M03,4.3,T,26,125,03,Oakland,2016-03-01,unemployment_rate,4.1,5,0.2,-0.7
LAUCN261250000000003,2016,M04,3.8,T,26,125,03,Oakland,2016-04-01,unemployment_rate,4.3,4.4,-0.5,-0.600000000000001
LAUCN261250000000003,2016,M05,3.9,T,26,125,03,Oakland,2016-05-01,unemployment_rate,3.8,5.3,0.1,-1.4
LAUCN261250000000003,2016,M06,4.5,T,26,125,03,Oakland,2016-06-01,unemployment_rate,3.9,5.1,0.6,-0.6
LAUCN261250000000003,2016,M07,4.7,T,26,125,03,Oakland,2016-07-01,unemployment_rate,4.5,5.4,0.2,-0.7
LAUCN261250000000003,2016,M08,4.4,T,26,125,03,Oakland,2016-08-01,unemployment_rate,4.7,4.7,-0.3,-0.3
LAUCN261250000000003,2016,M09,4.2,T,26,125,03,Oakland,2016-09-01,unemployment_rate,4.4,4.4,-0.2,-0.2
LAUCN261250000000003,2016,M10,4.2,T,26,125,03,Oakland,2016-10-01,unemployment_rate,4.2,4.3,0,-0.0999999999999996
LAUCN261250000000003,2016,M11,4,T,26,125,03,Oakland,2016-11-01,unemployment_rate,4.2,3.8,-0.2,0.2
LAUCN261250000000003,2016,M12,3.6,T,26,125,03,Oakland,2016-12-01,unemployment_rate,4,3.7,-0.4,-0.1
LAUCN261250000000003,2017,M01,4.4,T,26,125,03,Oakland,2017-01-01,unemployment_rate,3.6,4.3,0.8,0.100000000000001
LAUCN261250000000003,2017,M02,3.9,T,26,125,03,Oakland,2017-02-01,unemployment_rate,4.4,4.1,-0.5,-0.2
LAUCN261250000000003,2017,M03,3.5,T,26,125,03,Oakland,2017-03-01,unemployment_rate,3.9,4.3,-0.4,-0.8
LAUCN261250000000003,2017,M04,2.8,T,26,125,03,Oakland,2017-04-01,unemployment_rate,3.5,3.8,-0.7,-1
LAUCN261250000000003,2017,M05,2.9,T,26,125,03,Oakland,2017-05-01,unemployment_rate,2.8,3.9,0.1,-1
LAUCN261250000000003,2017,M06,3.2,T,26,125,03,Oakland,2017-06-01,unemployment_rate,2.9,4.5,0.3,-1.3
LAUCN261250000000003,2017,M07,3.7,T,26,125,03,Oakland,2017-07-01,unemployment_rate,3.2,4.7,0.5,-1
LAUCN261250000000003,2017,M08,3.8,T,26,125,03,Oakland,2017-08-01,unemployment_rate,3.7,4.4,0.0999999999999996,-0.600000000000001
LAUCN261250000000003,2017,M09,3.8,T,26,125,03,Oakland,2017-09-01,unemployment_rate,3.8,4.2,0,-0.4
LAUCN261250000000003,2017,M10,3.5,T,26,125,03,Oakland,2017-10-01,unemployment_rate,3.8,4.2,-0.3,-0.7
LAUCN261250000000003,2017,M11,3.4,T,26,125,03,Oakland,2017-11-01,unemployment_rate,3.5,4,-0.1,-0.6
LAUCN261250000000003,2017,M12,3.5,T,26,125,03,Oakland,2017-12-01,unemployment_rate,3.4,3.6,0.1,-0.1
LAUCN261250000000003,2018,M01,3.8,T,26,125,03,Oakland,2018-01-01,unemployment_rate,3.5,4.4,0.3,-0.600000000000001
LAUCN261250000000003,2018,M02,3.7,T,26,125,03,Oakland,2018-02-01,unemployment_rate,3.8,3.9,-0.0999999999999996,-0.2
LAUCN261250000000003,2018,M03,3.5,T,26,125,03,Oakland,2018-03-01,unemployment_rate,3.7,3.5,-0.2,0
LAUCN261250000000003,2018,M04,3,T,26,125,03,Oakland,2018-04-01,unemployment_rate,3.5,2.8,-0.5,0.2
LAUCN261250000000003,2018,M05,3,T,26,125,03,Oakland,2018-05-01,unemployment_rate,3,2.9,0,0.1
LAUCN261250000000003,2018,M06,3.5,T,26,125,03,Oakland,2018-06-01,unemployment_rate,3,3.2,0.5,0.3
LAUCN261250000000003,2018,M07,3.8,T,26,125,03,Oakland,2018-07-01,unemployment_rate,3.5,3.7,0.3,0.0999999999999996
LAUCN261250000000003,2018,M08,3.2,T,26,125,03,Oakland,2018-08-01,unemployment_rate,3.8,3.8,-0.6,-0.6
LAUCN261250000000003,2018,M09,3.3,T,26,125,03,Oakland,2018-09-01,unemployment_rate,3.2,3.8,0.0999999999999996,-0.5
LAUCN261250000000003,2018,M10,3.4,T,26,125,03,Oakland,2018-10-01,unemployment_rate,3.3,3.5,0.1,-0.1
LAUCN261250000000003,2018,M11,3.1,T,26,125,03,Oakland,2018-11-01,unemployment_rate,3.4,3.4,-0.3,-0.3
LAUCN261250000000003,2018,M12,3.3,T,26,125,03,Oakland,2018-12-01,unemployment_rate,3.1,3.5,0.2,-0.2
LAUCN261250000000003,2019,M01,3.6,T,26,125,03,Oakland,2019-01-01,unemployment_rate,3.3,3.8,0.3,-0.2
LAUCN261250000000003,2019,M02,3.5,T,26,125,03,Oakland,2019-02-01,unemployment_rate,3.6,3.7,-0.1,-0.2
LAUCN261250000000003,2019,M03,3.8,T,26,125,03,Oakland,2019-03-01,unemployment_rate,3.5,3.5,0.3,0.3
LAUCN261250000000003,2019,M04,3.1,T,26,125,03,Oakland,2019-04-01,unemployment_rate,3.8,3,-0.7,0.1
LAUCN261250000000003,2019,M05,3.3,T,26,125,03,Oakland,2019-05-01,unemployment_rate,3.1,3,0.2,0.3
LAUCN261250000000003,2019,M06,3.6,T,26,125,03,Oakland,2019-06-01,unemployment_rate,3.3,3.5,0.3,0.1
LAUCN261250000000003,2019,M07,4,T,26,125,03,Oakland,2019-07-01,unemployment_rate,3.6,3.8,0.4,0.2
LAUCN261250000000003,2019,M08,3.6,T,26,125,03,Oakland,2019-08-01,unemployment_rate,4,3.2,-0.4,0.4
LAUCN261250000000003,2019,M09,3.3,T,26,125,03,Oakland,2019-09-01,unemployment_rate,3.6,3.3,-0.3,0
LAUCN261250000000003,2019,M10,2.9,T,26,125,03,Oakland,2019-10-01,unemployment_rate,3.3,3.4,-0.4,-0.5
LAUCN261250000000003,2019,M11,2.8,T,26,125,03,Oakland,2019-11-01,unemployment_rate,2.9,3.1,-0.1,-0.3
LAUCN261250000000003,2019,M12,2.8,T,26,125,03,Oakland,2019-12-01,unemployment_rate,2.8,3.3,0,-0.5
LAUCN261250000000003,2020,M01,3.2,T,26,125,03,Oakland,2020-01-01,unemployment_rate,2.8,3.6,0.4,-0.4
LAUCN261250000000003,2020,M02,2.9,T,26,125,03,Oakland,2020-02-01,unemployment_rate,3.2,3.5,-0.3,-0.6
LAUCN261250000000003,2020,M03,3.6,T,26,125,03,Oakland,2020-03-01,unemployment_rate,2.9,3.8,0.7,-0.2
LAUCN261250000000003,2020,M04,18.8,T,26,125,03,Oakland,2020-04-01,unemployment_rate,3.6,3.1,15.2,15.7
LAUCN261250000000003,2020,M05,19.6,T,26,125,03,Oakland,2020-05-01,unemployment_rate,18.8,3.3,0.800000000000001,16.3
LAUCN261250000000003,2020,M06,14.9,T,26,125,03,Oakland,2020-06-01,unemployment_rate,19.6,3.6,-4.7,11.3
LAUCN261250000000003,2020,M07,12.7,T,26,125,03,Oakland,2020-07-01,unemployment_rate,14.9,4,-2.2,8.7
LAUCN261250000000003,2020,M08,9.2,T,26,125,03,Oakland,2020-08-01,unemployment_rate,12.7,3.6,-3.5,5.6
LAUCN261250000000003,2020,M09,8.4,T,26,125,03,Oakland,2020-09-01,unemployment_rate,9.2,3.3,-0.799999999999999,5.1
LAUCN261250000000003,2020,M10,6.6,T,26,125,03,Oakland,2020-10-01,unemployment_rate,8.4,2.9,-1.8,3.7
LAUCN261250000000003,2020,M11,6.1,T,26,125,03,Oakland,2020-11-01,unemployment_rate,6.6,2.8,-0.5,3.3
LAUCN261250000000003,2020,M12,6.2,T,26,125,03,Oakland,2020-12-01,unemployment_rate,6.1,2.8,0.100000000000001,3.4
LAUCN261250000000003,2021,M01,5.6,T,26,125,03,Oakland,2021-01-01,unemployment_rate,6.2,3.2,-0.600000000000001,2.4
LAUCN261250000000003,2021,M02,5.2,T,26,125,03,Oakland,2021-02-01,unemployment_rate,5.6,2.9,-0.399999999999999,2.3
LAUCN261250000000003,2021,M03,5.3,T,26,125,03,Oakland,2021-03-01,unemployment_rate,5.2,3.6,0.0999999999999996,1.7
LAUCN261250000000003,2021,M04,4.5,T,26,125,03,Oakland,2021-04-01,unemployment_rate,5.3,18.8,-0.8,-14.3
LAUCN261250000000003,2021,M05,4.7,T,26,125,03,Oakland,2021-05-01,unemployment_rate,4.5,19.6,0.2,-14.9
LAUCN261250000000003,2021,M06,5.4,T,26,125,03,Oakland,2021-06-01,unemployment_rate,4.7,14.9,0.7,-9.5
LAUCN261250000000003,2021,M07,5.2,T,26,125,03,Oakland,2021-07-01,unemployment_rate,5.4,12.7,-0.2,-7.5
LAUCN261250000000003,2021,M08,4.6,T,26,125,03,Oakland,2021-08-01,unemployment_rate,5.2,9.2,-0.600000000000001,-4.6
LAUCN261250000000003,2021,M09,4.3,T,26,125,03,Oakland,2021-09-01,unemployment_rate,4.6,8.4,-0.3,-4.1
LAUCN261250000000003,2021,M10,3.7,T,26,125,03,Oakland,2021-10-01,unemployment_rate,4.3,6.6,-0.6,-2.9
LAUCN261250000000003,2021,M11,3.2,T,26,125,03,Oakland,2021-11-01,unemployment_rate,3.7,6.1,-0.5,-2.9
LAUCN261250000000003,2021,M12,3.2,T,26,125,03,Oakland,2021-12-01,unemployment_rate,3.2,6.2,0,-3
LAUCN261250000000003,2022,M01,3.9,T,26,125,03,Oakland,2022-01-01,unemployment_rate,3.2,5.6,0.7,-1.7
LAUCN261250000000003,2022,M02,3.5,T,26,125,03,Oakland,2022-02-01,unemployment_rate,3.9,5.2,-0.4,-1.7
LAUCN261250000000003,2022,M03,3.3,T,26,125,03,Oakland,2022-03-01,unemployment_rate,3.5,5.3,-0.2,-2
LAUCN261250000000003,2022,M04,2.7,T,26,125,03,Oakland,2022-04-01,unemployment_rate,3.3,4.5,-0.6,-1.8
LAUCN261250000000003,2022,M05,3.2,T,26,125,03,Oakland,2022-05-01,unemployment_rate,2.7,4.7,0.5,-1.5
LAUCN261250000000003,2022,M06,3.2,T,26,125,03,Oakland,2022-06-01,unemployment_rate,3.2,5.4,0,-2.2
LAUCN261250000000003,2022,M07,2.9,T,26,125,03,Oakland,2022-07-01,unemployment_rate,3.2,5.2,-0.3,-2.3
LAUCN261250000000003,2022,M08,2.9,T,26,125,03,Oakland,2022-08-01,unemployment_rate,2.9,4.6,0,-1.7
LAUCN261250000000003,2022,M09,2.9,T,26,125,03,Oakland,2022-09-01,unemployment_rate,2.9,4.3,0,-1.4
LAUCN261250000000003,2022,M10,2.8,T,26,125,03,Oakland,2022-10-01,unemployment_rate,2.9,3.7,-0.1,-0.9
LAUCN261250000000003,2022,M11,2.6,T,26,125,03,Oakland,2022-11-01,unemployment_rate,2.8,3.2,-0.2,-0.6
LAUCN261250000000003,2022,M12,2.6,T,26,125,03,Oakland,2022-12-01,unemployment_rate,2.6,3.2,0,-0.6
LAUCN261250000000003,2023,M01,3.2,T,26,125,03,Oakland,2023-01-01,unemployment_rate,2.6,3.9,0.6,-0.7
LAUCN261250000000003,2023,M02,2.9,T,26,125,03,Oakland,2023-02-01,unemployment_rate,3.2,3.5,-0.3,-0.6
LAUCN261250000000003,2023,M03,2.6,T,26,125,03,Oakland,2023-03-01,unemployment_rate,2.9,3.3,-0.3,-0.7
LAUCN261250000000003,2023,M04,1.9,T,26,125,03,Oakland,2023-04-01,unemployment_rate,2.6,2.7,-0.7,-0.8
LAUCN261250000000003,2023,M05,2.8,T,26,125,03,Oakland,2023-05-01,unemployment_rate,1.9,3.2,0.9,-0.4
LAUCN261250000000003,2023,M06,3.1,T,26,125,03,Oakland,2023-06-01,unemployment_rate,2.8,3.2,0.3,-0.1
LAUCN261250000000003,2023,M07,3.3,T,26,125,03,Oakland,2023-07-01,unemployment_rate,3.1,2.9,0.2,0.4
LAUCN261250000000003,2023,M08,3.2,T,26,125,03,Oakland,2023-08-01,unemployment_rate,3.3,2.9,-0.0999999999999996,0.3
LAUCN261250000000003,2023,M09,3.3,T,26,125,03,Oakland,2023-09-01,unemployment_rate,3.2,2.9,0.0999999999999996,0.4
LAUCN261250000000003,2023,M10,3.2,T,26,125,03,Oakland,2023-10-01,unemployment_rate,3.3,2.8,-0.0999999999999996,0.4
LAUCN261250000000003,2023,M11,2.7,T,26,125,03,Oakland,2023-11-01,unemployment_rate,3.2,2.6,-0.5,0.1
LAUCN261250000000003,2023,M12,2.6,T,26,125,03,Oakland,2023-12-01,unemployment_rate,2.7,2.6,-0.1,0
LAUCN261250000000003,2024,M01,3.1,T,26,125,03,Oakland,2024-01-01,unemployment_rate,2.6,3.2,0.5,-0.1
LAUCN261250000000003,2024,M02,3.2,T,26,125,03,Oakland,2024-02-01,unemployment_rate,3.1,2.9,0.1,0.3
LAUCN261250000000003,2024,M03,3.1,T,26,125,03,Oakland,2024-03-01,unemployment_rate,3.2,2.6,-0.1,0.5
LAUCN261250000000003,2024,M04,2.7,T,26,125,03,Oakland,2024-04-01,unemployment_rate,3.1,1.9,-0.4,0.8
LAUCN261250000000003,2024,M05,3.4,T,26,125,03,Oakland,2024-05-01,unemployment_rate,2.7,2.8,0.7,0.6
LAUCN261250000000003,2024,M06,4,T,26,125,03,Oakland,2024-06-01,unemployment_rate,3.4,3.1,0.6,0.9
LAUCN261250000000003,2024,M07,4.3,T,26,125,03,Oakland,2024-07-01,unemployment_rate,4,3.3,0.3,1
LAUCN261250000000003,2024,M08,3.6,T,26,125,03,Oakland,2024-08-01,unemployment_rate,4.3,3.2,-0.7,0.4
LAUCN261250000000003,2024,M09,3.9,T,26,125,03,Oakland,2024-09-01,unemployment_rate,3.6,3.3,0.3,0.6
LAUCN261250000000003,2024,M10,3.9,T,26,125,03,Oakland,2024-10-01,unemployment_rate,3.9,3.2,0,0.7
LAUCN261250000000003,2024,M11,3.9,T,26,125,03,Oakland,2024-11-01,unemployment_rate,3.9,2.7,0,1.2
LAUCN261250000000003,2024,M12,3.8,T,26,125,03,Oakland,2024-12-01,unemployment_rate,3.9,2.6,-0.1,1.2
LAUCN261250000000003,2025,M01,4.1,T,26,125,03,Oakland,2025-01-01,unemployment_rate,3.8,3.1,0.3,1
LAUCN261250000000003,2025,M02,4.2,T,26,125,03,Oakland,2025-02-01,unemployment_rate,4.1,3.2,0.100000000000001,1
LAUCN261250000000003,2025,M03,4,T,26,125,03,Oakland,2025-03-01,unemployment_rate,4.2,3.1,-0.2,0.9
LAUCN261250000000003,2025,M04,3.2,T,26,125,03,Oakland,2025-04-01,unemployment_rate,4,2.7,-0.8,0.5
LAUCN261250000000003,2025,M05,3.8,T,26,125,03,Oakland,2025-05-01,unemployment_rate,3.2,3.4,0.6,0.4
LAUCN261250000000003,2025,M06,4,T,26,125,03,Oakland,2025-06-01,unemployment_rate,3.8,4,0.2,0
LAUCN261250000000003,2025,M07,4.5,T,26,125,03,Oakland,2025-07-01,unemployment_rate,4,4.3,0.5,0.2
LAUCN261250000000003,2025,M08,3.7,T,26,125,03,Oakland,2025-08-01,unemployment_rate,4.5,3.6,-0.8,0.1
LAUCN261250000000003,2025,M09,3.9,T,26,125,03,Oakland,2025-09-01,unemployment_rate,3.7,3.9,0.2,0
LAUCN261250000000003,2025,M11,4.2,T,26,125,03,Oakland,2025-11-01,unemployment_rate,3.9,3.9,0.3,0.3
LAUCN261250000000003,2025,M12,3.8,T,26,125,03,Oakland,2025-12-01,unemployment_rate,4.2,3.9,-0.4,-0.1
LAUCN261250000000003,2026,M01,4.2,"",26,125,03,Oakland,2026-01-01,unemployment_rate,3.8,3.8,0.4,0.4
LAUCN261250000000003,2026,M02,4.5,"",26,125,03,Oakland,2026-02-01,unemployment_rate,4.2,4.1,0.3,0.4
LAUCN261250000000003,2026,M03,4.1,"",26,125,03,Oakland,2026-03-01,unemployment_rate,4.5,4.2,-0.4,-0.100000000000001
LAUCN261250000000003,2026,M04,3.5,P,26,125,03,Oakland,2026-04-01,unemployment_rate,4.1,4,-0.6,-0.5
LAUCN261610000000005,1990,M01,149790,"",26,161,05,Washtenaw,1990-01-01,employed_count,,,,
LAUCN261610000000005,1990,M02,152356,"",26,161,05,Washtenaw,1990-02-01,employed_count,149790,,2566,
LAUCN261610000000005,1990,M03,153555,"",26,161,05,Washtenaw,1990-03-01,employed_count,152356,,1199,
LAUCN261610000000005,1990,M04,151436,"",26,161,05,Washtenaw,1990-04-01,employed_count,153555,,-2119,
LAUCN261610000000005,1990,M05,151721,"",26,161,05,Washtenaw,1990-05-01,employed_count,151436,,285,
LAUCN261610000000005,1990,M06,152625,"",26,161,05,Washtenaw,1990-06-01,employed_count,151721,,904,
LAUCN261610000000005,1990,M07,147639,"",26,161,05,Washtenaw,1990-07-01,employed_count,152625,,-4986,
LAUCN261610000000005,1990,M08,147733,"",26,161,05,Washtenaw,1990-08-01,employed_count,147639,,94,
LAUCN261610000000005,1990,M09,150842,"",26,161,05,Washtenaw,1990-09-01,employed_count,147733,,3109,
LAUCN261610000000005,1990,M10,151212,"",26,161,05,Washtenaw,1990-10-01,employed_count,150842,,370,
LAUCN261610000000005,1990,M11,153155,"",26,161,05,Washtenaw,1990-11-01,employed_count,151212,,1943,
LAUCN261610000000005,1990,M12,152580,"",26,161,05,Washtenaw,1990-12-01,employed_count,153155,,-575,
LAUCN261610000000005,1991,M01,146593,"",26,161,05,Washtenaw,1991-01-01,employed_count,152580,149790,-5987,-3197
LAUCN261610000000005,1991,M02,148773,"",26,161,05,Washtenaw,1991-02-01,employed_count,146593,152356,2180,-3583
LAUCN261610000000005,1991,M03,149255,"",26,161,05,Washtenaw,1991-03-01,employed_count,148773,153555,482,-4300
LAUCN261610000000005,1991,M04,149028,"",26,161,05,Washtenaw,1991-04-01,employed_count,149255,151436,-227,-2408
LAUCN261610000000005,1991,M05,148457,"",26,161,05,Washtenaw,1991-05-01,employed_count,149028,151721,-571,-3264
LAUCN261610000000005,1991,M06,148031,"",26,161,05,Washtenaw,1991-06-01,employed_count,148457,152625,-426,-4594
LAUCN261610000000005,1991,M07,144603,"",26,161,05,Washtenaw,1991-07-01,employed_count,148031,147639,-3428,-3036
LAUCN261610000000005,1991,M08,143999,"",26,161,05,Washtenaw,1991-08-01,employed_count,144603,147733,-604,-3734
LAUCN261610000000005,1991,M09,146955,"",26,161,05,Washtenaw,1991-09-01,employed_count,143999,150842,2956,-3887
LAUCN261610000000005,1991,M10,150105,"",26,161,05,Washtenaw,1991-10-01,employed_count,146955,151212,3150,-1107
LAUCN261610000000005,1991,M11,151678,"",26,161,05,Washtenaw,1991-11-01,employed_count,150105,153155,1573,-1477
LAUCN261610000000005,1991,M12,149407,"",26,161,05,Washtenaw,1991-12-01,employed_count,151678,152580,-2271,-3173
LAUCN261610000000005,1992,M01,149437,"",26,161,05,Washtenaw,1992-01-01,employed_count,149407,146593,30,2844
LAUCN261610000000005,1992,M02,152790,"",26,161,05,Washtenaw,1992-02-01,employed_count,149437,148773,3353,4017
LAUCN261610000000005,1992,M03,153031,"",26,161,05,Washtenaw,1992-03-01,employed_count,152790,149255,241,3776
LAUCN261610000000005,1992,M04,153030,"",26,161,05,Washtenaw,1992-04-01,employed_count,153031,149028,-1,4002
LAUCN261610000000005,1992,M05,153107,"",26,161,05,Washtenaw,1992-05-01,employed_count,153030,148457,77,4650
LAUCN261610000000005,1992,M06,154156,"",26,161,05,Washtenaw,1992-06-01,employed_count,153107,148031,1049,6125
LAUCN261610000000005,1992,M07,152559,"",26,161,05,Washtenaw,1992-07-01,employed_count,154156,144603,-1597,7956
LAUCN261610000000005,1992,M08,151080,"",26,161,05,Washtenaw,1992-08-01,employed_count,152559,143999,-1479,7081
LAUCN261610000000005,1992,M09,151230,"",26,161,05,Washtenaw,1992-09-01,employed_count,151080,146955,150,4275
LAUCN261610000000005,1992,M10,153271,"",26,161,05,Washtenaw,1992-10-01,employed_count,151230,150105,2041,3166
LAUCN261610000000005,1992,M11,157865,"",26,161,05,Washtenaw,1992-11-01,employed_count,153271,151678,4594,6187
LAUCN261610000000005,1992,M12,157338,"",26,161,05,Washtenaw,1992-12-01,employed_count,157865,149407,-527,7931
LAUCN261610000000005,1993,M01,152273,"",26,161,05,Washtenaw,1993-01-01,employed_count,157338,149437,-5065,2836
LAUCN261610000000005,1993,M02,154928,"",26,161,05,Washtenaw,1993-02-01,employed_count,152273,152790,2655,2138
LAUCN261610000000005,1993,M03,153911,"",26,161,05,Washtenaw,1993-03-01,employed_count,154928,153031,-1017,880
LAUCN261610000000005,1993,M04,155712,"",26,161,05,Washtenaw,1993-04-01,employed_count,153911,153030,1801,2682
LAUCN261610000000005,1993,M05,154469,"",26,161,05,Washtenaw,1993-05-01,employed_count,155712,153107,-1243,1362
LAUCN261610000000005,1993,M06,156107,"",26,161,05,Washtenaw,1993-06-01,employed_count,154469,154156,1638,1951
LAUCN261610000000005,1993,M07,154727,"",26,161,05,Washtenaw,1993-07-01,employed_count,156107,152559,-1380,2168
LAUCN261610000000005,1993,M08,153989,"",26,161,05,Washtenaw,1993-08-01,employed_count,154727,151080,-738,2909
LAUCN261610000000005,1993,M09,153003,"",26,161,05,Washtenaw,1993-09-01,employed_count,153989,151230,-986,1773
LAUCN261610000000005,1993,M10,157618,"",26,161,05,Washtenaw,1993-10-01,employed_count,153003,153271,4615,4347
LAUCN261610000000005,1993,M11,159881,"",26,161,05,Washtenaw,1993-11-01,employed_count,157618,157865,2263,2016
LAUCN261610000000005,1993,M12,160244,"",26,161,05,Washtenaw,1993-12-01,employed_count,159881,157338,363,2906
LAUCN261610000000005,1994,M01,155486,"",26,161,05,Washtenaw,1994-01-01,employed_count,160244,152273,-4758,3213
LAUCN261610000000005,1994,M02,158279,"",26,161,05,Washtenaw,1994-02-01,employed_count,155486,154928,2793,3351
LAUCN261610000000005,1994,M03,157616,"",26,161,05,Washtenaw,1994-03-01,employed_count,158279,153911,-663,3705
LAUCN261610000000005,1994,M04,158899,"",26,161,05,Washtenaw,1994-04-01,employed_count,157616,155712,1283,3187
LAUCN261610000000005,1994,M05,158354,"",26,161,05,Washtenaw,1994-05-01,employed_count,158899,154469,-545,3885
LAUCN261610000000005,1994,M06,159022,"",26,161,05,Washtenaw,1994-06-01,employed_count,158354,156107,668,2915
LAUCN261610000000005,1994,M07,157153,"",26,161,05,Washtenaw,1994-07-01,employed_count,159022,154727,-1869,2426
LAUCN261610000000005,1994,M08,157096,"",26,161,05,Washtenaw,1994-08-01,employed_count,157153,153989,-57,3107
LAUCN261610000000005,1994,M09,157393,"",26,161,05,Washtenaw,1994-09-01,employed_count,157096,153003,297,4390
LAUCN261610000000005,1994,M10,160579,"",26,161,05,Washtenaw,1994-10-01,employed_count,157393,157618,3186,2961
LAUCN261610000000005,1994,M11,162356,"",26,161,05,Washtenaw,1994-11-01,employed_count,160579,159881,1777,2475
LAUCN261610000000005,1994,M12,162191,"",26,161,05,Washtenaw,1994-12-01,employed_count,162356,160244,-165,1947
LAUCN261610000000005,1995,M01,156914,"",26,161,05,Washtenaw,1995-01-01,employed_count,162191,155486,-5277,1428
LAUCN261610000000005,1995,M02,160231,"",26,161,05,Washtenaw,1995-02-01,employed_count,156914,158279,3317,1952
LAUCN261610000000005,1995,M03,160919,"",26,161,05,Washtenaw,1995-03-01,employed_count,160231,157616,688,3303
LAUCN261610000000005,1995,M04,160293,"",26,161,05,Washtenaw,1995-04-01,employed_count,160919,158899,-626,1394
LAUCN261610000000005,1995,M05,158314,"",26,161,05,Washtenaw,1995-05-01,employed_count,160293,158354,-1979,-40
LAUCN261610000000005,1995,M06,159812,"",26,161,05,Washtenaw,1995-06-01,employed_count,158314,159022,1498,790
LAUCN261610000000005,1995,M07,158381,"",26,161,05,Washtenaw,1995-07-01,employed_count,159812,157153,-1431,1228
LAUCN261610000000005,1995,M08,157597,"",26,161,05,Washtenaw,1995-08-01,employed_count,158381,157096,-784,501
LAUCN261610000000005,1995,M09,158849,"",26,161,05,Washtenaw,1995-09-01,employed_count,157597,157393,1252,1456
LAUCN261610000000005,1995,M10,160607,"",26,161,05,Washtenaw,1995-10-01,employed_count,158849,160579,1758,28
LAUCN261610000000005,1995,M11,160437,"",26,161,05,Washtenaw,1995-11-01,employed_count,160607,162356,-170,-1919
LAUCN261610000000005,1995,M12,160749,"",26,161,05,Washtenaw,1995-12-01,employed_count,160437,162191,312,-1442
LAUCN261610000000005,1996,M01,154338,"",26,161,05,Washtenaw,1996-01-01,employed_count,160749,156914,-6411,-2576
LAUCN261610000000005,1996,M02,159236,"",26,161,05,Washtenaw,1996-02-01,employed_count,154338,160231,4898,-995
LAUCN261610000000005,1996,M03,161267,"",26,161,05,Washtenaw,1996-03-01,employed_count,159236,160919,2031,348
LAUCN261610000000005,1996,M04,160297,"",26,161,05,Washtenaw,1996-04-01,employed_count,161267,160293,-970,4
LAUCN261610000000005,1996,M05,160820,"",26,161,05,Washtenaw,1996-05-01,employed_count,160297,158314,523,2506
LAUCN261610000000005,1996,M06,164457,"",26,161,05,Washtenaw,1996-06-01,employed_count,160820,159812,3637,4645
LAUCN261610000000005,1996,M07,162325,"",26,161,05,Washtenaw,1996-07-01,employed_count,164457,158381,-2132,3944
LAUCN261610000000005,1996,M08,161514,"",26,161,05,Washtenaw,1996-08-01,employed_count,162325,157597,-811,3917
LAUCN261610000000005,1996,M09,162660,"",26,161,05,Washtenaw,1996-09-01,employed_count,161514,158849,1146,3811
LAUCN261610000000005,1996,M10,165321,"",26,161,05,Washtenaw,1996-10-01,employed_count,162660,160607,2661,4714
LAUCN261610000000005,1996,M11,166399,"",26,161,05,Washtenaw,1996-11-01,employed_count,165321,160437,1078,5962
LAUCN261610000000005,1996,M12,165752,"",26,161,05,Washtenaw,1996-12-01,employed_count,166399,160749,-647,5003
LAUCN261610000000005,1997,M01,162700,"",26,161,05,Washtenaw,1997-01-01,employed_count,165752,154338,-3052,8362
LAUCN261610000000005,1997,M02,164936,"",26,161,05,Washtenaw,1997-02-01,employed_count,162700,159236,2236,5700
LAUCN261610000000005,1997,M03,166503,"",26,161,05,Washtenaw,1997-03-01,employed_count,164936,161267,1567,5236
LAUCN261610000000005,1997,M04,166456,"",26,161,05,Washtenaw,1997-04-01,employed_count,166503,160297,-47,6159
LAUCN261610000000005,1997,M05,165956,"",26,161,05,Washtenaw,1997-05-01,employed_count,166456,160820,-500,5136
LAUCN261610000000005,1997,M06,166718,"",26,161,05,Washtenaw,1997-06-01,employed_count,165956,164457,762,2261
LAUCN261610000000005,1997,M07,164960,"",26,161,05,Washtenaw,1997-07-01,employed_count,166718,162325,-1758,2635
LAUCN261610000000005,1997,M08,164660,"",26,161,05,Washtenaw,1997-08-01,employed_count,164960,161514,-300,3146
LAUCN261610000000005,1997,M09,166551,"",26,161,05,Washtenaw,1997-09-01,employed_count,164660,162660,1891,3891
LAUCN261610000000005,1997,M10,169508,"",26,161,05,Washtenaw,1997-10-01,employed_count,166551,165321,2957,4187
LAUCN261610000000005,1997,M11,171705,"",26,161,05,Washtenaw,1997-11-01,employed_count,169508,166399,2197,5306
LAUCN261610000000005,1997,M12,171717,"",26,161,05,Washtenaw,1997-12-01,employed_count,171705,165752,12,5965
LAUCN261610000000005,1998,M01,169012,"",26,161,05,Washtenaw,1998-01-01,employed_count,171717,162700,-2705,6312
LAUCN261610000000005,1998,M02,170529,"",26,161,05,Washtenaw,1998-02-01,employed_count,169012,164936,1517,5593
LAUCN261610000000005,1998,M03,171456,"",26,161,05,Washtenaw,1998-03-01,employed_count,170529,166503,927,4953
LAUCN261610000000005,1998,M04,171218,"",26,161,05,Washtenaw,1998-04-01,employed_count,171456,166456,-238,4762
LAUCN261610000000005,1998,M05,170857,"",26,161,05,Washtenaw,1998-05-01,employed_count,171218,165956,-361,4901
LAUCN261610000000005,1998,M06,170549,"",26,161,05,Washtenaw,1998-06-01,employed_count,170857,166718,-308,3831
LAUCN261610000000005,1998,M07,165127,"",26,161,05,Washtenaw,1998-07-01,employed_count,170549,164960,-5422,167
LAUCN261610000000005,1998,M08,169205,"",26,161,05,Washtenaw,1998-08-01,employed_count,165127,164660,4078,4545
LAUCN261610000000005,1998,M09,170116,"",26,161,05,Washtenaw,1998-09-01,employed_count,169205,166551,911,3565
LAUCN261610000000005,1998,M10,172575,"",26,161,05,Washtenaw,1998-10-01,employed_count,170116,169508,2459,3067
LAUCN261610000000005,1998,M11,175297,"",26,161,05,Washtenaw,1998-11-01,employed_count,172575,171705,2722,3592
LAUCN261610000000005,1998,M12,174978,"",26,161,05,Washtenaw,1998-12-01,employed_count,175297,171717,-319,3261
LAUCN261610000000005,1999,M01,171464,"",26,161,05,Washtenaw,1999-01-01,employed_count,174978,169012,-3514,2452
LAUCN261610000000005,1999,M02,174017,"",26,161,05,Washtenaw,1999-02-01,employed_count,171464,170529,2553,3488
LAUCN261610000000005,1999,M03,174487,"",26,161,05,Washtenaw,1999-03-01,employed_count,174017,171456,470,3031
LAUCN261610000000005,1999,M04,173845,"",26,161,05,Washtenaw,1999-04-01,employed_count,174487,171218,-642,2627
LAUCN261610000000005,1999,M05,173343,"",26,161,05,Washtenaw,1999-05-01,employed_count,173845,170857,-502,2486
LAUCN261610000000005,1999,M06,174975,"",26,161,05,Washtenaw,1999-06-01,employed_count,173343,170549,1632,4426
LAUCN261610000000005,1999,M07,173684,"",26,161,05,Washtenaw,1999-07-01,employed_count,174975,165127,-1291,8557
LAUCN261610000000005,1999,M08,173359,"",26,161,05,Washtenaw,1999-08-01,employed_count,173684,169205,-325,4154
LAUCN261610000000005,1999,M09,173424,"",26,161,05,Washtenaw,1999-09-01,employed_count,173359,170116,65,3308
LAUCN261610000000005,1999,M10,175598,"",26,161,05,Washtenaw,1999-10-01,employed_count,173424,172575,2174,3023
LAUCN261610000000005,1999,M11,177687,"",26,161,05,Washtenaw,1999-11-01,employed_count,175598,175297,2089,2390
LAUCN261610000000005,1999,M12,177532,"",26,161,05,Washtenaw,1999-12-01,employed_count,177687,174978,-155,2554
LAUCN261610000000005,2000,M01,180390,"",26,161,05,Washtenaw,2000-01-01,employed_count,177532,171464,2858,8926
LAUCN261610000000005,2000,M02,183798,"",26,161,05,Washtenaw,2000-02-01,employed_count,180390,174017,3408,9781
LAUCN261610000000005,2000,M03,184402,"",26,161,05,Washtenaw,2000-03-01,employed_count,183798,174487,604,9915
LAUCN261610000000005,2000,M04,184362,"",26,161,05,Washtenaw,2000-04-01,employed_count,184402,173845,-40,10517
LAUCN261610000000005,2000,M05,180026,"",26,161,05,Washtenaw,2000-05-01,employed_count,184362,173343,-4336,6683
LAUCN261610000000005,2000,M06,181735,"",26,161,05,Washtenaw,2000-06-01,employed_count,180026,174975,1709,6760
LAUCN261610000000005,2000,M07,177778,"",26,161,05,Washtenaw,2000-07-01,employed_count,181735,173684,-3957,4094
LAUCN261610000000005,2000,M08,177440,"",26,161,05,Washtenaw,2000-08-01,employed_count,177778,173359,-338,4081
LAUCN261610000000005,2000,M09,176518,"",26,161,05,Washtenaw,2000-09-01,employed_count,177440,173424,-922,3094
LAUCN261610000000005,2000,M10,181863,"",26,161,05,Washtenaw,2000-10-01,employed_count,176518,175598,5345,6265
LAUCN261610000000005,2000,M11,185417,"",26,161,05,Washtenaw,2000-11-01,employed_count,181863,177687,3554,7730
LAUCN261610000000005,2000,M12,185451,"",26,161,05,Washtenaw,2000-12-01,employed_count,185417,177532,34,7919
LAUCN261610000000005,2001,M01,187983,"",26,161,05,Washtenaw,2001-01-01,employed_count,185451,180390,2532,7593
LAUCN261610000000005,2001,M02,190764,"",26,161,05,Washtenaw,2001-02-01,employed_count,187983,183798,2781,6966
LAUCN261610000000005,2001,M03,191444,"",26,161,05,Washtenaw,2001-03-01,employed_count,190764,184402,680,7042
LAUCN261610000000005,2001,M04,189279,"",26,161,05,Washtenaw,2001-04-01,employed_count,191444,184362,-2165,4917
LAUCN261610000000005,2001,M05,188335,"",26,161,05,Washtenaw,2001-05-01,employed_count,189279,180026,-944,8309
LAUCN261610000000005,2001,M06,189046,"",26,161,05,Washtenaw,2001-06-01,employed_count,188335,181735,711,7311
LAUCN261610000000005,2001,M07,184886,"",26,161,05,Washtenaw,2001-07-01,employed_count,189046,177778,-4160,7108
LAUCN261610000000005,2001,M08,182200,"",26,161,05,Washtenaw,2001-08-01,employed_count,184886,177440,-2686,4760
LAUCN261610000000005,2001,M09,181582,"",26,161,05,Washtenaw,2001-09-01,employed_count,182200,176518,-618,5064
LAUCN261610000000005,2001,M10,184361,"",26,161,05,Washtenaw,2001-10-01,employed_count,181582,181863,2779,2498
LAUCN261610000000005,2001,M11,186230,"",26,161,05,Washtenaw,2001-11-01,employed_count,184361,185417,1869,813
LAUCN261610000000005,2001,M12,183768,"",26,161,05,Washtenaw,2001-12-01,employed_count,186230,185451,-2462,-1683
LAUCN261610000000005,2002,M01,178322,"",26,161,05,Washtenaw,2002-01-01,employed_count,183768,187983,-5446,-9661
LAUCN261610000000005,2002,M02,182235,"",26,161,05,Washtenaw,2002-02-01,employed_count,178322,190764,3913,-8529
LAUCN261610000000005,2002,M03,181467,"",26,161,05,Washtenaw,2002-03-01,employed_count,182235,191444,-768,-9977
LAUCN261610000000005,2002,M04,177908,"",26,161,05,Washtenaw,2002-04-01,employed_count,181467,189279,-3559,-11371
LAUCN261610000000005,2002,M05,176986,"",26,161,05,Washtenaw,2002-05-01,employed_count,177908,188335,-922,-11349
LAUCN261610000000005,2002,M06,177824,"",26,161,05,Washtenaw,2002-06-01,employed_count,176986,189046,838,-11222
LAUCN261610000000005,2002,M07,176612,"",26,161,05,Washtenaw,2002-07-01,employed_count,177824,184886,-1212,-8274
LAUCN261610000000005,2002,M08,175621,"",26,161,05,Washtenaw,2002-08-01,employed_count,176612,182200,-991,-6579
LAUCN261610000000005,2002,M09,175986,"",26,161,05,Washtenaw,2002-09-01,employed_count,175621,181582,365,-5596
LAUCN261610000000005,2002,M10,179505,"",26,161,05,Washtenaw,2002-10-01,employed_count,175986,184361,3519,-4856
LAUCN261610000000005,2002,M11,181529,"",26,161,05,Washtenaw,2002-11-01,employed_count,179505,186230,2024,-4701
LAUCN261610000000005,2002,M12,180528,"",26,161,05,Washtenaw,2002-12-01,employed_count,181529,183768,-1001,-3240
LAUCN261610000000005,2003,M01,176132,"",26,161,05,Washtenaw,2003-01-01,employed_count,180528,178322,-4396,-2190
LAUCN261610000000005,2003,M02,178772,"",26,161,05,Washtenaw,2003-02-01,employed_count,176132,182235,2640,-3463
LAUCN261610000000005,2003,M03,177449,"",26,161,05,Washtenaw,2003-03-01,employed_count,178772,181467,-1323,-4018
LAUCN261610000000005,2003,M04,176799,"",26,161,05,Washtenaw,2003-04-01,employed_count,177449,177908,-650,-1109
LAUCN261610000000005,2003,M05,176173,"",26,161,05,Washtenaw,2003-05-01,employed_count,176799,176986,-626,-813
LAUCN261610000000005,2003,M06,176512,"",26,161,05,Washtenaw,2003-06-01,employed_count,176173,177824,339,-1312
LAUCN261610000000005,2003,M07,172011,"",26,161,05,Washtenaw,2003-07-01,employed_count,176512,176612,-4501,-4601
LAUCN261610000000005,2003,M08,173918,"",26,161,05,Washtenaw,2003-08-01,employed_count,172011,175621,1907,-1703
LAUCN261610000000005,2003,M09,175656,"",26,161,05,Washtenaw,2003-09-01,employed_count,173918,175986,1738,-330
LAUCN261610000000005,2003,M10,179424,"",26,161,05,Washtenaw,2003-10-01,employed_count,175656,179505,3768,-81
LAUCN261610000000005,2003,M11,181010,"",26,161,05,Washtenaw,2003-11-01,employed_count,179424,181529,1586,-519
LAUCN261610000000005,2003,M12,180015,"",26,161,05,Washtenaw,2003-12-01,employed_count,181010,180528,-995,-513
LAUCN261610000000005,2004,M01,177034,"",26,161,05,Washtenaw,2004-01-01,employed_count,180015,176132,-2981,902
LAUCN261610000000005,2004,M02,179063,"",26,161,05,Washtenaw,2004-02-01,employed_count,177034,178772,2029,291
LAUCN261610000000005,2004,M03,179246,"",26,161,05,Washtenaw,2004-03-01,employed_count,179063,177449,183,1797
LAUCN261610000000005,2004,M04,180253,"",26,161,05,Washtenaw,2004-04-01,employed_count,179246,176799,1007,3454
LAUCN261610000000005,2004,M05,177978,"",26,161,05,Washtenaw,2004-05-01,employed_count,180253,176173,-2275,1805
LAUCN261610000000005,2004,M06,178919,"",26,161,05,Washtenaw,2004-06-01,employed_count,177978,176512,941,2407
LAUCN261610000000005,2004,M07,176061,"",26,161,05,Washtenaw,2004-07-01,employed_count,178919,172011,-2858,4050
LAUCN261610000000005,2004,M08,178833,"",26,161,05,Washtenaw,2004-08-01,employed_count,176061,173918,2772,4915
LAUCN261610000000005,2004,M09,179333,"",26,161,05,Washtenaw,2004-09-01,employed_count,178833,175656,500,3677
LAUCN261610000000005,2004,M10,183349,"",26,161,05,Washtenaw,2004-10-01,employed_count,179333,179424,4016,3925
LAUCN261610000000005,2004,M11,185359,"",26,161,05,Washtenaw,2004-11-01,employed_count,183349,181010,2010,4349
LAUCN261610000000005,2004,M12,183086,"",26,161,05,Washtenaw,2004-12-01,employed_count,185359,180015,-2273,3071
LAUCN261610000000005,2005,M01,179881,"",26,161,05,Washtenaw,2005-01-01,employed_count,183086,177034,-3205,2847
LAUCN261610000000005,2005,M02,182229,"",26,161,05,Washtenaw,2005-02-01,employed_count,179881,179063,2348,3166
LAUCN261610000000005,2005,M03,183042,"",26,161,05,Washtenaw,2005-03-01,employed_count,182229,179246,813,3796
LAUCN261610000000005,2005,M04,184217,"",26,161,05,Washtenaw,2005-04-01,employed_count,183042,180253,1175,3964
LAUCN261610000000005,2005,M05,181880,"",26,161,05,Washtenaw,2005-05-01,employed_count,184217,177978,-2337,3902
LAUCN261610000000005,2005,M06,181269,"",26,161,05,Washtenaw,2005-06-01,employed_count,181880,178919,-611,2350
LAUCN261610000000005,2005,M07,176915,"",26,161,05,Washtenaw,2005-07-01,employed_count,181269,176061,-4354,854
LAUCN261610000000005,2005,M08,179298,"",26,161,05,Washtenaw,2005-08-01,employed_count,176915,178833,2383,465
LAUCN261610000000005,2005,M09,180757,"",26,161,05,Washtenaw,2005-09-01,employed_count,179298,179333,1459,1424
LAUCN261610000000005,2005,M10,184162,"",26,161,05,Washtenaw,2005-10-01,employed_count,180757,183349,3405,813
LAUCN261610000000005,2005,M11,186133,"",26,161,05,Washtenaw,2005-11-01,employed_count,184162,185359,1971,774
LAUCN261610000000005,2005,M12,184273,"",26,161,05,Washtenaw,2005-12-01,employed_count,186133,183086,-1860,1187
LAUCN261610000000005,2006,M01,181875,"",26,161,05,Washtenaw,2006-01-01,employed_count,184273,179881,-2398,1994
LAUCN261610000000005,2006,M02,182937,"",26,161,05,Washtenaw,2006-02-01,employed_count,181875,182229,1062,708
LAUCN261610000000005,2006,M03,183372,"",26,161,05,Washtenaw,2006-03-01,employed_count,182937,183042,435,330
LAUCN261610000000005,2006,M04,182914,"",26,161,05,Washtenaw,2006-04-01,employed_count,183372,184217,-458,-1303
LAUCN261610000000005,2006,M05,180085,"",26,161,05,Washtenaw,2006-05-01,employed_count,182914,181880,-2829,-1795
LAUCN261610000000005,2006,M06,181164,"",26,161,05,Washtenaw,2006-06-01,employed_count,180085,181269,1079,-105
LAUCN261610000000005,2006,M07,176576,"",26,161,05,Washtenaw,2006-07-01,employed_count,181164,176915,-4588,-339
LAUCN261610000000005,2006,M08,177766,"",26,161,05,Washtenaw,2006-08-01,employed_count,176576,179298,1190,-1532
LAUCN261610000000005,2006,M09,179766,"",26,161,05,Washtenaw,2006-09-01,employed_count,177766,180757,2000,-991
LAUCN261610000000005,2006,M10,180768,"",26,161,05,Washtenaw,2006-10-01,employed_count,179766,184162,1002,-3394
LAUCN261610000000005,2006,M11,183137,"",26,161,05,Washtenaw,2006-11-01,employed_count,180768,186133,2369,-2996
LAUCN261610000000005,2006,M12,182695,"",26,161,05,Washtenaw,2006-12-01,employed_count,183137,184273,-442,-1578
LAUCN261610000000005,2007,M01,178576,"",26,161,05,Washtenaw,2007-01-01,employed_count,182695,181875,-4119,-3299
LAUCN261610000000005,2007,M02,180238,"",26,161,05,Washtenaw,2007-02-01,employed_count,178576,182937,1662,-2699
LAUCN261610000000005,2007,M03,180744,"",26,161,05,Washtenaw,2007-03-01,employed_count,180238,183372,506,-2628
LAUCN261610000000005,2007,M04,180056,"",26,161,05,Washtenaw,2007-04-01,employed_count,180744,182914,-688,-2858
LAUCN261610000000005,2007,M05,177736,"",26,161,05,Washtenaw,2007-05-01,employed_count,180056,180085,-2320,-2349
LAUCN261610000000005,2007,M06,178489,"",26,161,05,Washtenaw,2007-06-01,employed_count,177736,181164,753,-2675
LAUCN261610000000005,2007,M07,176445,"",26,161,05,Washtenaw,2007-07-01,employed_count,178489,176576,-2044,-131
LAUCN261610000000005,2007,M08,176929,"",26,161,05,Washtenaw,2007-08-01,employed_count,176445,177766,484,-837
LAUCN261610000000005,2007,M09,178056,"",26,161,05,Washtenaw,2007-09-01,employed_count,176929,179766,1127,-1710
LAUCN261610000000005,2007,M10,179409,"",26,161,05,Washtenaw,2007-10-01,employed_count,178056,180768,1353,-1359
LAUCN261610000000005,2007,M11,182386,"",26,161,05,Washtenaw,2007-11-01,employed_count,179409,183137,2977,-751
LAUCN261610000000005,2007,M12,180996,"",26,161,05,Washtenaw,2007-12-01,employed_count,182386,182695,-1390,-1699
LAUCN261610000000005,2008,M01,177493,"",26,161,05,Washtenaw,2008-01-01,employed_count,180996,178576,-3503,-1083
LAUCN261610000000005,2008,M02,178271,"",26,161,05,Washtenaw,2008-02-01,employed_count,177493,180238,778,-1967
LAUCN261610000000005,2008,M03,178654,"",26,161,05,Washtenaw,2008-03-01,employed_count,178271,180744,383,-2090
LAUCN261610000000005,2008,M04,177436,"",26,161,05,Washtenaw,2008-04-01,employed_count,178654,180056,-1218,-2620
LAUCN261610000000005,2008,M05,174777,"",26,161,05,Washtenaw,2008-05-01,employed_count,177436,177736,-2659,-2959
LAUCN261610000000005,2008,M06,176512,"",26,161,05,Washtenaw,2008-06-01,employed_count,174777,178489,1735,-1977
LAUCN261610000000005,2008,M07,173666,"",26,161,05,Washtenaw,2008-07-01,employed_count,176512,176445,-2846,-2779
LAUCN261610000000005,2008,M08,173791,"",26,161,05,Washtenaw,2008-08-01,employed_count,173666,176929,125,-3138
LAUCN261610000000005,2008,M09,173389,"",26,161,05,Washtenaw,2008-09-01,employed_count,173791,178056,-402,-4667
LAUCN261610000000005,2008,M10,175597,"",26,161,05,Washtenaw,2008-10-01,employed_count,173389,179409,2208,-3812
LAUCN261610000000005,2008,M11,176493,"",26,161,05,Washtenaw,2008-11-01,employed_count,175597,182386,896,-5893
LAUCN261610000000005,2008,M12,173631,"",26,161,05,Washtenaw,2008-12-01,employed_count,176493,180996,-2862,-7365
LAUCN261610000000005,2009,M01,172032,"",26,161,05,Washtenaw,2009-01-01,employed_count,173631,177493,-1599,-5461
LAUCN261610000000005,2009,M02,172597,"",26,161,05,Washtenaw,2009-02-01,employed_count,172032,178271,565,-5674
LAUCN261610000000005,2009,M03,171684,"",26,161,05,Washtenaw,2009-03-01,employed_count,172597,178654,-913,-6970
LAUCN261610000000005,2009,M04,171084,"",26,161,05,Washtenaw,2009-04-01,employed_count,171684,177436,-600,-6352
LAUCN261610000000005,2009,M05,168476,"",26,161,05,Washtenaw,2009-05-01,employed_count,171084,174777,-2608,-6301
LAUCN261610000000005,2009,M06,167456,"",26,161,05,Washtenaw,2009-06-01,employed_count,168476,176512,-1020,-9056
LAUCN261610000000005,2009,M07,166338,"",26,161,05,Washtenaw,2009-07-01,employed_count,167456,173666,-1118,-7328
LAUCN261610000000005,2009,M08,166160,"",26,161,05,Washtenaw,2009-08-01,employed_count,166338,173791,-178,-7631
LAUCN261610000000005,2009,M09,166065,"",26,161,05,Washtenaw,2009-09-01,employed_count,166160,173389,-95,-7324
LAUCN261610000000005,2009,M10,168424,"",26,161,05,Washtenaw,2009-10-01,employed_count,166065,175597,2359,-7173
LAUCN261610000000005,2009,M11,170238,"",26,161,05,Washtenaw,2009-11-01,employed_count,168424,176493,1814,-6255
LAUCN261610000000005,2009,M12,167849,"",26,161,05,Washtenaw,2009-12-01,employed_count,170238,173631,-2389,-5782
LAUCN261610000000005,2010,M01,165446,"",26,161,05,Washtenaw,2010-01-01,employed_count,167849,172032,-2403,-6586
LAUCN261610000000005,2010,M02,167213,"",26,161,05,Washtenaw,2010-02-01,employed_count,165446,172597,1767,-5384
LAUCN261610000000005,2010,M03,165812,"",26,161,05,Washtenaw,2010-03-01,employed_count,167213,171684,-1401,-5872
LAUCN261610000000005,2010,M04,167199,"",26,161,05,Washtenaw,2010-04-01,employed_count,165812,171084,1387,-3885
LAUCN261610000000005,2010,M05,165626,"",26,161,05,Washtenaw,2010-05-01,employed_count,167199,168476,-1573,-2850
LAUCN261610000000005,2010,M06,164694,"",26,161,05,Washtenaw,2010-06-01,employed_count,165626,167456,-932,-2762
LAUCN261610000000005,2010,M07,164524,"",26,161,05,Washtenaw,2010-07-01,employed_count,164694,166338,-170,-1814
LAUCN261610000000005,2010,M08,164370,"",26,161,05,Washtenaw,2010-08-01,employed_count,164524,166160,-154,-1790
LAUCN261610000000005,2010,M09,166132,"",26,161,05,Washtenaw,2010-09-01,employed_count,164370,166065,1762,67
LAUCN261610000000005,2010,M10,168352,"",26,161,05,Washtenaw,2010-10-01,employed_count,166132,168424,2220,-72
LAUCN261610000000005,2010,M11,171514,"",26,161,05,Washtenaw,2010-11-01,employed_count,168352,170238,3162,1276
LAUCN261610000000005,2010,M12,170895,"",26,161,05,Washtenaw,2010-12-01,employed_count,171514,167849,-619,3046
LAUCN261610000000005,2011,M01,167825,"",26,161,05,Washtenaw,2011-01-01,employed_count,170895,165446,-3070,2379
LAUCN261610000000005,2011,M02,169152,"",26,161,05,Washtenaw,2011-02-01,employed_count,167825,167213,1327,1939
LAUCN261610000000005,2011,M03,169670,"",26,161,05,Washtenaw,2011-03-01,employed_count,169152,165812,518,3858
LAUCN261610000000005,2011,M04,170049,"",26,161,05,Washtenaw,2011-04-01,employed_count,169670,167199,379,2850
LAUCN261610000000005,2011,M05,168073,"",26,161,05,Washtenaw,2011-05-01,employed_count,170049,165626,-1976,2447
LAUCN261610000000005,2011,M06,165885,"",26,161,05,Washtenaw,2011-06-01,employed_count,168073,164694,-2188,1191
LAUCN261610000000005,2011,M07,165252,"",26,161,05,Washtenaw,2011-07-01,employed_count,165885,164524,-633,728
LAUCN261610000000005,2011,M08,165213,"",26,161,05,Washtenaw,2011-08-01,employed_count,165252,164370,-39,843
LAUCN261610000000005,2011,M09,167493,"",26,161,05,Washtenaw,2011-09-01,employed_count,165213,166132,2280,1361
LAUCN261610000000005,2011,M10,170521,"",26,161,05,Washtenaw,2011-10-01,employed_count,167493,168352,3028,2169
LAUCN261610000000005,2011,M11,173711,"",26,161,05,Washtenaw,2011-11-01,employed_count,170521,171514,3190,2197
LAUCN261610000000005,2011,M12,171488,"",26,161,05,Washtenaw,2011-12-01,employed_count,173711,170895,-2223,593
LAUCN261610000000005,2012,M01,168757,"",26,161,05,Washtenaw,2012-01-01,employed_count,171488,167825,-2731,932
LAUCN261610000000005,2012,M02,170915,"",26,161,05,Washtenaw,2012-02-01,employed_count,168757,169152,2158,1763
LAUCN261610000000005,2012,M03,170738,"",26,161,05,Washtenaw,2012-03-01,employed_count,170915,169670,-177,1068
LAUCN261610000000005,2012,M04,172777,"",26,161,05,Washtenaw,2012-04-01,employed_count,170738,170049,2039,2728
LAUCN261610000000005,2012,M05,171728,"",26,161,05,Washtenaw,2012-05-01,employed_count,172777,168073,-1049,3655
LAUCN261610000000005,2012,M06,169946,"",26,161,05,Washtenaw,2012-06-01,employed_count,171728,165885,-1782,4061
LAUCN261610000000005,2012,M07,168552,"",26,161,05,Washtenaw,2012-07-01,employed_count,169946,165252,-1394,3300
LAUCN261610000000005,2012,M08,168692,"",26,161,05,Washtenaw,2012-08-01,employed_count,168552,165213,140,3479
LAUCN261610000000005,2012,M09,171137,"",26,161,05,Washtenaw,2012-09-01,employed_count,168692,167493,2445,3644
LAUCN261610000000005,2012,M10,173939,"",26,161,05,Washtenaw,2012-10-01,employed_count,171137,170521,2802,3418
LAUCN261610000000005,2012,M11,176166,"",26,161,05,Washtenaw,2012-11-01,employed_count,173939,173711,2227,2455
LAUCN261610000000005,2012,M12,173740,"",26,161,05,Washtenaw,2012-12-01,employed_count,176166,171488,-2426,2252
LAUCN261610000000005,2013,M01,171316,"",26,161,05,Washtenaw,2013-01-01,employed_count,173740,168757,-2424,2559
LAUCN261610000000005,2013,M02,173982,"",26,161,05,Washtenaw,2013-02-01,employed_count,171316,170915,2666,3067
LAUCN261610000000005,2013,M03,173969,"",26,161,05,Washtenaw,2013-03-01,employed_count,173982,170738,-13,3231
LAUCN261610000000005,2013,M04,175875,"",26,161,05,Washtenaw,2013-04-01,employed_count,173969,172777,1906,3098
LAUCN261610000000005,2013,M05,175164,"",26,161,05,Washtenaw,2013-05-01,employed_count,175875,171728,-711,3436
LAUCN261610000000005,2013,M06,172011,"",26,161,05,Washtenaw,2013-06-01,employed_count,175164,169946,-3153,2065
LAUCN261610000000005,2013,M07,169974,"",26,161,05,Washtenaw,2013-07-01,employed_count,172011,168552,-2037,1422
LAUCN261610000000005,2013,M08,170538,"",26,161,05,Washtenaw,2013-08-01,employed_count,169974,168692,564,1846
LAUCN261610000000005,2013,M09,172942,"",26,161,05,Washtenaw,2013-09-01,employed_count,170538,171137,2404,1805
LAUCN261610000000005,2013,M10,174181,"",26,161,05,Washtenaw,2013-10-01,employed_count,172942,173939,1239,242
LAUCN261610000000005,2013,M11,178234,"",26,161,05,Washtenaw,2013-11-01,employed_count,174181,176166,4053,2068
LAUCN261610000000005,2013,M12,174797,"",26,161,05,Washtenaw,2013-12-01,employed_count,178234,173740,-3437,1057
LAUCN261610000000005,2014,M01,173406,"",26,161,05,Washtenaw,2014-01-01,employed_count,174797,171316,-1391,2090
LAUCN261610000000005,2014,M02,176883,"",26,161,05,Washtenaw,2014-02-01,employed_count,173406,173982,3477,2901
LAUCN261610000000005,2014,M03,177357,"",26,161,05,Washtenaw,2014-03-01,employed_count,176883,173969,474,3388
LAUCN261610000000005,2014,M04,179450,"",26,161,05,Washtenaw,2014-04-01,employed_count,177357,175875,2093,3575
LAUCN261610000000005,2014,M05,179370,"",26,161,05,Washtenaw,2014-05-01,employed_count,179450,175164,-80,4206
LAUCN261610000000005,2014,M06,176753,"",26,161,05,Washtenaw,2014-06-01,employed_count,179370,172011,-2617,4742
LAUCN261610000000005,2014,M07,175642,"",26,161,05,Washtenaw,2014-07-01,employed_count,176753,169974,-1111,5668
LAUCN261610000000005,2014,M08,176461,"",26,161,05,Washtenaw,2014-08-01,employed_count,175642,170538,819,5923
LAUCN261610000000005,2014,M09,177409,"",26,161,05,Washtenaw,2014-09-01,employed_count,176461,172942,948,4467
LAUCN261610000000005,2014,M10,182226,"",26,161,05,Washtenaw,2014-10-01,employed_count,177409,174181,4817,8045
LAUCN261610000000005,2014,M11,184727,"",26,161,05,Washtenaw,2014-11-01,employed_count,182226,178234,2501,6493
LAUCN261610000000005,2014,M12,182885,"",26,161,05,Washtenaw,2014-12-01,employed_count,184727,174797,-1842,8088
LAUCN261610000000005,2015,M01,179411,"",26,161,05,Washtenaw,2015-01-01,employed_count,182885,173406,-3474,6005
LAUCN261610000000005,2015,M02,181932,"",26,161,05,Washtenaw,2015-02-01,employed_count,179411,176883,2521,5049
LAUCN261610000000005,2015,M03,182399,"",26,161,05,Washtenaw,2015-03-01,employed_count,181932,177357,467,5042
LAUCN261610000000005,2015,M04,183994,"",26,161,05,Washtenaw,2015-04-01,employed_count,182399,179450,1595,4544
LAUCN261610000000005,2015,M05,183743,"",26,161,05,Washtenaw,2015-05-01,employed_count,183994,179370,-251,4373
LAUCN261610000000005,2015,M06,180302,"",26,161,05,Washtenaw,2015-06-01,employed_count,183743,176753,-3441,3549
LAUCN261610000000005,2015,M07,179746,"",26,161,05,Washtenaw,2015-07-01,employed_count,180302,175642,-556,4104
LAUCN261610000000005,2015,M08,179808,"",26,161,05,Washtenaw,2015-08-01,employed_count,179746,176461,62,3347
LAUCN261610000000005,2015,M09,178863,"",26,161,05,Washtenaw,2015-09-01,employed_count,179808,177409,-945,1454
LAUCN261610000000005,2015,M10,184642,"",26,161,05,Washtenaw,2015-10-01,employed_count,178863,182226,5779,2416
LAUCN261610000000005,2015,M11,187264,"",26,161,05,Washtenaw,2015-11-01,employed_count,184642,184727,2622,2537
LAUCN261610000000005,2015,M12,186001,"",26,161,05,Washtenaw,2015-12-01,employed_count,187264,182885,-1263,3116
LAUCN261610000000005,2016,M01,186119,T,26,161,05,Washtenaw,2016-01-01,employed_count,186001,179411,118,6708
LAUCN261610000000005,2016,M02,189297,T,26,161,05,Washtenaw,2016-02-01,employed_count,186119,181932,3178,7365
LAUCN261610000000005,2016,M03,189231,T,26,161,05,Washtenaw,2016-03-01,employed_count,189297,182399,-66,6832
LAUCN261610000000005,2016,M04,191300,T,26,161,05,Washtenaw,2016-04-01,employed_count,189231,183994,2069,7306
LAUCN261610000000005,2016,M05,186962,T,26,161,05,Washtenaw,2016-05-01,employed_count,191300,183743,-4338,3219
LAUCN261610000000005,2016,M06,185114,T,26,161,05,Washtenaw,2016-06-01,employed_count,186962,180302,-1848,4812
LAUCN261610000000005,2016,M07,184029,T,26,161,05,Washtenaw,2016-07-01,employed_count,185114,179746,-1085,4283
LAUCN261610000000005,2016,M08,184935,T,26,161,05,Washtenaw,2016-08-01,employed_count,184029,179808,906,5127
LAUCN261610000000005,2016,M09,188774,T,26,161,05,Washtenaw,2016-09-01,employed_count,184935,178863,3839,9911
LAUCN261610000000005,2016,M10,189983,T,26,161,05,Washtenaw,2016-10-01,employed_count,188774,184642,1209,5341
LAUCN261610000000005,2016,M11,193189,T,26,161,05,Washtenaw,2016-11-01,employed_count,189983,187264,3206,5925
LAUCN261610000000005,2016,M12,190540,T,26,161,05,Washtenaw,2016-12-01,employed_count,193189,186001,-2649,4539
LAUCN261610000000005,2017,M01,188121,T,26,161,05,Washtenaw,2017-01-01,employed_count,190540,186119,-2419,2002
LAUCN261610000000005,2017,M02,190271,T,26,161,05,Washtenaw,2017-02-01,employed_count,188121,189297,2150,974
LAUCN261610000000005,2017,M03,191601,T,26,161,05,Washtenaw,2017-03-01,employed_count,190271,189231,1330,2370
LAUCN261610000000005,2017,M04,192758,T,26,161,05,Washtenaw,2017-04-01,employed_count,191601,191300,1157,1458
LAUCN261610000000005,2017,M05,188638,T,26,161,05,Washtenaw,2017-05-01,employed_count,192758,186962,-4120,1676
LAUCN261610000000005,2017,M06,187564,T,26,161,05,Washtenaw,2017-06-01,employed_count,188638,185114,-1074,2450
LAUCN261610000000005,2017,M07,186514,T,26,161,05,Washtenaw,2017-07-01,employed_count,187564,184029,-1050,2485
LAUCN261610000000005,2017,M08,186961,T,26,161,05,Washtenaw,2017-08-01,employed_count,186514,184935,447,2026
LAUCN261610000000005,2017,M09,191548,T,26,161,05,Washtenaw,2017-09-01,employed_count,186961,188774,4587,2774
LAUCN261610000000005,2017,M10,192895,T,26,161,05,Washtenaw,2017-10-01,employed_count,191548,189983,1347,2912
LAUCN261610000000005,2017,M11,195951,T,26,161,05,Washtenaw,2017-11-01,employed_count,192895,193189,3056,2762
LAUCN261610000000005,2017,M12,193243,T,26,161,05,Washtenaw,2017-12-01,employed_count,195951,190540,-2708,2703
LAUCN261610000000005,2018,M01,190523,T,26,161,05,Washtenaw,2018-01-01,employed_count,193243,188121,-2720,2402
LAUCN261610000000005,2018,M02,194188,T,26,161,05,Washtenaw,2018-02-01,employed_count,190523,190271,3665,3917
LAUCN261610000000005,2018,M03,195175,T,26,161,05,Washtenaw,2018-03-01,employed_count,194188,191601,987,3574
LAUCN261610000000005,2018,M04,195413,T,26,161,05,Washtenaw,2018-04-01,employed_count,195175,192758,238,2655
LAUCN261610000000005,2018,M05,191914,T,26,161,05,Washtenaw,2018-05-01,employed_count,195413,188638,-3499,3276
LAUCN261610000000005,2018,M06,190678,T,26,161,05,Washtenaw,2018-06-01,employed_count,191914,187564,-1236,3114
LAUCN261610000000005,2018,M07,190603,T,26,161,05,Washtenaw,2018-07-01,employed_count,190678,186514,-75,4089
LAUCN261610000000005,2018,M08,189449,T,26,161,05,Washtenaw,2018-08-01,employed_count,190603,186961,-1154,2488
LAUCN261610000000005,2018,M09,192966,T,26,161,05,Washtenaw,2018-09-01,employed_count,189449,191548,3517,1418
LAUCN261610000000005,2018,M10,196337,T,26,161,05,Washtenaw,2018-10-01,employed_count,192966,192895,3371,3442
LAUCN261610000000005,2018,M11,199473,T,26,161,05,Washtenaw,2018-11-01,employed_count,196337,195951,3136,3522
LAUCN261610000000005,2018,M12,196923,T,26,161,05,Washtenaw,2018-12-01,employed_count,199473,193243,-2550,3680
LAUCN261610000000005,2019,M01,192682,T,26,161,05,Washtenaw,2019-01-01,employed_count,196923,190523,-4241,2159
LAUCN261610000000005,2019,M02,196777,T,26,161,05,Washtenaw,2019-02-01,employed_count,192682,194188,4095,2589
LAUCN261610000000005,2019,M03,197357,T,26,161,05,Washtenaw,2019-03-01,employed_count,196777,195175,580,2182
LAUCN261610000000005,2019,M04,197134,T,26,161,05,Washtenaw,2019-04-01,employed_count,197357,195413,-223,1721
LAUCN261610000000005,2019,M05,195920,T,26,161,05,Washtenaw,2019-05-01,employed_count,197134,191914,-1214,4006
LAUCN261610000000005,2019,M06,193057,T,26,161,05,Washtenaw,2019-06-01,employed_count,195920,190678,-2863,2379
LAUCN261610000000005,2019,M07,193299,T,26,161,05,Washtenaw,2019-07-01,employed_count,193057,190603,242,2696
LAUCN261610000000005,2019,M08,193609,T,26,161,05,Washtenaw,2019-08-01,employed_count,193299,189449,310,4160
LAUCN261610000000005,2019,M09,197069,T,26,161,05,Washtenaw,2019-09-01,employed_count,193609,192966,3460,4103
LAUCN261610000000005,2019,M10,199135,T,26,161,05,Washtenaw,2019-10-01,employed_count,197069,196337,2066,2798
LAUCN261610000000005,2019,M11,202993,T,26,161,05,Washtenaw,2019-11-01,employed_count,199135,199473,3858,3520
LAUCN261610000000005,2019,M12,200905,T,26,161,05,Washtenaw,2019-12-01,employed_count,202993,196923,-2088,3982
LAUCN261610000000005,2020,M01,197322,T,26,161,05,Washtenaw,2020-01-01,employed_count,200905,192682,-3583,4640
LAUCN261610000000005,2020,M02,200658,T,26,161,05,Washtenaw,2020-02-01,employed_count,197322,196777,3336,3881
LAUCN261610000000005,2020,M03,197153,T,26,161,05,Washtenaw,2020-03-01,employed_count,200658,197357,-3505,-204
LAUCN261610000000005,2020,M04,158822,T,26,161,05,Washtenaw,2020-04-01,employed_count,197153,197134,-38331,-38312
LAUCN261610000000005,2020,M05,169270,T,26,161,05,Washtenaw,2020-05-01,employed_count,158822,195920,10448,-26650
LAUCN261610000000005,2020,M06,181948,T,26,161,05,Washtenaw,2020-06-01,employed_count,169270,193057,12678,-11109
LAUCN261610000000005,2020,M07,179736,T,26,161,05,Washtenaw,2020-07-01,employed_count,181948,193299,-2212,-13563
LAUCN261610000000005,2020,M08,183366,T,26,161,05,Washtenaw,2020-08-01,employed_count,179736,193609,3630,-10243
LAUCN261610000000005,2020,M09,184311,T,26,161,05,Washtenaw,2020-09-01,employed_count,183366,197069,945,-12758
LAUCN261610000000005,2020,M10,186711,T,26,161,05,Washtenaw,2020-10-01,employed_count,184311,199135,2400,-12424
LAUCN261610000000005,2020,M11,187599,T,26,161,05,Washtenaw,2020-11-01,employed_count,186711,202993,888,-15394
LAUCN261610000000005,2020,M12,183558,T,26,161,05,Washtenaw,2020-12-01,employed_count,187599,200905,-4041,-17347
LAUCN261610000000005,2021,M01,181433,T,26,161,05,Washtenaw,2021-01-01,employed_count,183558,197322,-2125,-15889
LAUCN261610000000005,2021,M02,183502,T,26,161,05,Washtenaw,2021-02-01,employed_count,181433,200658,2069,-17156
LAUCN261610000000005,2021,M03,183689,T,26,161,05,Washtenaw,2021-03-01,employed_count,183502,197153,187,-13464
LAUCN261610000000005,2021,M04,183087,T,26,161,05,Washtenaw,2021-04-01,employed_count,183689,158822,-602,24265
LAUCN261610000000005,2021,M05,181402,T,26,161,05,Washtenaw,2021-05-01,employed_count,183087,169270,-1685,12132
LAUCN261610000000005,2021,M06,178524,T,26,161,05,Washtenaw,2021-06-01,employed_count,181402,181948,-2878,-3424
LAUCN261610000000005,2021,M07,181268,T,26,161,05,Washtenaw,2021-07-01,employed_count,178524,179736,2744,1532
LAUCN261610000000005,2021,M08,182470,T,26,161,05,Washtenaw,2021-08-01,employed_count,181268,183366,1202,-896
LAUCN261610000000005,2021,M09,185679,T,26,161,05,Washtenaw,2021-09-01,employed_count,182470,184311,3209,1368
LAUCN261610000000005,2021,M10,187015,T,26,161,05,Washtenaw,2021-10-01,employed_count,185679,186711,1336,304
LAUCN261610000000005,2021,M11,191057,T,26,161,05,Washtenaw,2021-11-01,employed_count,187015,187599,4042,3458
LAUCN261610000000005,2021,M12,189207,T,26,161,05,Washtenaw,2021-12-01,employed_count,191057,183558,-1850,5649
LAUCN261610000000005,2022,M01,188888,T,26,161,05,Washtenaw,2022-01-01,employed_count,189207,181433,-319,7455
LAUCN261610000000005,2022,M02,190166,T,26,161,05,Washtenaw,2022-02-01,employed_count,188888,183502,1278,6664
LAUCN261610000000005,2022,M03,193134,T,26,161,05,Washtenaw,2022-03-01,employed_count,190166,183689,2968,9445
LAUCN261610000000005,2022,M04,193991,T,26,161,05,Washtenaw,2022-04-01,employed_count,193134,183087,857,10904
LAUCN261610000000005,2022,M05,192996,T,26,161,05,Washtenaw,2022-05-01,employed_count,193991,181402,-995,11594
LAUCN261610000000005,2022,M06,189493,T,26,161,05,Washtenaw,2022-06-01,employed_count,192996,178524,-3503,10969
LAUCN261610000000005,2022,M07,190253,T,26,161,05,Washtenaw,2022-07-01,employed_count,189493,181268,760,8985
LAUCN261610000000005,2022,M08,191282,T,26,161,05,Washtenaw,2022-08-01,employed_count,190253,182470,1029,8812
LAUCN261610000000005,2022,M09,194014,T,26,161,05,Washtenaw,2022-09-01,employed_count,191282,185679,2732,8335
LAUCN261610000000005,2022,M10,192528,T,26,161,05,Washtenaw,2022-10-01,employed_count,194014,187015,-1486,5513
LAUCN261610000000005,2022,M11,195728,T,26,161,05,Washtenaw,2022-11-01,employed_count,192528,191057,3200,4671
LAUCN261610000000005,2022,M12,193956,T,26,161,05,Washtenaw,2022-12-01,employed_count,195728,189207,-1772,4749
LAUCN261610000000005,2023,M01,194424,T,26,161,05,Washtenaw,2023-01-01,employed_count,193956,188888,468,5536
LAUCN261610000000005,2023,M02,195136,T,26,161,05,Washtenaw,2023-02-01,employed_count,194424,190166,712,4970
LAUCN261610000000005,2023,M03,196474,T,26,161,05,Washtenaw,2023-03-01,employed_count,195136,193134,1338,3340
LAUCN261610000000005,2023,M04,199779,T,26,161,05,Washtenaw,2023-04-01,employed_count,196474,193991,3305,5788
LAUCN261610000000005,2023,M05,199196,T,26,161,05,Washtenaw,2023-05-01,employed_count,199779,192996,-583,6200
LAUCN261610000000005,2023,M06,198638,T,26,161,05,Washtenaw,2023-06-01,employed_count,199196,189493,-558,9145
LAUCN261610000000005,2023,M07,199076,T,26,161,05,Washtenaw,2023-07-01,employed_count,198638,190253,438,8823
LAUCN261610000000005,2023,M08,199420,T,26,161,05,Washtenaw,2023-08-01,employed_count,199076,191282,344,8138
LAUCN261610000000005,2023,M09,199409,T,26,161,05,Washtenaw,2023-09-01,employed_count,199420,194014,-11,5395
LAUCN261610000000005,2023,M10,199570,T,26,161,05,Washtenaw,2023-10-01,employed_count,199409,192528,161,7042
LAUCN261610000000005,2023,M11,202940,T,26,161,05,Washtenaw,2023-11-01,employed_count,199570,195728,3370,7212
LAUCN261610000000005,2023,M12,198817,T,26,161,05,Washtenaw,2023-12-01,employed_count,202940,193956,-4123,4861
LAUCN261610000000005,2024,M01,199331,T,26,161,05,Washtenaw,2024-01-01,employed_count,198817,194424,514,4907
LAUCN261610000000005,2024,M02,198805,T,26,161,05,Washtenaw,2024-02-01,employed_count,199331,195136,-526,3669
LAUCN261610000000005,2024,M03,200689,T,26,161,05,Washtenaw,2024-03-01,employed_count,198805,196474,1884,4215
LAUCN261610000000005,2024,M04,201222,T,26,161,05,Washtenaw,2024-04-01,employed_count,200689,199779,533,1443
LAUCN261610000000005,2024,M05,201350,T,26,161,05,Washtenaw,2024-05-01,employed_count,201222,199196,128,2154
LAUCN261610000000005,2024,M06,200264,T,26,161,05,Washtenaw,2024-06-01,employed_count,201350,198638,-1086,1626
LAUCN261610000000005,2024,M07,200476,T,26,161,05,Washtenaw,2024-07-01,employed_count,200264,199076,212,1400
LAUCN261610000000005,2024,M08,199203,T,26,161,05,Washtenaw,2024-08-01,employed_count,200476,199420,-1273,-217
LAUCN261610000000005,2024,M09,201231,T,26,161,05,Washtenaw,2024-09-01,employed_count,199203,199409,2028,1822
LAUCN261610000000005,2024,M10,199673,T,26,161,05,Washtenaw,2024-10-01,employed_count,201231,199570,-1558,103
LAUCN261610000000005,2024,M11,202661,T,26,161,05,Washtenaw,2024-11-01,employed_count,199673,202940,2988,-279
LAUCN261610000000005,2024,M12,199933,T,26,161,05,Washtenaw,2024-12-01,employed_count,202661,198817,-2728,1116
LAUCN261610000000005,2025,M01,199447,T,26,161,05,Washtenaw,2025-01-01,employed_count,199933,199331,-486,116
LAUCN261610000000005,2025,M02,199367,T,26,161,05,Washtenaw,2025-02-01,employed_count,199447,198805,-80,562
LAUCN261610000000005,2025,M03,200980,T,26,161,05,Washtenaw,2025-03-01,employed_count,199367,200689,1613,291
LAUCN261610000000005,2025,M04,200806,T,26,161,05,Washtenaw,2025-04-01,employed_count,200980,201222,-174,-416
LAUCN261610000000005,2025,M05,199656,T,26,161,05,Washtenaw,2025-05-01,employed_count,200806,201350,-1150,-1694
LAUCN261610000000005,2025,M06,197818,T,26,161,05,Washtenaw,2025-06-01,employed_count,199656,200264,-1838,-2446
LAUCN261610000000005,2025,M07,198048,T,26,161,05,Washtenaw,2025-07-01,employed_count,197818,200476,230,-2428
LAUCN261610000000005,2025,M08,197759,T,26,161,05,Washtenaw,2025-08-01,employed_count,198048,199203,-289,-1444
LAUCN261610000000005,2025,M09,199357,T,26,161,05,Washtenaw,2025-09-01,employed_count,197759,201231,1598,-1874
LAUCN261610000000005,2025,M11,195790,T,26,161,05,Washtenaw,2025-11-01,employed_count,199357,199673,-3567,-3883
LAUCN261610000000005,2025,M12,192882,T,26,161,05,Washtenaw,2025-12-01,employed_count,195790,202661,-2908,-9779
LAUCN261610000000005,2026,M01,192404,"",26,161,05,Washtenaw,2026-01-01,employed_count,192882,199933,-478,-7529
LAUCN261610000000005,2026,M02,193431,"",26,161,05,Washtenaw,2026-02-01,employed_count,192404,199447,1027,-6016
LAUCN261610000000005,2026,M03,192155,"",26,161,05,Washtenaw,2026-03-01,employed_count,193431,199367,-1276,-7212
LAUCN261610000000005,2026,M04,187824,P,26,161,05,Washtenaw,2026-04-01,employed_count,192155,200980,-4331,-13156
LAUCN261610000000006,1990,M01,158362,"",26,161,06,Washtenaw,1990-01-01,labor_force,,,,
LAUCN261610000000006,1990,M02,159868,"",26,161,06,Washtenaw,1990-02-01,labor_force,158362,,1506,
LAUCN261610000000006,1990,M03,160611,"",26,161,06,Washtenaw,1990-03-01,labor_force,159868,,743,
LAUCN261610000000006,1990,M04,158242,"",26,161,06,Washtenaw,1990-04-01,labor_force,160611,,-2369,
LAUCN261610000000006,1990,M05,158686,"",26,161,06,Washtenaw,1990-05-01,labor_force,158242,,444,
LAUCN261610000000006,1990,M06,159984,"",26,161,06,Washtenaw,1990-06-01,labor_force,158686,,1298,
LAUCN261610000000006,1990,M07,157916,"",26,161,06,Washtenaw,1990-07-01,labor_force,159984,,-2068,
LAUCN261610000000006,1990,M08,156058,"",26,161,06,Washtenaw,1990-08-01,labor_force,157916,,-1858,
LAUCN261610000000006,1990,M09,157316,"",26,161,06,Washtenaw,1990-09-01,labor_force,156058,,1258,
LAUCN261610000000006,1990,M10,159290,"",26,161,06,Washtenaw,1990-10-01,labor_force,157316,,1974,
LAUCN261610000000006,1990,M11,160191,"",26,161,06,Washtenaw,1990-11-01,labor_force,159290,,901,
LAUCN261610000000006,1990,M12,159902,"",26,161,06,Washtenaw,1990-12-01,labor_force,160191,,-289,
LAUCN261610000000006,1991,M01,154977,"",26,161,06,Washtenaw,1991-01-01,labor_force,159902,158362,-4925,-3385
LAUCN261610000000006,1991,M02,158205,"",26,161,06,Washtenaw,1991-02-01,labor_force,154977,159868,3228,-1663
LAUCN261610000000006,1991,M03,157664,"",26,161,06,Washtenaw,1991-03-01,labor_force,158205,160611,-541,-2947
LAUCN261610000000006,1991,M04,158782,"",26,161,06,Washtenaw,1991-04-01,labor_force,157664,158242,1118,540
LAUCN261610000000006,1991,M05,157179,"",26,161,06,Washtenaw,1991-05-01,labor_force,158782,158686,-1603,-1507
LAUCN261610000000006,1991,M06,157143,"",26,161,06,Washtenaw,1991-06-01,labor_force,157179,159984,-36,-2841
LAUCN261610000000006,1991,M07,155451,"",26,161,06,Washtenaw,1991-07-01,labor_force,157143,157916,-1692,-2465
LAUCN261610000000006,1991,M08,154053,"",26,161,06,Washtenaw,1991-08-01,labor_force,155451,156058,-1398,-2005
LAUCN261610000000006,1991,M09,156053,"",26,161,06,Washtenaw,1991-09-01,labor_force,154053,157316,2000,-1263
LAUCN261610000000006,1991,M10,158495,"",26,161,06,Washtenaw,1991-10-01,labor_force,156053,159290,2442,-795
LAUCN261610000000006,1991,M11,159297,"",26,161,06,Washtenaw,1991-11-01,labor_force,158495,160191,802,-894
LAUCN261610000000006,1991,M12,158204,"",26,161,06,Washtenaw,1991-12-01,labor_force,159297,159902,-1093,-1698
LAUCN261610000000006,1992,M01,157875,"",26,161,06,Washtenaw,1992-01-01,labor_force,158204,154977,-329,2898
LAUCN261610000000006,1992,M02,162786,"",26,161,06,Washtenaw,1992-02-01,labor_force,157875,158205,4911,4581
LAUCN261610000000006,1992,M03,162749,"",26,161,06,Washtenaw,1992-03-01,labor_force,162786,157664,-37,5085
LAUCN261610000000006,1992,M04,160353,"",26,161,06,Washtenaw,1992-04-01,labor_force,162749,158782,-2396,1571
LAUCN261610000000006,1992,M05,160876,"",26,161,06,Washtenaw,1992-05-01,labor_force,160353,157179,523,3697
LAUCN261610000000006,1992,M06,162498,"",26,161,06,Washtenaw,1992-06-01,labor_force,160876,157143,1622,5355
LAUCN261610000000006,1992,M07,161333,"",26,161,06,Washtenaw,1992-07-01,labor_force,162498,155451,-1165,5882
LAUCN261610000000006,1992,M08,159773,"",26,161,06,Washtenaw,1992-08-01,labor_force,161333,154053,-1560,5720
LAUCN261610000000006,1992,M09,158832,"",26,161,06,Washtenaw,1992-09-01,labor_force,159773,156053,-941,2779
LAUCN261610000000006,1992,M10,160116,"",26,161,06,Washtenaw,1992-10-01,labor_force,158832,158495,1284,1621
LAUCN261610000000006,1992,M11,164696,"",26,161,06,Washtenaw,1992-11-01,labor_force,160116,159297,4580,5399
LAUCN261610000000006,1992,M12,164072,"",26,161,06,Washtenaw,1992-12-01,labor_force,164696,158204,-624,5868
LAUCN261610000000006,1993,M01,159731,"",26,161,06,Washtenaw,1993-01-01,labor_force,164072,157875,-4341,1856
LAUCN261610000000006,1993,M02,161887,"",26,161,06,Washtenaw,1993-02-01,labor_force,159731,162786,2156,-899
LAUCN261610000000006,1993,M03,161474,"",26,161,06,Washtenaw,1993-03-01,labor_force,161887,162749,-413,-1275
LAUCN261610000000006,1993,M04,161915,"",26,161,06,Washtenaw,1993-04-01,labor_force,161474,160353,441,1562
LAUCN261610000000006,1993,M05,161290,"",26,161,06,Washtenaw,1993-05-01,labor_force,161915,160876,-625,414
LAUCN261610000000006,1993,M06,163723,"",26,161,06,Washtenaw,1993-06-01,labor_force,161290,162498,2433,1225
LAUCN261610000000006,1993,M07,163020,"",26,161,06,Washtenaw,1993-07-01,labor_force,163723,161333,-703,1687
LAUCN261610000000006,1993,M08,160496,"",26,161,06,Washtenaw,1993-08-01,labor_force,163020,159773,-2524,723
LAUCN261610000000006,1993,M09,159463,"",26,161,06,Washtenaw,1993-09-01,labor_force,160496,158832,-1033,631
LAUCN261610000000006,1993,M10,163843,"",26,161,06,Washtenaw,1993-10-01,labor_force,159463,160116,4380,3727
LAUCN261610000000006,1993,M11,165821,"",26,161,06,Washtenaw,1993-11-01,labor_force,163843,164696,1978,1125
LAUCN261610000000006,1993,M12,166239,"",26,161,06,Washtenaw,1993-12-01,labor_force,165821,164072,418,2167
LAUCN261610000000006,1994,M01,162536,"",26,161,06,Washtenaw,1994-01-01,labor_force,166239,159731,-3703,2805
LAUCN261610000000006,1994,M02,164987,"",26,161,06,Washtenaw,1994-02-01,labor_force,162536,161887,2451,3100
LAUCN261610000000006,1994,M03,164082,"",26,161,06,Washtenaw,1994-03-01,labor_force,164987,161474,-905,2608
LAUCN261610000000006,1994,M04,164728,"",26,161,06,Washtenaw,1994-04-01,labor_force,164082,161915,646,2813
LAUCN261610000000006,1994,M05,164002,"",26,161,06,Washtenaw,1994-05-01,labor_force,164728,161290,-726,2712
LAUCN261610000000006,1994,M06,165012,"",26,161,06,Washtenaw,1994-06-01,labor_force,164002,163723,1010,1289
LAUCN261610000000006,1994,M07,163385,"",26,161,06,Washtenaw,1994-07-01,labor_force,165012,163020,-1627,365
LAUCN261610000000006,1994,M08,162684,"",26,161,06,Washtenaw,1994-08-01,labor_force,163385,160496,-701,2188
LAUCN261610000000006,1994,M09,162360,"",26,161,06,Washtenaw,1994-09-01,labor_force,162684,159463,-324,2897
LAUCN261610000000006,1994,M10,165048,"",26,161,06,Washtenaw,1994-10-01,labor_force,162360,163843,2688,1205
LAUCN261610000000006,1994,M11,166223,"",26,161,06,Washtenaw,1994-11-01,labor_force,165048,165821,1175,402
LAUCN261610000000006,1994,M12,165861,"",26,161,06,Washtenaw,1994-12-01,labor_force,166223,166239,-362,-378
LAUCN261610000000006,1995,M01,162038,"",26,161,06,Washtenaw,1995-01-01,labor_force,165861,162536,-3823,-498
LAUCN261610000000006,1995,M02,164759,"",26,161,06,Washtenaw,1995-02-01,labor_force,162038,164987,2721,-228
LAUCN261610000000006,1995,M03,165417,"",26,161,06,Washtenaw,1995-03-01,labor_force,164759,164082,658,1335
LAUCN261610000000006,1995,M04,164914,"",26,161,06,Washtenaw,1995-04-01,labor_force,165417,164728,-503,186
LAUCN261610000000006,1995,M05,163067,"",26,161,06,Washtenaw,1995-05-01,labor_force,164914,164002,-1847,-935
LAUCN261610000000006,1995,M06,165081,"",26,161,06,Washtenaw,1995-06-01,labor_force,163067,165012,2014,69
LAUCN261610000000006,1995,M07,164302,"",26,161,06,Washtenaw,1995-07-01,labor_force,165081,163385,-779,917
LAUCN261610000000006,1995,M08,162469,"",26,161,06,Washtenaw,1995-08-01,labor_force,164302,162684,-1833,-215
LAUCN261610000000006,1995,M09,163233,"",26,161,06,Washtenaw,1995-09-01,labor_force,162469,162360,764,873
LAUCN261610000000006,1995,M10,164385,"",26,161,06,Washtenaw,1995-10-01,labor_force,163233,165048,1152,-663
LAUCN261610000000006,1995,M11,163832,"",26,161,06,Washtenaw,1995-11-01,labor_force,164385,166223,-553,-2391
LAUCN261610000000006,1995,M12,163880,"",26,161,06,Washtenaw,1995-12-01,labor_force,163832,165861,48,-1981
LAUCN261610000000006,1996,M01,158428,"",26,161,06,Washtenaw,1996-01-01,labor_force,163880,162038,-5452,-3610
LAUCN261610000000006,1996,M02,163238,"",26,161,06,Washtenaw,1996-02-01,labor_force,158428,164759,4810,-1521
LAUCN261610000000006,1996,M03,164962,"",26,161,06,Washtenaw,1996-03-01,labor_force,163238,165417,1724,-455
LAUCN261610000000006,1996,M04,163866,"",26,161,06,Washtenaw,1996-04-01,labor_force,164962,164914,-1096,-1048
LAUCN261610000000006,1996,M05,164649,"",26,161,06,Washtenaw,1996-05-01,labor_force,163866,163067,783,1582
LAUCN261610000000006,1996,M06,168534,"",26,161,06,Washtenaw,1996-06-01,labor_force,164649,165081,3885,3453
LAUCN261610000000006,1996,M07,167343,"",26,161,06,Washtenaw,1996-07-01,labor_force,168534,164302,-1191,3041
LAUCN261610000000006,1996,M08,165212,"",26,161,06,Washtenaw,1996-08-01,labor_force,167343,162469,-2131,2743
LAUCN261610000000006,1996,M09,166128,"",26,161,06,Washtenaw,1996-09-01,labor_force,165212,163233,916,2895
LAUCN261610000000006,1996,M10,168382,"",26,161,06,Washtenaw,1996-10-01,labor_force,166128,164385,2254,3997
LAUCN261610000000006,1996,M11,169360,"",26,161,06,Washtenaw,1996-11-01,labor_force,168382,163832,978,5528
LAUCN261610000000006,1996,M12,169090,"",26,161,06,Washtenaw,1996-12-01,labor_force,169360,163880,-270,5210
LAUCN261610000000006,1997,M01,166830,"",26,161,06,Washtenaw,1997-01-01,labor_force,169090,158428,-2260,8402
LAUCN261610000000006,1997,M02,168708,"",26,161,06,Washtenaw,1997-02-01,labor_force,166830,163238,1878,5470
LAUCN261610000000006,1997,M03,170018,"",26,161,06,Washtenaw,1997-03-01,labor_force,168708,164962,1310,5056
LAUCN261610000000006,1997,M04,169961,"",26,161,06,Washtenaw,1997-04-01,labor_force,170018,163866,-57,6095
LAUCN261610000000006,1997,M05,169275,"",26,161,06,Washtenaw,1997-05-01,labor_force,169961,164649,-686,4626
LAUCN261610000000006,1997,M06,170603,"",26,161,06,Washtenaw,1997-06-01,labor_force,169275,168534,1328,2069
LAUCN261610000000006,1997,M07,169294,"",26,161,06,Washtenaw,1997-07-01,labor_force,170603,167343,-1309,1951
LAUCN261610000000006,1997,M08,167846,"",26,161,06,Washtenaw,1997-08-01,labor_force,169294,165212,-1448,2634
LAUCN261610000000006,1997,M09,169832,"",26,161,06,Washtenaw,1997-09-01,labor_force,167846,166128,1986,3704
LAUCN261610000000006,1997,M10,172332,"",26,161,06,Washtenaw,1997-10-01,labor_force,169832,168382,2500,3950
LAUCN261610000000006,1997,M11,174699,"",26,161,06,Washtenaw,1997-11-01,labor_force,172332,169360,2367,5339
LAUCN261610000000006,1997,M12,174622,"",26,161,06,Washtenaw,1997-12-01,labor_force,174699,169090,-77,5532
LAUCN261610000000006,1998,M01,172559,"",26,161,06,Washtenaw,1998-01-01,labor_force,174622,166830,-2063,5729
LAUCN261610000000006,1998,M02,173935,"",26,161,06,Washtenaw,1998-02-01,labor_force,172559,168708,1376,5227
LAUCN261610000000006,1998,M03,174792,"",26,161,06,Washtenaw,1998-03-01,labor_force,173935,170018,857,4774
LAUCN261610000000006,1998,M04,173709,"",26,161,06,Washtenaw,1998-04-01,labor_force,174792,169961,-1083,3748
LAUCN261610000000006,1998,M05,173593,"",26,161,06,Washtenaw,1998-05-01,labor_force,173709,169275,-116,4318
LAUCN261610000000006,1998,M06,173643,"",26,161,06,Washtenaw,1998-06-01,labor_force,173593,170603,50,3040
LAUCN261610000000006,1998,M07,170410,"",26,161,06,Washtenaw,1998-07-01,labor_force,173643,169294,-3233,1116
LAUCN261610000000006,1998,M08,171885,"",26,161,06,Washtenaw,1998-08-01,labor_force,170410,167846,1475,4039
LAUCN261610000000006,1998,M09,173663,"",26,161,06,Washtenaw,1998-09-01,labor_force,171885,169832,1778,3831
LAUCN261610000000006,1998,M10,175255,"",26,161,06,Washtenaw,1998-10-01,labor_force,173663,172332,1592,2923
LAUCN261610000000006,1998,M11,177745,"",26,161,06,Washtenaw,1998-11-01,labor_force,175255,174699,2490,3046
LAUCN261610000000006,1998,M12,177600,"",26,161,06,Washtenaw,1998-12-01,labor_force,177745,174622,-145,2978
LAUCN261610000000006,1999,M01,174910,"",26,161,06,Washtenaw,1999-01-01,labor_force,177600,172559,-2690,2351
LAUCN261610000000006,1999,M02,177589,"",26,161,06,Washtenaw,1999-02-01,labor_force,174910,173935,2679,3654
LAUCN261610000000006,1999,M03,177553,"",26,161,06,Washtenaw,1999-03-01,labor_force,177589,174792,-36,2761
LAUCN261610000000006,1999,M04,176750,"",26,161,06,Washtenaw,1999-04-01,labor_force,177553,173709,-803,3041
LAUCN261610000000006,1999,M05,176573,"",26,161,06,Washtenaw,1999-05-01,labor_force,176750,173593,-177,2980
LAUCN261610000000006,1999,M06,178195,"",26,161,06,Washtenaw,1999-06-01,labor_force,176573,173643,1622,4552
LAUCN261610000000006,1999,M07,177346,"",26,161,06,Washtenaw,1999-07-01,labor_force,178195,170410,-849,6936
LAUCN261610000000006,1999,M08,175873,"",26,161,06,Washtenaw,1999-08-01,labor_force,177346,171885,-1473,3988
LAUCN261610000000006,1999,M09,176107,"",26,161,06,Washtenaw,1999-09-01,labor_force,175873,173663,234,2444
LAUCN261610000000006,1999,M10,177934,"",26,161,06,Washtenaw,1999-10-01,labor_force,176107,175255,1827,2679
LAUCN261610000000006,1999,M11,180140,"",26,161,06,Washtenaw,1999-11-01,labor_force,177934,177745,2206,2395
LAUCN261610000000006,1999,M12,179883,"",26,161,06,Washtenaw,1999-12-01,labor_force,180140,177600,-257,2283
LAUCN261610000000006,2000,M01,184691,"",26,161,06,Washtenaw,2000-01-01,labor_force,179883,174910,4808,9781
LAUCN261610000000006,2000,M02,187829,"",26,161,06,Washtenaw,2000-02-01,labor_force,184691,177589,3138,10240
LAUCN261610000000006,2000,M03,188903,"",26,161,06,Washtenaw,2000-03-01,labor_force,187829,177553,1074,11350
LAUCN261610000000006,2000,M04,188160,"",26,161,06,Washtenaw,2000-04-01,labor_force,188903,176750,-743,11410
LAUCN261610000000006,2000,M05,184577,"",26,161,06,Washtenaw,2000-05-01,labor_force,188160,176573,-3583,8004
LAUCN261610000000006,2000,M06,187025,"",26,161,06,Washtenaw,2000-06-01,labor_force,184577,178195,2448,8830
LAUCN261610000000006,2000,M07,183569,"",26,161,06,Washtenaw,2000-07-01,labor_force,187025,177346,-3456,6223
LAUCN261610000000006,2000,M08,182037,"",26,161,06,Washtenaw,2000-08-01,labor_force,183569,175873,-1532,6164
LAUCN261610000000006,2000,M09,180988,"",26,161,06,Washtenaw,2000-09-01,labor_force,182037,176107,-1049,4881
LAUCN261610000000006,2000,M10,186006,"",26,161,06,Washtenaw,2000-10-01,labor_force,180988,177934,5018,8072
LAUCN261610000000006,2000,M11,189573,"",26,161,06,Washtenaw,2000-11-01,labor_force,186006,180140,3567,9433
LAUCN261610000000006,2000,M12,189537,"",26,161,06,Washtenaw,2000-12-01,labor_force,189573,179883,-36,9654
LAUCN261610000000006,2001,M01,193099,"",26,161,06,Washtenaw,2001-01-01,labor_force,189537,184691,3562,8408
LAUCN261610000000006,2001,M02,195990,"",26,161,06,Washtenaw,2001-02-01,labor_force,193099,187829,2891,8161
LAUCN261610000000006,2001,M03,197037,"",26,161,06,Washtenaw,2001-03-01,labor_force,195990,188903,1047,8134
LAUCN261610000000006,2001,M04,194335,"",26,161,06,Washtenaw,2001-04-01,labor_force,197037,188160,-2702,6175
LAUCN261610000000006,2001,M05,193965,"",26,161,06,Washtenaw,2001-05-01,labor_force,194335,184577,-370,9388
LAUCN261610000000006,2001,M06,195631,"",26,161,06,Washtenaw,2001-06-01,labor_force,193965,187025,1666,8606
LAUCN261610000000006,2001,M07,191002,"",26,161,06,Washtenaw,2001-07-01,labor_force,195631,183569,-4629,7433
LAUCN261610000000006,2001,M08,187983,"",26,161,06,Washtenaw,2001-08-01,labor_force,191002,182037,-3019,5946
LAUCN261610000000006,2001,M09,187638,"",26,161,06,Washtenaw,2001-09-01,labor_force,187983,180988,-345,6650
LAUCN261610000000006,2001,M10,190354,"",26,161,06,Washtenaw,2001-10-01,labor_force,187638,186006,2716,4348
LAUCN261610000000006,2001,M11,192465,"",26,161,06,Washtenaw,2001-11-01,labor_force,190354,189573,2111,2892
LAUCN261610000000006,2001,M12,190288,"",26,161,06,Washtenaw,2001-12-01,labor_force,192465,189537,-2177,751
LAUCN261610000000006,2002,M01,185621,"",26,161,06,Washtenaw,2002-01-01,labor_force,190288,193099,-4667,-7478
LAUCN261610000000006,2002,M02,189039,"",26,161,06,Washtenaw,2002-02-01,labor_force,185621,195990,3418,-6951
LAUCN261610000000006,2002,M03,188730,"",26,161,06,Washtenaw,2002-03-01,labor_force,189039,197037,-309,-8307
LAUCN261610000000006,2002,M04,184591,"",26,161,06,Washtenaw,2002-04-01,labor_force,188730,194335,-4139,-9744
LAUCN261610000000006,2002,M05,184220,"",26,161,06,Washtenaw,2002-05-01,labor_force,184591,193965,-371,-9745
LAUCN261610000000006,2002,M06,186155,"",26,161,06,Washtenaw,2002-06-01,labor_force,184220,195631,1935,-9476
LAUCN261610000000006,2002,M07,184441,"",26,161,06,Washtenaw,2002-07-01,labor_force,186155,191002,-1714,-6561
LAUCN261610000000006,2002,M08,181834,"",26,161,06,Washtenaw,2002-08-01,labor_force,184441,187983,-2607,-6149
LAUCN261610000000006,2002,M09,181755,"",26,161,06,Washtenaw,2002-09-01,labor_force,181834,187638,-79,-5883
LAUCN261610000000006,2002,M10,184720,"",26,161,06,Washtenaw,2002-10-01,labor_force,181755,190354,2965,-5634
LAUCN261610000000006,2002,M11,187133,"",26,161,06,Washtenaw,2002-11-01,labor_force,184720,192465,2413,-5332
LAUCN261610000000006,2002,M12,186412,"",26,161,06,Washtenaw,2002-12-01,labor_force,187133,190288,-721,-3876
LAUCN261610000000006,2003,M01,183174,"",26,161,06,Washtenaw,2003-01-01,labor_force,186412,185621,-3238,-2447
LAUCN261610000000006,2003,M02,185816,"",26,161,06,Washtenaw,2003-02-01,labor_force,183174,189039,2642,-3223
LAUCN261610000000006,2003,M03,184813,"",26,161,06,Washtenaw,2003-03-01,labor_force,185816,188730,-1003,-3917
LAUCN261610000000006,2003,M04,183486,"",26,161,06,Washtenaw,2003-04-01,labor_force,184813,184591,-1327,-1105
LAUCN261610000000006,2003,M05,184132,"",26,161,06,Washtenaw,2003-05-01,labor_force,183486,184220,646,-88
LAUCN261610000000006,2003,M06,185971,"",26,161,06,Washtenaw,2003-06-01,labor_force,184132,186155,1839,-184
LAUCN261610000000006,2003,M07,180953,"",26,161,06,Washtenaw,2003-07-01,labor_force,185971,184441,-5018,-3488
LAUCN261610000000006,2003,M08,181796,"",26,161,06,Washtenaw,2003-08-01,labor_force,180953,181834,843,-38
LAUCN261610000000006,2003,M09,183372,"",26,161,06,Washtenaw,2003-09-01,labor_force,181796,181755,1576,1617
LAUCN261610000000006,2003,M10,186364,"",26,161,06,Washtenaw,2003-10-01,labor_force,183372,184720,2992,1644
LAUCN261610000000006,2003,M11,187682,"",26,161,06,Washtenaw,2003-11-01,labor_force,186364,187133,1318,549
LAUCN261610000000006,2003,M12,186647,"",26,161,06,Washtenaw,2003-12-01,labor_force,187682,186412,-1035,235
LAUCN261610000000006,2004,M01,184594,"",26,161,06,Washtenaw,2004-01-01,labor_force,186647,183174,-2053,1420
LAUCN261610000000006,2004,M02,186533,"",26,161,06,Washtenaw,2004-02-01,labor_force,184594,185816,1939,717
LAUCN261610000000006,2004,M03,187635,"",26,161,06,Washtenaw,2004-03-01,labor_force,186533,184813,1102,2822
LAUCN261610000000006,2004,M04,187126,"",26,161,06,Washtenaw,2004-04-01,labor_force,187635,183486,-509,3640
LAUCN261610000000006,2004,M05,186065,"",26,161,06,Washtenaw,2004-05-01,labor_force,187126,184132,-1061,1933
LAUCN261610000000006,2004,M06,188019,"",26,161,06,Washtenaw,2004-06-01,labor_force,186065,185971,1954,2048
LAUCN261610000000006,2004,M07,184959,"",26,161,06,Washtenaw,2004-07-01,labor_force,188019,180953,-3060,4006
LAUCN261610000000006,2004,M08,186534,"",26,161,06,Washtenaw,2004-08-01,labor_force,184959,181796,1575,4738
LAUCN261610000000006,2004,M09,187123,"",26,161,06,Washtenaw,2004-09-01,labor_force,186534,183372,589,3751
LAUCN261610000000006,2004,M10,190694,"",26,161,06,Washtenaw,2004-10-01,labor_force,187123,186364,3571,4330
LAUCN261610000000006,2004,M11,193103,"",26,161,06,Washtenaw,2004-11-01,labor_force,190694,187682,2409,5421
LAUCN261610000000006,2004,M12,191051,"",26,161,06,Washtenaw,2004-12-01,labor_force,193103,186647,-2052,4404
LAUCN261610000000006,2005,M01,188477,"",26,161,06,Washtenaw,2005-01-01,labor_force,191051,184594,-2574,3883
LAUCN261610000000006,2005,M02,190973,"",26,161,06,Washtenaw,2005-02-01,labor_force,188477,186533,2496,4440
LAUCN261610000000006,2005,M03,191594,"",26,161,06,Washtenaw,2005-03-01,labor_force,190973,187635,621,3959
LAUCN261610000000006,2005,M04,192391,"",26,161,06,Washtenaw,2005-04-01,labor_force,191594,187126,797,5265
LAUCN261610000000006,2005,M05,190742,"",26,161,06,Washtenaw,2005-05-01,labor_force,192391,186065,-1649,4677
LAUCN261610000000006,2005,M06,190316,"",26,161,06,Washtenaw,2005-06-01,labor_force,190742,188019,-426,2297
LAUCN261610000000006,2005,M07,186079,"",26,161,06,Washtenaw,2005-07-01,labor_force,190316,184959,-4237,1120
LAUCN261610000000006,2005,M08,187364,"",26,161,06,Washtenaw,2005-08-01,labor_force,186079,186534,1285,830
LAUCN261610000000006,2005,M09,188980,"",26,161,06,Washtenaw,2005-09-01,labor_force,187364,187123,1616,1857
LAUCN261610000000006,2005,M10,191444,"",26,161,06,Washtenaw,2005-10-01,labor_force,188980,190694,2464,750
LAUCN261610000000006,2005,M11,194186,"",26,161,06,Washtenaw,2005-11-01,labor_force,191444,193103,2742,1083
LAUCN261610000000006,2005,M12,192302,"",26,161,06,Washtenaw,2005-12-01,labor_force,194186,191051,-1884,1251
LAUCN261610000000006,2006,M01,190459,"",26,161,06,Washtenaw,2006-01-01,labor_force,192302,188477,-1843,1982
LAUCN261610000000006,2006,M02,191890,"",26,161,06,Washtenaw,2006-02-01,labor_force,190459,190973,1431,917
LAUCN261610000000006,2006,M03,192525,"",26,161,06,Washtenaw,2006-03-01,labor_force,191890,191594,635,931
LAUCN261610000000006,2006,M04,191358,"",26,161,06,Washtenaw,2006-04-01,labor_force,192525,192391,-1167,-1033
LAUCN261610000000006,2006,M05,188708,"",26,161,06,Washtenaw,2006-05-01,labor_force,191358,190742,-2650,-2034
LAUCN261610000000006,2006,M06,190887,"",26,161,06,Washtenaw,2006-06-01,labor_force,188708,190316,2179,571
LAUCN261610000000006,2006,M07,186599,"",26,161,06,Washtenaw,2006-07-01,labor_force,190887,186079,-4288,520
LAUCN261610000000006,2006,M08,187002,"",26,161,06,Washtenaw,2006-08-01,labor_force,186599,187364,403,-362
LAUCN261610000000006,2006,M09,188847,"",26,161,06,Washtenaw,2006-09-01,labor_force,187002,188980,1845,-133
LAUCN261610000000006,2006,M10,189021,"",26,161,06,Washtenaw,2006-10-01,labor_force,188847,191444,174,-2423
LAUCN261610000000006,2006,M11,191322,"",26,161,06,Washtenaw,2006-11-01,labor_force,189021,194186,2301,-2864
LAUCN261610000000006,2006,M12,191312,"",26,161,06,Washtenaw,2006-12-01,labor_force,191322,192302,-10,-990
LAUCN261610000000006,2007,M01,187803,"",26,161,06,Washtenaw,2007-01-01,labor_force,191312,190459,-3509,-2656
LAUCN261610000000006,2007,M02,189134,"",26,161,06,Washtenaw,2007-02-01,labor_force,187803,191890,1331,-2756
LAUCN261610000000006,2007,M03,189577,"",26,161,06,Washtenaw,2007-03-01,labor_force,189134,192525,443,-2948
LAUCN261610000000006,2007,M04,188584,"",26,161,06,Washtenaw,2007-04-01,labor_force,189577,191358,-993,-2774
LAUCN261610000000006,2007,M05,186609,"",26,161,06,Washtenaw,2007-05-01,labor_force,188584,188708,-1975,-2099
LAUCN261610000000006,2007,M06,188536,"",26,161,06,Washtenaw,2007-06-01,labor_force,186609,190887,1927,-2351
LAUCN261610000000006,2007,M07,187059,"",26,161,06,Washtenaw,2007-07-01,labor_force,188536,186599,-1477,460
LAUCN261610000000006,2007,M08,186423,"",26,161,06,Washtenaw,2007-08-01,labor_force,187059,187002,-636,-579
LAUCN261610000000006,2007,M09,187649,"",26,161,06,Washtenaw,2007-09-01,labor_force,186423,188847,1226,-1198
LAUCN261610000000006,2007,M10,188122,"",26,161,06,Washtenaw,2007-10-01,labor_force,187649,189021,473,-899
LAUCN261610000000006,2007,M11,190888,"",26,161,06,Washtenaw,2007-11-01,labor_force,188122,191322,2766,-434
LAUCN261610000000006,2007,M12,190060,"",26,161,06,Washtenaw,2007-12-01,labor_force,190888,191312,-828,-1252
LAUCN261610000000006,2008,M01,186595,"",26,161,06,Washtenaw,2008-01-01,labor_force,190060,187803,-3465,-1208
LAUCN261610000000006,2008,M02,187164,"",26,161,06,Washtenaw,2008-02-01,labor_force,186595,189134,569,-1970
LAUCN261610000000006,2008,M03,187983,"",26,161,06,Washtenaw,2008-03-01,labor_force,187164,189577,819,-1594
LAUCN261610000000006,2008,M04,186208,"",26,161,06,Washtenaw,2008-04-01,labor_force,187983,188584,-1775,-2376
LAUCN261610000000006,2008,M05,185785,"",26,161,06,Washtenaw,2008-05-01,labor_force,186208,186609,-423,-824
LAUCN261610000000006,2008,M06,188560,"",26,161,06,Washtenaw,2008-06-01,labor_force,185785,188536,2775,24
LAUCN261610000000006,2008,M07,186154,"",26,161,06,Washtenaw,2008-07-01,labor_force,188560,187059,-2406,-905
LAUCN261610000000006,2008,M08,185414,"",26,161,06,Washtenaw,2008-08-01,labor_force,186154,186423,-740,-1009
LAUCN261610000000006,2008,M09,184628,"",26,161,06,Washtenaw,2008-09-01,labor_force,185414,187649,-786,-3021
LAUCN261610000000006,2008,M10,186356,"",26,161,06,Washtenaw,2008-10-01,labor_force,184628,188122,1728,-1766
LAUCN261610000000006,2008,M11,186990,"",26,161,06,Washtenaw,2008-11-01,labor_force,186356,190888,634,-3898
LAUCN261610000000006,2008,M12,185287,"",26,161,06,Washtenaw,2008-12-01,labor_force,186990,190060,-1703,-4773
LAUCN261610000000006,2009,M01,184769,"",26,161,06,Washtenaw,2009-01-01,labor_force,185287,186595,-518,-1826
LAUCN261610000000006,2009,M02,186942,"",26,161,06,Washtenaw,2009-02-01,labor_force,184769,187164,2173,-222
LAUCN261610000000006,2009,M03,186849,"",26,161,06,Washtenaw,2009-03-01,labor_force,186942,187983,-93,-1134
LAUCN261610000000006,2009,M04,186229,"",26,161,06,Washtenaw,2009-04-01,labor_force,186849,186208,-620,21
LAUCN261610000000006,2009,M05,185379,"",26,161,06,Washtenaw,2009-05-01,labor_force,186229,185785,-850,-406
LAUCN261610000000006,2009,M06,186906,"",26,161,06,Washtenaw,2009-06-01,labor_force,185379,188560,1527,-1654
LAUCN261610000000006,2009,M07,185525,"",26,161,06,Washtenaw,2009-07-01,labor_force,186906,186154,-1381,-629
LAUCN261610000000006,2009,M08,183504,"",26,161,06,Washtenaw,2009-08-01,labor_force,185525,185414,-2021,-1910
LAUCN261610000000006,2009,M09,182887,"",26,161,06,Washtenaw,2009-09-01,labor_force,183504,184628,-617,-1741
LAUCN261610000000006,2009,M10,184576,"",26,161,06,Washtenaw,2009-10-01,labor_force,182887,186356,1689,-1780
LAUCN261610000000006,2009,M11,185549,"",26,161,06,Washtenaw,2009-11-01,labor_force,184576,186990,973,-1441
LAUCN261610000000006,2009,M12,183263,"",26,161,06,Washtenaw,2009-12-01,labor_force,185549,185287,-2286,-2024
LAUCN261610000000006,2010,M01,181527,"",26,161,06,Washtenaw,2010-01-01,labor_force,183263,184769,-1736,-3242
LAUCN261610000000006,2010,M02,182896,"",26,161,06,Washtenaw,2010-02-01,labor_force,181527,186942,1369,-4046
LAUCN261610000000006,2010,M03,182090,"",26,161,06,Washtenaw,2010-03-01,labor_force,182896,186849,-806,-4759
LAUCN261610000000006,2010,M04,182393,"",26,161,06,Washtenaw,2010-04-01,labor_force,182090,186229,303,-3836
LAUCN261610000000006,2010,M05,181170,"",26,161,06,Washtenaw,2010-05-01,labor_force,182393,185379,-1223,-4209
LAUCN261610000000006,2010,M06,181212,"",26,161,06,Washtenaw,2010-06-01,labor_force,181170,186906,42,-5694
LAUCN261610000000006,2010,M07,181848,"",26,161,06,Washtenaw,2010-07-01,labor_force,181212,185525,636,-3677
LAUCN261610000000006,2010,M08,179673,"",26,161,06,Washtenaw,2010-08-01,labor_force,181848,183504,-2175,-3831
LAUCN261610000000006,2010,M09,180271,"",26,161,06,Washtenaw,2010-09-01,labor_force,179673,182887,598,-2616
LAUCN261610000000006,2010,M10,181440,"",26,161,06,Washtenaw,2010-10-01,labor_force,180271,184576,1169,-3136
LAUCN261610000000006,2010,M11,183868,"",26,161,06,Washtenaw,2010-11-01,labor_force,181440,185549,2428,-1681
LAUCN261610000000006,2010,M12,182557,"",26,161,06,Washtenaw,2010-12-01,labor_force,183868,183263,-1311,-706
LAUCN261610000000006,2011,M01,180132,"",26,161,06,Washtenaw,2011-01-01,labor_force,182557,181527,-2425,-1395
LAUCN261610000000006,2011,M02,181121,"",26,161,06,Washtenaw,2011-02-01,labor_force,180132,182896,989,-1775
LAUCN261610000000006,2011,M03,181994,"",26,161,06,Washtenaw,2011-03-01,labor_force,181121,182090,873,-96
LAUCN261610000000006,2011,M04,181469,"",26,161,06,Washtenaw,2011-04-01,labor_force,181994,182393,-525,-924
LAUCN261610000000006,2011,M05,180367,"",26,161,06,Washtenaw,2011-05-01,labor_force,181469,181170,-1102,-803
LAUCN261610000000006,2011,M06,179568,"",26,161,06,Washtenaw,2011-06-01,labor_force,180367,181212,-799,-1644
LAUCN261610000000006,2011,M07,179559,"",26,161,06,Washtenaw,2011-07-01,labor_force,179568,181848,-9,-2289
LAUCN261610000000006,2011,M08,177966,"",26,161,06,Washtenaw,2011-08-01,labor_force,179559,179673,-1593,-1707
LAUCN261610000000006,2011,M09,179410,"",26,161,06,Washtenaw,2011-09-01,labor_force,177966,180271,1444,-861
LAUCN261610000000006,2011,M10,181436,"",26,161,06,Washtenaw,2011-10-01,labor_force,179410,181440,2026,-4
LAUCN261610000000006,2011,M11,183690,"",26,161,06,Washtenaw,2011-11-01,labor_force,181436,183868,2254,-178
LAUCN261610000000006,2011,M12,181624,"",26,161,06,Washtenaw,2011-12-01,labor_force,183690,182557,-2066,-933
LAUCN261610000000006,2012,M01,179349,"",26,161,06,Washtenaw,2012-01-01,labor_force,181624,180132,-2275,-783
LAUCN261610000000006,2012,M02,181521,"",26,161,06,Washtenaw,2012-02-01,labor_force,179349,181121,2172,400
LAUCN261610000000006,2012,M03,181638,"",26,161,06,Washtenaw,2012-03-01,labor_force,181521,181994,117,-356
LAUCN261610000000006,2012,M04,182907,"",26,161,06,Washtenaw,2012-04-01,labor_force,181638,181469,1269,1438
LAUCN261610000000006,2012,M05,182987,"",26,161,06,Washtenaw,2012-05-01,labor_force,182907,180367,80,2620
LAUCN261610000000006,2012,M06,182331,"",26,161,06,Washtenaw,2012-06-01,labor_force,182987,179568,-656,2763
LAUCN261610000000006,2012,M07,181872,"",26,161,06,Washtenaw,2012-07-01,labor_force,182331,179559,-459,2313
LAUCN261610000000006,2012,M08,180053,"",26,161,06,Washtenaw,2012-08-01,labor_force,181872,177966,-1819,2087
LAUCN261610000000006,2012,M09,181100,"",26,161,06,Washtenaw,2012-09-01,labor_force,180053,179410,1047,1690
LAUCN261610000000006,2012,M10,183695,"",26,161,06,Washtenaw,2012-10-01,labor_force,181100,181436,2595,2259
LAUCN261610000000006,2012,M11,185168,"",26,161,06,Washtenaw,2012-11-01,labor_force,183695,183690,1473,1478
LAUCN261610000000006,2012,M12,183681,"",26,161,06,Washtenaw,2012-12-01,labor_force,185168,181624,-1487,2057
LAUCN261610000000006,2013,M01,181829,"",26,161,06,Washtenaw,2013-01-01,labor_force,183681,179349,-1852,2480
LAUCN261610000000006,2013,M02,184297,"",26,161,06,Washtenaw,2013-02-01,labor_force,181829,181521,2468,2776
LAUCN261610000000006,2013,M03,184225,"",26,161,06,Washtenaw,2013-03-01,labor_force,184297,181638,-72,2587
LAUCN261610000000006,2013,M04,185778,"",26,161,06,Washtenaw,2013-04-01,labor_force,184225,182907,1553,2871
LAUCN261610000000006,2013,M05,186495,"",26,161,06,Washtenaw,2013-05-01,labor_force,185778,182987,717,3508
LAUCN261610000000006,2013,M06,184645,"",26,161,06,Washtenaw,2013-06-01,labor_force,186495,182331,-1850,2314
LAUCN261610000000006,2013,M07,183133,"",26,161,06,Washtenaw,2013-07-01,labor_force,184645,181872,-1512,1261
LAUCN261610000000006,2013,M08,181963,"",26,161,06,Washtenaw,2013-08-01,labor_force,183133,180053,-1170,1910
LAUCN261610000000006,2013,M09,183356,"",26,161,06,Washtenaw,2013-09-01,labor_force,181963,181100,1393,2256
LAUCN261610000000006,2013,M10,184478,"",26,161,06,Washtenaw,2013-10-01,labor_force,183356,183695,1122,783
LAUCN261610000000006,2013,M11,187570,"",26,161,06,Washtenaw,2013-11-01,labor_force,184478,185168,3092,2402
LAUCN261610000000006,2013,M12,183791,"",26,161,06,Washtenaw,2013-12-01,labor_force,187570,183681,-3779,110
LAUCN261610000000006,2014,M01,182600,"",26,161,06,Washtenaw,2014-01-01,labor_force,183791,181829,-1191,771
LAUCN261610000000006,2014,M02,186579,"",26,161,06,Washtenaw,2014-02-01,labor_force,182600,184297,3979,2282
LAUCN261610000000006,2014,M03,187087,"",26,161,06,Washtenaw,2014-03-01,labor_force,186579,184225,508,2862
LAUCN261610000000006,2014,M04,188347,"",26,161,06,Washtenaw,2014-04-01,labor_force,187087,185778,1260,2569
LAUCN261610000000006,2014,M05,189480,"",26,161,06,Washtenaw,2014-05-01,labor_force,188347,186495,1133,2985
LAUCN261610000000006,2014,M06,187198,"",26,161,06,Washtenaw,2014-06-01,labor_force,189480,184645,-2282,2553
LAUCN261610000000006,2014,M07,186971,"",26,161,06,Washtenaw,2014-07-01,labor_force,187198,183133,-227,3838
LAUCN261610000000006,2014,M08,185666,"",26,161,06,Washtenaw,2014-08-01,labor_force,186971,181963,-1305,3703
LAUCN261610000000006,2014,M09,186169,"",26,161,06,Washtenaw,2014-09-01,labor_force,185666,183356,503,2813
LAUCN261610000000006,2014,M10,190280,"",26,161,06,Washtenaw,2014-10-01,labor_force,186169,184478,4111,5802
LAUCN261610000000006,2014,M11,191914,"",26,161,06,Washtenaw,2014-11-01,labor_force,190280,187570,1634,4344
LAUCN261610000000006,2014,M12,189612,"",26,161,06,Washtenaw,2014-12-01,labor_force,191914,183791,-2302,5821
LAUCN261610000000006,2015,M01,187038,"",26,161,06,Washtenaw,2015-01-01,labor_force,189612,182600,-2574,4438
LAUCN261610000000006,2015,M02,188928,"",26,161,06,Washtenaw,2015-02-01,labor_force,187038,186579,1890,2349
LAUCN261610000000006,2015,M03,189335,"",26,161,06,Washtenaw,2015-03-01,labor_force,188928,187087,407,2248
LAUCN261610000000006,2015,M04,190677,"",26,161,06,Washtenaw,2015-04-01,labor_force,189335,188347,1342,2330
LAUCN261610000000006,2015,M05,191909,"",26,161,06,Washtenaw,2015-05-01,labor_force,190677,189480,1232,2429
LAUCN261610000000006,2015,M06,188514,"",26,161,06,Washtenaw,2015-06-01,labor_force,191909,187198,-3395,1316
LAUCN261610000000006,2015,M07,188366,"",26,161,06,Washtenaw,2015-07-01,labor_force,188514,186971,-148,1395
LAUCN261610000000006,2015,M08,186920,"",26,161,06,Washtenaw,2015-08-01,labor_force,188366,185666,-1446,1254
LAUCN261610000000006,2015,M09,185330,"",26,161,06,Washtenaw,2015-09-01,labor_force,186920,186169,-1590,-839
LAUCN261610000000006,2015,M10,191081,"",26,161,06,Washtenaw,2015-10-01,labor_force,185330,190280,5751,801
LAUCN261610000000006,2015,M11,192880,"",26,161,06,Washtenaw,2015-11-01,labor_force,191081,191914,1799,966
LAUCN261610000000006,2015,M12,191431,"",26,161,06,Washtenaw,2015-12-01,labor_force,192880,189612,-1449,1819
LAUCN261610000000006,2016,M01,192270,T,26,161,06,Washtenaw,2016-01-01,labor_force,191431,187038,839,5232
LAUCN261610000000006,2016,M02,195572,T,26,161,06,Washtenaw,2016-02-01,labor_force,192270,188928,3302,6644
LAUCN261610000000006,2016,M03,195806,T,26,161,06,Washtenaw,2016-03-01,labor_force,195572,189335,234,6471
LAUCN261610000000006,2016,M04,197576,T,26,161,06,Washtenaw,2016-04-01,labor_force,195806,190677,1770,6899
LAUCN261610000000006,2016,M05,193923,T,26,161,06,Washtenaw,2016-05-01,labor_force,197576,191909,-3653,2014
LAUCN261610000000006,2016,M06,193002,T,26,161,06,Washtenaw,2016-06-01,labor_force,193923,188514,-921,4488
LAUCN261610000000006,2016,M07,192770,T,26,161,06,Washtenaw,2016-07-01,labor_force,193002,188366,-232,4404
LAUCN261610000000006,2016,M08,192761,T,26,161,06,Washtenaw,2016-08-01,labor_force,192770,186920,-9,5841
LAUCN261610000000006,2016,M09,196026,T,26,161,06,Washtenaw,2016-09-01,labor_force,192761,185330,3265,10696
LAUCN261610000000006,2016,M10,197394,T,26,161,06,Washtenaw,2016-10-01,labor_force,196026,191081,1368,6313
LAUCN261610000000006,2016,M11,199397,T,26,161,06,Washtenaw,2016-11-01,labor_force,197394,192880,2003,6517
LAUCN261610000000006,2016,M12,196137,T,26,161,06,Washtenaw,2016-12-01,labor_force,199397,191431,-3260,4706
LAUCN261610000000006,2017,M01,194977,T,26,161,06,Washtenaw,2017-01-01,labor_force,196137,192270,-1160,2707
LAUCN261610000000006,2017,M02,197024,T,26,161,06,Washtenaw,2017-02-01,labor_force,194977,195572,2047,1452
LAUCN261610000000006,2017,M03,197553,T,26,161,06,Washtenaw,2017-03-01,labor_force,197024,195806,529,1747
LAUCN261610000000006,2017,M04,197892,T,26,161,06,Washtenaw,2017-04-01,labor_force,197553,197576,339,316
LAUCN261610000000006,2017,M05,194857,T,26,161,06,Washtenaw,2017-05-01,labor_force,197892,193923,-3035,934
LAUCN261610000000006,2017,M06,194817,T,26,161,06,Washtenaw,2017-06-01,labor_force,194857,193002,-40,1815
LAUCN261610000000006,2017,M07,195438,T,26,161,06,Washtenaw,2017-07-01,labor_force,194817,192770,621,2668
LAUCN261610000000006,2017,M08,194758,T,26,161,06,Washtenaw,2017-08-01,labor_force,195438,192761,-680,1997
LAUCN261610000000006,2017,M09,199073,T,26,161,06,Washtenaw,2017-09-01,labor_force,194758,196026,4315,3047
LAUCN261610000000006,2017,M10,199190,T,26,161,06,Washtenaw,2017-10-01,labor_force,199073,197394,117,1796
LAUCN261610000000006,2017,M11,201805,T,26,161,06,Washtenaw,2017-11-01,labor_force,199190,199397,2615,2408
LAUCN261610000000006,2017,M12,198832,T,26,161,06,Washtenaw,2017-12-01,labor_force,201805,196137,-2973,2695
LAUCN261610000000006,2018,M01,196890,T,26,161,06,Washtenaw,2018-01-01,labor_force,198832,194977,-1942,1913
LAUCN261610000000006,2018,M02,200517,T,26,161,06,Washtenaw,2018-02-01,labor_force,196890,197024,3627,3493
LAUCN261610000000006,2018,M03,200888,T,26,161,06,Washtenaw,2018-03-01,labor_force,200517,197553,371,3335
LAUCN261610000000006,2018,M04,200702,T,26,161,06,Washtenaw,2018-04-01,labor_force,200888,197892,-186,2810
LAUCN261610000000006,2018,M05,197626,T,26,161,06,Washtenaw,2018-05-01,labor_force,200702,194857,-3076,2769
LAUCN261610000000006,2018,M06,197504,T,26,161,06,Washtenaw,2018-06-01,labor_force,197626,194817,-122,2687
LAUCN261610000000006,2018,M07,198075,T,26,161,06,Washtenaw,2018-07-01,labor_force,197504,195438,571,2637
LAUCN261610000000006,2018,M08,195600,T,26,161,06,Washtenaw,2018-08-01,labor_force,198075,194758,-2475,842
LAUCN261610000000006,2018,M09,198721,T,26,161,06,Washtenaw,2018-09-01,labor_force,195600,199073,3121,-352
LAUCN261610000000006,2018,M10,202024,T,26,161,06,Washtenaw,2018-10-01,labor_force,198721,199190,3303,2834
LAUCN261610000000006,2018,M11,204472,T,26,161,06,Washtenaw,2018-11-01,labor_force,202024,201805,2448,2667
LAUCN261610000000006,2018,M12,202216,T,26,161,06,Washtenaw,2018-12-01,labor_force,204472,198832,-2256,3384
LAUCN261610000000006,2019,M01,198340,T,26,161,06,Washtenaw,2019-01-01,labor_force,202216,196890,-3876,1450
LAUCN261610000000006,2019,M02,202586,T,26,161,06,Washtenaw,2019-02-01,labor_force,198340,200517,4246,2069
LAUCN261610000000006,2019,M03,203638,T,26,161,06,Washtenaw,2019-03-01,labor_force,202586,200888,1052,2750
LAUCN261610000000006,2019,M04,202381,T,26,161,06,Washtenaw,2019-04-01,labor_force,203638,200702,-1257,1679
LAUCN261610000000006,2019,M05,201784,T,26,161,06,Washtenaw,2019-05-01,labor_force,202381,197626,-597,4158
LAUCN261610000000006,2019,M06,199858,T,26,161,06,Washtenaw,2019-06-01,labor_force,201784,197504,-1926,2354
LAUCN261610000000006,2019,M07,201285,T,26,161,06,Washtenaw,2019-07-01,labor_force,199858,198075,1427,3210
LAUCN261610000000006,2019,M08,200064,T,26,161,06,Washtenaw,2019-08-01,labor_force,201285,195600,-1221,4464
LAUCN261610000000006,2019,M09,202803,T,26,161,06,Washtenaw,2019-09-01,labor_force,200064,198721,2739,4082
LAUCN261610000000006,2019,M10,203964,T,26,161,06,Washtenaw,2019-10-01,labor_force,202803,202024,1161,1940
LAUCN261610000000006,2019,M11,207337,T,26,161,06,Washtenaw,2019-11-01,labor_force,203964,204472,3373,2865
LAUCN261610000000006,2019,M12,205237,T,26,161,06,Washtenaw,2019-12-01,labor_force,207337,202216,-2100,3021
LAUCN261610000000006,2020,M01,202099,T,26,161,06,Washtenaw,2020-01-01,labor_force,205237,198340,-3138,3759
LAUCN261610000000006,2020,M02,205350,T,26,161,06,Washtenaw,2020-02-01,labor_force,202099,202586,3251,2764
LAUCN261610000000006,2020,M03,203084,T,26,161,06,Washtenaw,2020-03-01,labor_force,205350,203638,-2266,-554
LAUCN261610000000006,2020,M04,184435,T,26,161,06,Washtenaw,2020-04-01,labor_force,203084,202381,-18649,-17946
LAUCN261610000000006,2020,M05,191762,T,26,161,06,Washtenaw,2020-05-01,labor_force,184435,201784,7327,-10022
LAUCN261610000000006,2020,M06,202840,T,26,161,06,Washtenaw,2020-06-01,labor_force,191762,199858,11078,2982
LAUCN261610000000006,2020,M07,199198,T,26,161,06,Washtenaw,2020-07-01,labor_force,202840,201285,-3642,-2087
LAUCN261610000000006,2020,M08,197869,T,26,161,06,Washtenaw,2020-08-01,labor_force,199198,200064,-1329,-2195
LAUCN261610000000006,2020,M09,196558,T,26,161,06,Washtenaw,2020-09-01,labor_force,197869,202803,-1311,-6245
LAUCN261610000000006,2020,M10,195944,T,26,161,06,Washtenaw,2020-10-01,labor_force,196558,203964,-614,-8020
LAUCN261610000000006,2020,M11,195926,T,26,161,06,Washtenaw,2020-11-01,labor_force,195944,207337,-18,-11411
LAUCN261610000000006,2020,M12,192382,T,26,161,06,Washtenaw,2020-12-01,labor_force,195926,205237,-3544,-12855
LAUCN261610000000006,2021,M01,190114,T,26,161,06,Washtenaw,2021-01-01,labor_force,192382,202099,-2268,-11985
LAUCN261610000000006,2021,M02,192025,T,26,161,06,Washtenaw,2021-02-01,labor_force,190114,205350,1911,-13325
LAUCN261610000000006,2021,M03,192339,T,26,161,06,Washtenaw,2021-03-01,labor_force,192025,203084,314,-10745
LAUCN261610000000006,2021,M04,191282,T,26,161,06,Washtenaw,2021-04-01,labor_force,192339,184435,-1057,6847
LAUCN261610000000006,2021,M05,190276,T,26,161,06,Washtenaw,2021-05-01,labor_force,191282,191762,-1006,-1486
LAUCN261610000000006,2021,M06,188236,T,26,161,06,Washtenaw,2021-06-01,labor_force,190276,202840,-2040,-14604
LAUCN261610000000006,2021,M07,190945,T,26,161,06,Washtenaw,2021-07-01,labor_force,188236,199198,2709,-8253
LAUCN261610000000006,2021,M08,190581,T,26,161,06,Washtenaw,2021-08-01,labor_force,190945,197869,-364,-7288
LAUCN261610000000006,2021,M09,192705,T,26,161,06,Washtenaw,2021-09-01,labor_force,190581,196558,2124,-3853
LAUCN261610000000006,2021,M10,193148,T,26,161,06,Washtenaw,2021-10-01,labor_force,192705,195944,443,-2796
LAUCN261610000000006,2021,M11,196244,T,26,161,06,Washtenaw,2021-11-01,labor_force,193148,195926,3096,318
LAUCN261610000000006,2021,M12,194736,T,26,161,06,Washtenaw,2021-12-01,labor_force,196244,192382,-1508,2354
LAUCN261610000000006,2022,M01,195427,T,26,161,06,Washtenaw,2022-01-01,labor_force,194736,190114,691,5313
LAUCN261610000000006,2022,M02,197348,T,26,161,06,Washtenaw,2022-02-01,labor_force,195427,192025,1921,5323
LAUCN261610000000006,2022,M03,199823,T,26,161,06,Washtenaw,2022-03-01,labor_force,197348,192339,2475,7484
LAUCN261610000000006,2022,M04,200179,T,26,161,06,Washtenaw,2022-04-01,labor_force,199823,191282,356,8897
LAUCN261610000000006,2022,M05,200489,T,26,161,06,Washtenaw,2022-05-01,labor_force,200179,190276,310,10213
LAUCN261610000000006,2022,M06,197691,T,26,161,06,Washtenaw,2022-06-01,labor_force,200489,188236,-2798,9455
LAUCN261610000000006,2022,M07,198467,T,26,161,06,Washtenaw,2022-07-01,labor_force,197691,190945,776,7522
LAUCN261610000000006,2022,M08,198612,T,26,161,06,Washtenaw,2022-08-01,labor_force,198467,190581,145,8031
LAUCN261610000000006,2022,M09,200423,T,26,161,06,Washtenaw,2022-09-01,labor_force,198612,192705,1811,7718
LAUCN261610000000006,2022,M10,198987,T,26,161,06,Washtenaw,2022-10-01,labor_force,200423,193148,-1436,5839
LAUCN261610000000006,2022,M11,201718,T,26,161,06,Washtenaw,2022-11-01,labor_force,198987,196244,2731,5474
LAUCN261610000000006,2022,M12,199741,T,26,161,06,Washtenaw,2022-12-01,labor_force,201718,194736,-1977,5005
LAUCN261610000000006,2023,M01,201049,T,26,161,06,Washtenaw,2023-01-01,labor_force,199741,195427,1308,5622
LAUCN261610000000006,2023,M02,201855,T,26,161,06,Washtenaw,2023-02-01,labor_force,201049,197348,806,4507
LAUCN261610000000006,2023,M03,203011,T,26,161,06,Washtenaw,2023-03-01,labor_force,201855,199823,1156,3188
LAUCN261610000000006,2023,M04,204915,T,26,161,06,Washtenaw,2023-04-01,labor_force,203011,200179,1904,4736
LAUCN261610000000006,2023,M05,206254,T,26,161,06,Washtenaw,2023-05-01,labor_force,204915,200489,1339,5765
LAUCN261610000000006,2023,M06,206282,T,26,161,06,Washtenaw,2023-06-01,labor_force,206254,197691,28,8591
LAUCN261610000000006,2023,M07,207013,T,26,161,06,Washtenaw,2023-07-01,labor_force,206282,198467,731,8546
LAUCN261610000000006,2023,M08,207130,T,26,161,06,Washtenaw,2023-08-01,labor_force,207013,198612,117,8518
LAUCN261610000000006,2023,M09,206143,T,26,161,06,Washtenaw,2023-09-01,labor_force,207130,200423,-987,5720
LAUCN261610000000006,2023,M10,205948,T,26,161,06,Washtenaw,2023-10-01,labor_force,206143,198987,-195,6961
LAUCN261610000000006,2023,M11,208429,T,26,161,06,Washtenaw,2023-11-01,labor_force,205948,201718,2481,6711
LAUCN261610000000006,2023,M12,204346,T,26,161,06,Washtenaw,2023-12-01,labor_force,208429,199741,-4083,4605
LAUCN261610000000006,2024,M01,205494,T,26,161,06,Washtenaw,2024-01-01,labor_force,204346,201049,1148,4445
LAUCN261610000000006,2024,M02,205400,T,26,161,06,Washtenaw,2024-02-01,labor_force,205494,201855,-94,3545
LAUCN261610000000006,2024,M03,207570,T,26,161,06,Washtenaw,2024-03-01,labor_force,205400,203011,2170,4559
LAUCN261610000000006,2024,M04,207628,T,26,161,06,Washtenaw,2024-04-01,labor_force,207570,204915,58,2713
LAUCN261610000000006,2024,M05,209210,T,26,161,06,Washtenaw,2024-05-01,labor_force,207628,206254,1582,2956
LAUCN261610000000006,2024,M06,209583,T,26,161,06,Washtenaw,2024-06-01,labor_force,209210,206282,373,3301
LAUCN261610000000006,2024,M07,210892,T,26,161,06,Washtenaw,2024-07-01,labor_force,209583,207013,1309,3879
LAUCN261610000000006,2024,M08,208425,T,26,161,06,Washtenaw,2024-08-01,labor_force,210892,207130,-2467,1295
LAUCN261610000000006,2024,M09,209098,T,26,161,06,Washtenaw,2024-09-01,labor_force,208425,206143,673,2955
LAUCN261610000000006,2024,M10,207440,T,26,161,06,Washtenaw,2024-10-01,labor_force,209098,205948,-1658,1492
LAUCN261610000000006,2024,M11,210596,T,26,161,06,Washtenaw,2024-11-01,labor_force,207440,208429,3156,2167
LAUCN261610000000006,2024,M12,207992,T,26,161,06,Washtenaw,2024-12-01,labor_force,210596,204346,-2604,3646
LAUCN261610000000006,2025,M01,208448,T,26,161,06,Washtenaw,2025-01-01,labor_force,207992,205494,456,2954
LAUCN261610000000006,2025,M02,208293,T,26,161,06,Washtenaw,2025-02-01,labor_force,208448,205400,-155,2893
LAUCN261610000000006,2025,M03,210434,T,26,161,06,Washtenaw,2025-03-01,labor_force,208293,207570,2141,2864
LAUCN261610000000006,2025,M04,209011,T,26,161,06,Washtenaw,2025-04-01,labor_force,210434,207628,-1423,1383
LAUCN261610000000006,2025,M05,209162,T,26,161,06,Washtenaw,2025-05-01,labor_force,209011,209210,151,-48
LAUCN261610000000006,2025,M06,207897,T,26,161,06,Washtenaw,2025-06-01,labor_force,209162,209583,-1265,-1686
LAUCN261610000000006,2025,M07,208272,T,26,161,06,Washtenaw,2025-07-01,labor_force,207897,210892,375,-2620
LAUCN261610000000006,2025,M08,206997,T,26,161,06,Washtenaw,2025-08-01,labor_force,208272,208425,-1275,-1428
LAUCN261610000000006,2025,M09,207243,T,26,161,06,Washtenaw,2025-09-01,labor_force,206997,209098,246,-1855
LAUCN261610000000006,2025,M11,203916,T,26,161,06,Washtenaw,2025-11-01,labor_force,207243,207440,-3327,-3524
LAUCN261610000000006,2025,M12,200437,T,26,161,06,Washtenaw,2025-12-01,labor_force,203916,210596,-3479,-10159
LAUCN261610000000006,2026,M01,200951,"",26,161,06,Washtenaw,2026-01-01,labor_force,200437,207992,514,-7041
LAUCN261610000000006,2026,M02,200849,"",26,161,06,Washtenaw,2026-02-01,labor_force,200951,208448,-102,-7599
LAUCN261610000000006,2026,M03,199600,"",26,161,06,Washtenaw,2026-03-01,labor_force,200849,208293,-1249,-8693
LAUCN261610000000006,2026,M04,194589,P,26,161,06,Washtenaw,2026-04-01,labor_force,199600,210434,-5011,-15845
LAUCN261610000000004,1990,M01,8572,"",26,161,04,Washtenaw,1990-01-01,unemployed_count,,,,
LAUCN261610000000004,1990,M02,7512,"",26,161,04,Washtenaw,1990-02-01,unemployed_count,8572,,-1060,
LAUCN261610000000004,1990,M03,7056,"",26,161,04,Washtenaw,1990-03-01,unemployed_count,7512,,-456,
LAUCN261610000000004,1990,M04,6806,"",26,161,04,Washtenaw,1990-04-01,unemployed_count,7056,,-250,
LAUCN261610000000004,1990,M05,6965,"",26,161,04,Washtenaw,1990-05-01,unemployed_count,6806,,159,
LAUCN261610000000004,1990,M06,7359,"",26,161,04,Washtenaw,1990-06-01,unemployed_count,6965,,394,
LAUCN261610000000004,1990,M07,10277,"",26,161,04,Washtenaw,1990-07-01,unemployed_count,7359,,2918,
LAUCN261610000000004,1990,M08,8325,"",26,161,04,Washtenaw,1990-08-01,unemployed_count,10277,,-1952,
LAUCN261610000000004,1990,M09,6474,"",26,161,04,Washtenaw,1990-09-01,unemployed_count,8325,,-1851,
LAUCN261610000000004,1990,M10,8078,"",26,161,04,Washtenaw,1990-10-01,unemployed_count,6474,,1604,
LAUCN261610000000004,1990,M11,7036,"",26,161,04,Washtenaw,1990-11-01,unemployed_count,8078,,-1042,
LAUCN261610000000004,1990,M12,7322,"",26,161,04,Washtenaw,1990-12-01,unemployed_count,7036,,286,
LAUCN261610000000004,1991,M01,8384,"",26,161,04,Washtenaw,1991-01-01,unemployed_count,7322,8572,1062,-188
LAUCN261610000000004,1991,M02,9432,"",26,161,04,Washtenaw,1991-02-01,unemployed_count,8384,7512,1048,1920
LAUCN261610000000004,1991,M03,8409,"",26,161,04,Washtenaw,1991-03-01,unemployed_count,9432,7056,-1023,1353
LAUCN261610000000004,1991,M04,9754,"",26,161,04,Washtenaw,1991-04-01,unemployed_count,8409,6806,1345,2948
LAUCN261610000000004,1991,M05,8722,"",26,161,04,Washtenaw,1991-05-01,unemployed_count,9754,6965,-1032,1757
LAUCN261610000000004,1991,M06,9112,"",26,161,04,Washtenaw,1991-06-01,unemployed_count,8722,7359,390,1753
LAUCN261610000000004,1991,M07,10848,"",26,161,04,Washtenaw,1991-07-01,unemployed_count,9112,10277,1736,571
LAUCN261610000000004,1991,M08,10054,"",26,161,04,Washtenaw,1991-08-01,unemployed_count,10848,8325,-794,1729
LAUCN261610000000004,1991,M09,9098,"",26,161,04,Washtenaw,1991-09-01,unemployed_count,10054,6474,-956,2624
LAUCN261610000000004,1991,M10,8390,"",26,161,04,Washtenaw,1991-10-01,unemployed_count,9098,8078,-708,312
LAUCN261610000000004,1991,M11,7619,"",26,161,04,Washtenaw,1991-11-01,unemployed_count,8390,7036,-771,583
LAUCN261610000000004,1991,M12,8797,"",26,161,04,Washtenaw,1991-12-01,unemployed_count,7619,7322,1178,1475
LAUCN261610000000004,1992,M01,8438,"",26,161,04,Washtenaw,1992-01-01,unemployed_count,8797,8384,-359,54
LAUCN261610000000004,1992,M02,9996,"",26,161,04,Washtenaw,1992-02-01,unemployed_count,8438,9432,1558,564
LAUCN261610000000004,1992,M03,9718,"",26,161,04,Washtenaw,1992-03-01,unemployed_count,9996,8409,-278,1309
LAUCN261610000000004,1992,M04,7323,"",26,161,04,Washtenaw,1992-04-01,unemployed_count,9718,9754,-2395,-2431
LAUCN261610000000004,1992,M05,7769,"",26,161,04,Washtenaw,1992-05-01,unemployed_count,7323,8722,446,-953
LAUCN261610000000004,1992,M06,8342,"",26,161,04,Washtenaw,1992-06-01,unemployed_count,7769,9112,573,-770
LAUCN261610000000004,1992,M07,8774,"",26,161,04,Washtenaw,1992-07-01,unemployed_count,8342,10848,432,-2074
LAUCN261610000000004,1992,M08,8693,"",26,161,04,Washtenaw,1992-08-01,unemployed_count,8774,10054,-81,-1361
LAUCN261610000000004,1992,M09,7602,"",26,161,04,Washtenaw,1992-09-01,unemployed_count,8693,9098,-1091,-1496
LAUCN261610000000004,1992,M10,6845,"",26,161,04,Washtenaw,1992-10-01,unemployed_count,7602,8390,-757,-1545
LAUCN261610000000004,1992,M11,6831,"",26,161,04,Washtenaw,1992-11-01,unemployed_count,6845,7619,-14,-788
LAUCN261610000000004,1992,M12,6734,"",26,161,04,Washtenaw,1992-12-01,unemployed_count,6831,8797,-97,-2063
LAUCN261610000000004,1993,M01,7458,"",26,161,04,Washtenaw,1993-01-01,unemployed_count,6734,8438,724,-980
LAUCN261610000000004,1993,M02,6959,"",26,161,04,Washtenaw,1993-02-01,unemployed_count,7458,9996,-499,-3037
LAUCN261610000000004,1993,M03,7563,"",26,161,04,Washtenaw,1993-03-01,unemployed_count,6959,9718,604,-2155
LAUCN261610000000004,1993,M04,6203,"",26,161,04,Washtenaw,1993-04-01,unemployed_count,7563,7323,-1360,-1120
LAUCN261610000000004,1993,M05,6821,"",26,161,04,Washtenaw,1993-05-01,unemployed_count,6203,7769,618,-948
LAUCN261610000000004,1993,M06,7616,"",26,161,04,Washtenaw,1993-06-01,unemployed_count,6821,8342,795,-726
LAUCN261610000000004,1993,M07,8293,"",26,161,04,Washtenaw,1993-07-01,unemployed_count,7616,8774,677,-481
LAUCN261610000000004,1993,M08,6507,"",26,161,04,Washtenaw,1993-08-01,unemployed_count,8293,8693,-1786,-2186
LAUCN261610000000004,1993,M09,6460,"",26,161,04,Washtenaw,1993-09-01,unemployed_count,6507,7602,-47,-1142
LAUCN261610000000004,1993,M10,6225,"",26,161,04,Washtenaw,1993-10-01,unemployed_count,6460,6845,-235,-620
LAUCN261610000000004,1993,M11,5940,"",26,161,04,Washtenaw,1993-11-01,unemployed_count,6225,6831,-285,-891
LAUCN261610000000004,1993,M12,5995,"",26,161,04,Washtenaw,1993-12-01,unemployed_count,5940,6734,55,-739
LAUCN261610000000004,1994,M01,7050,"",26,161,04,Washtenaw,1994-01-01,unemployed_count,5995,7458,1055,-408
LAUCN261610000000004,1994,M02,6708,"",26,161,04,Washtenaw,1994-02-01,unemployed_count,7050,6959,-342,-251
LAUCN261610000000004,1994,M03,6466,"",26,161,04,Washtenaw,1994-03-01,unemployed_count,6708,7563,-242,-1097
LAUCN261610000000004,1994,M04,5829,"",26,161,04,Washtenaw,1994-04-01,unemployed_count,6466,6203,-637,-374
LAUCN261610000000004,1994,M05,5648,"",26,161,04,Washtenaw,1994-05-01,unemployed_count,5829,6821,-181,-1173
LAUCN261610000000004,1994,M06,5990,"",26,161,04,Washtenaw,1994-06-01,unemployed_count,5648,7616,342,-1626
LAUCN261610000000004,1994,M07,6232,"",26,161,04,Washtenaw,1994-07-01,unemployed_count,5990,8293,242,-2061
LAUCN261610000000004,1994,M08,5588,"",26,161,04,Washtenaw,1994-08-01,unemployed_count,6232,6507,-644,-919
LAUCN261610000000004,1994,M09,4967,"",26,161,04,Washtenaw,1994-09-01,unemployed_count,5588,6460,-621,-1493
LAUCN261610000000004,1994,M10,4469,"",26,161,04,Washtenaw,1994-10-01,unemployed_count,4967,6225,-498,-1756
LAUCN261610000000004,1994,M11,3867,"",26,161,04,Washtenaw,1994-11-01,unemployed_count,4469,5940,-602,-2073
LAUCN261610000000004,1994,M12,3670,"",26,161,04,Washtenaw,1994-12-01,unemployed_count,3867,5995,-197,-2325
LAUCN261610000000004,1995,M01,5124,"",26,161,04,Washtenaw,1995-01-01,unemployed_count,3670,7050,1454,-1926
LAUCN261610000000004,1995,M02,4528,"",26,161,04,Washtenaw,1995-02-01,unemployed_count,5124,6708,-596,-2180
LAUCN261610000000004,1995,M03,4498,"",26,161,04,Washtenaw,1995-03-01,unemployed_count,4528,6466,-30,-1968
LAUCN261610000000004,1995,M04,4621,"",26,161,04,Washtenaw,1995-04-01,unemployed_count,4498,5829,123,-1208
LAUCN261610000000004,1995,M05,4753,"",26,161,04,Washtenaw,1995-05-01,unemployed_count,4621,5648,132,-895
LAUCN261610000000004,1995,M06,5269,"",26,161,04,Washtenaw,1995-06-01,unemployed_count,4753,5990,516,-721
LAUCN261610000000004,1995,M07,5921,"",26,161,04,Washtenaw,1995-07-01,unemployed_count,5269,6232,652,-311
LAUCN261610000000004,1995,M08,4872,"",26,161,04,Washtenaw,1995-08-01,unemployed_count,5921,5588,-1049,-716
LAUCN261610000000004,1995,M09,4384,"",26,161,04,Washtenaw,1995-09-01,unemployed_count,4872,4967,-488,-583
LAUCN261610000000004,1995,M10,3778,"",26,161,04,Washtenaw,1995-10-01,unemployed_count,4384,4469,-606,-691
LAUCN261610000000004,1995,M11,3395,"",26,161,04,Washtenaw,1995-11-01,unemployed_count,3778,3867,-383,-472
LAUCN261610000000004,1995,M12,3131,"",26,161,04,Washtenaw,1995-12-01,unemployed_count,3395,3670,-264,-539
LAUCN261610000000004,1996,M01,4090,"",26,161,04,Washtenaw,1996-01-01,unemployed_count,3131,5124,959,-1034
LAUCN261610000000004,1996,M02,4002,"",26,161,04,Washtenaw,1996-02-01,unemployed_count,4090,4528,-88,-526
LAUCN261610000000004,1996,M03,3695,"",26,161,04,Washtenaw,1996-03-01,unemployed_count,4002,4498,-307,-803
LAUCN261610000000004,1996,M04,3569,"",26,161,04,Washtenaw,1996-04-01,unemployed_count,3695,4621,-126,-1052
LAUCN261610000000004,1996,M05,3829,"",26,161,04,Washtenaw,1996-05-01,unemployed_count,3569,4753,260,-924
LAUCN261610000000004,1996,M06,4077,"",26,161,04,Washtenaw,1996-06-01,unemployed_count,3829,5269,248,-1192
LAUCN261610000000004,1996,M07,5018,"",26,161,04,Washtenaw,1996-07-01,unemployed_count,4077,5921,941,-903
LAUCN261610000000004,1996,M08,3698,"",26,161,04,Washtenaw,1996-08-01,unemployed_count,5018,4872,-1320,-1174
LAUCN261610000000004,1996,M09,3468,"",26,161,04,Washtenaw,1996-09-01,unemployed_count,3698,4384,-230,-916
LAUCN261610000000004,1996,M10,3061,"",26,161,04,Washtenaw,1996-10-01,unemployed_count,3468,3778,-407,-717
LAUCN261610000000004,1996,M11,2961,"",26,161,04,Washtenaw,1996-11-01,unemployed_count,3061,3395,-100,-434
LAUCN261610000000004,1996,M12,3338,"",26,161,04,Washtenaw,1996-12-01,unemployed_count,2961,3131,377,207
LAUCN261610000000004,1997,M01,4130,"",26,161,04,Washtenaw,1997-01-01,unemployed_count,3338,4090,792,40
LAUCN261610000000004,1997,M02,3772,"",26,161,04,Washtenaw,1997-02-01,unemployed_count,4130,4002,-358,-230
LAUCN261610000000004,1997,M03,3515,"",26,161,04,Washtenaw,1997-03-01,unemployed_count,3772,3695,-257,-180
LAUCN261610000000004,1997,M04,3505,"",26,161,04,Washtenaw,1997-04-01,unemployed_count,3515,3569,-10,-64
LAUCN261610000000004,1997,M05,3319,"",26,161,04,Washtenaw,1997-05-01,unemployed_count,3505,3829,-186,-510
LAUCN261610000000004,1997,M06,3885,"",26,161,04,Washtenaw,1997-06-01,unemployed_count,3319,4077,566,-192
LAUCN261610000000004,1997,M07,4334,"",26,161,04,Washtenaw,1997-07-01,unemployed_count,3885,5018,449,-684
LAUCN261610000000004,1997,M08,3186,"",26,161,04,Washtenaw,1997-08-01,unemployed_count,4334,3698,-1148,-512
LAUCN261610000000004,1997,M09,3281,"",26,161,04,Washtenaw,1997-09-01,unemployed_count,3186,3468,95,-187
LAUCN261610000000004,1997,M10,2824,"",26,161,04,Washtenaw,1997-10-01,unemployed_count,3281,3061,-457,-237
LAUCN261610000000004,1997,M11,2994,"",26,161,04,Washtenaw,1997-11-01,unemployed_count,2824,2961,170,33
LAUCN261610000000004,1997,M12,2905,"",26,161,04,Washtenaw,1997-12-01,unemployed_count,2994,3338,-89,-433
LAUCN261610000000004,1998,M01,3547,"",26,161,04,Washtenaw,1998-01-01,unemployed_count,2905,4130,642,-583
LAUCN261610000000004,1998,M02,3406,"",26,161,04,Washtenaw,1998-02-01,unemployed_count,3547,3772,-141,-366
LAUCN261610000000004,1998,M03,3336,"",26,161,04,Washtenaw,1998-03-01,unemployed_count,3406,3515,-70,-179
LAUCN261610000000004,1998,M04,2491,"",26,161,04,Washtenaw,1998-04-01,unemployed_count,3336,3505,-845,-1014
LAUCN261610000000004,1998,M05,2736,"",26,161,04,Washtenaw,1998-05-01,unemployed_count,2491,3319,245,-583
LAUCN261610000000004,1998,M06,3094,"",26,161,04,Washtenaw,1998-06-01,unemployed_count,2736,3885,358,-791
LAUCN261610000000004,1998,M07,5283,"",26,161,04,Washtenaw,1998-07-01,unemployed_count,3094,4334,2189,949
LAUCN261610000000004,1998,M08,2680,"",26,161,04,Washtenaw,1998-08-01,unemployed_count,5283,3186,-2603,-506
LAUCN261610000000004,1998,M09,3547,"",26,161,04,Washtenaw,1998-09-01,unemployed_count,2680,3281,867,266
LAUCN261610000000004,1998,M10,2680,"",26,161,04,Washtenaw,1998-10-01,unemployed_count,3547,2824,-867,-144
LAUCN261610000000004,1998,M11,2448,"",26,161,04,Washtenaw,1998-11-01,unemployed_count,2680,2994,-232,-546
LAUCN261610000000004,1998,M12,2622,"",26,161,04,Washtenaw,1998-12-01,unemployed_count,2448,2905,174,-283
LAUCN261610000000004,1999,M01,3446,"",26,161,04,Washtenaw,1999-01-01,unemployed_count,2622,3547,824,-101
LAUCN261610000000004,1999,M02,3572,"",26,161,04,Washtenaw,1999-02-01,unemployed_count,3446,3406,126,166
LAUCN261610000000004,1999,M03,3066,"",26,161,04,Washtenaw,1999-03-01,unemployed_count,3572,3336,-506,-270
LAUCN261610000000004,1999,M04,2905,"",26,161,04,Washtenaw,1999-04-01,unemployed_count,3066,2491,-161,414
LAUCN261610000000004,1999,M05,3230,"",26,161,04,Washtenaw,1999-05-01,unemployed_count,2905,2736,325,494
LAUCN261610000000004,1999,M06,3220,"",26,161,04,Washtenaw,1999-06-01,unemployed_count,3230,3094,-10,126
LAUCN261610000000004,1999,M07,3662,"",26,161,04,Washtenaw,1999-07-01,unemployed_count,3220,5283,442,-1621
LAUCN261610000000004,1999,M08,2514,"",26,161,04,Washtenaw,1999-08-01,unemployed_count,3662,2680,-1148,-166
LAUCN261610000000004,1999,M09,2683,"",26,161,04,Washtenaw,1999-09-01,unemployed_count,2514,3547,169,-864
LAUCN261610000000004,1999,M10,2336,"",26,161,04,Washtenaw,1999-10-01,unemployed_count,2683,2680,-347,-344
LAUCN261610000000004,1999,M11,2453,"",26,161,04,Washtenaw,1999-11-01,unemployed_count,2336,2448,117,5
LAUCN261610000000004,1999,M12,2351,"",26,161,04,Washtenaw,1999-12-01,unemployed_count,2453,2622,-102,-271
LAUCN261610000000004,2000,M01,4301,"",26,161,04,Washtenaw,2000-01-01,unemployed_count,2351,3446,1950,855
LAUCN261610000000004,2000,M02,4031,"",26,161,04,Washtenaw,2000-02-01,unemployed_count,4301,3572,-270,459
LAUCN261610000000004,2000,M03,4501,"",26,161,04,Washtenaw,2000-03-01,unemployed_count,4031,3066,470,1435
LAUCN261610000000004,2000,M04,3798,"",26,161,04,Washtenaw,2000-04-01,unemployed_count,4501,2905,-703,893
LAUCN261610000000004,2000,M05,4551,"",26,161,04,Washtenaw,2000-05-01,unemployed_count,3798,3230,753,1321
LAUCN261610000000004,2000,M06,5290,"",26,161,04,Washtenaw,2000-06-01,unemployed_count,4551,3220,739,2070
LAUCN261610000000004,2000,M07,5791,"",26,161,04,Washtenaw,2000-07-01,unemployed_count,5290,3662,501,2129
LAUCN261610000000004,2000,M08,4597,"",26,161,04,Washtenaw,2000-08-01,unemployed_count,5791,2514,-1194,2083
LAUCN261610000000004,2000,M09,4470,"",26,161,04,Washtenaw,2000-09-01,unemployed_count,4597,2683,-127,1787
LAUCN261610000000004,2000,M10,4143,"",26,161,04,Washtenaw,2000-10-01,unemployed_count,4470,2336,-327,1807
LAUCN261610000000004,2000,M11,4156,"",26,161,04,Washtenaw,2000-11-01,unemployed_count,4143,2453,13,1703
LAUCN261610000000004,2000,M12,4086,"",26,161,04,Washtenaw,2000-12-01,unemployed_count,4156,2351,-70,1735
LAUCN261610000000004,2001,M01,5116,"",26,161,04,Washtenaw,2001-01-01,unemployed_count,4086,4301,1030,815
LAUCN261610000000004,2001,M02,5226,"",26,161,04,Washtenaw,2001-02-01,unemployed_count,5116,4031,110,1195
LAUCN261610000000004,2001,M03,5593,"",26,161,04,Washtenaw,2001-03-01,unemployed_count,5226,4501,367,1092
LAUCN261610000000004,2001,M04,5056,"",26,161,04,Washtenaw,2001-04-01,unemployed_count,5593,3798,-537,1258
LAUCN261610000000004,2001,M05,5630,"",26,161,04,Washtenaw,2001-05-01,unemployed_count,5056,4551,574,1079
LAUCN261610000000004,2001,M06,6585,"",26,161,04,Washtenaw,2001-06-01,unemployed_count,5630,5290,955,1295
LAUCN261610000000004,2001,M07,6116,"",26,161,04,Washtenaw,2001-07-01,unemployed_count,6585,5791,-469,325
LAUCN261610000000004,2001,M08,5783,"",26,161,04,Washtenaw,2001-08-01,unemployed_count,6116,4597,-333,1186
LAUCN261610000000004,2001,M09,6056,"",26,161,04,Washtenaw,2001-09-01,unemployed_count,5783,4470,273,1586
LAUCN261610000000004,2001,M10,5993,"",26,161,04,Washtenaw,2001-10-01,unemployed_count,6056,4143,-63,1850
LAUCN261610000000004,2001,M11,6235,"",26,161,04,Washtenaw,2001-11-01,unemployed_count,5993,4156,242,2079
LAUCN261610000000004,2001,M12,6520,"",26,161,04,Washtenaw,2001-12-01,unemployed_count,6235,4086,285,2434
LAUCN261610000000004,2002,M01,7299,"",26,161,04,Washtenaw,2002-01-01,unemployed_count,6520,5116,779,2183
LAUCN261610000000004,2002,M02,6804,"",26,161,04,Washtenaw,2002-02-01,unemployed_count,7299,5226,-495,1578
LAUCN261610000000004,2002,M03,7263,"",26,161,04,Washtenaw,2002-03-01,unemployed_count,6804,5593,459,1670
LAUCN261610000000004,2002,M04,6683,"",26,161,04,Washtenaw,2002-04-01,unemployed_count,7263,5056,-580,1627
LAUCN261610000000004,2002,M05,7234,"",26,161,04,Washtenaw,2002-05-01,unemployed_count,6683,5630,551,1604
LAUCN261610000000004,2002,M06,8331,"",26,161,04,Washtenaw,2002-06-01,unemployed_count,7234,6585,1097,1746
LAUCN261610000000004,2002,M07,7829,"",26,161,04,Washtenaw,2002-07-01,unemployed_count,8331,6116,-502,1713
LAUCN261610000000004,2002,M08,6213,"",26,161,04,Washtenaw,2002-08-01,unemployed_count,7829,5783,-1616,430
LAUCN261610000000004,2002,M09,5769,"",26,161,04,Washtenaw,2002-09-01,unemployed_count,6213,6056,-444,-287
LAUCN261610000000004,2002,M10,5215,"",26,161,04,Washtenaw,2002-10-01,unemployed_count,5769,5993,-554,-778
LAUCN261610000000004,2002,M11,5604,"",26,161,04,Washtenaw,2002-11-01,unemployed_count,5215,6235,389,-631
LAUCN261610000000004,2002,M12,5884,"",26,161,04,Washtenaw,2002-12-01,unemployed_count,5604,6520,280,-636
LAUCN261610000000004,2003,M01,7042,"",26,161,04,Washtenaw,2003-01-01,unemployed_count,5884,7299,1158,-257
LAUCN261610000000004,2003,M02,7044,"",26,161,04,Washtenaw,2003-02-01,unemployed_count,7042,6804,2,240
LAUCN261610000000004,2003,M03,7364,"",26,161,04,Washtenaw,2003-03-01,unemployed_count,7044,7263,320,101
LAUCN261610000000004,2003,M04,6687,"",26,161,04,Washtenaw,2003-04-01,unemployed_count,7364,6683,-677,4
LAUCN261610000000004,2003,M05,7959,"",26,161,04,Washtenaw,2003-05-01,unemployed_count,6687,7234,1272,725
LAUCN261610000000004,2003,M06,9459,"",26,161,04,Washtenaw,2003-06-01,unemployed_count,7959,8331,1500,1128
LAUCN261610000000004,2003,M07,8942,"",26,161,04,Washtenaw,2003-07-01,unemployed_count,9459,7829,-517,1113
LAUCN261610000000004,2003,M08,7878,"",26,161,04,Washtenaw,2003-08-01,unemployed_count,8942,6213,-1064,1665
LAUCN261610000000004,2003,M09,7716,"",26,161,04,Washtenaw,2003-09-01,unemployed_count,7878,5769,-162,1947
LAUCN261610000000004,2003,M10,6940,"",26,161,04,Washtenaw,2003-10-01,unemployed_count,7716,5215,-776,1725
LAUCN261610000000004,2003,M11,6672,"",26,161,04,Washtenaw,2003-11-01,unemployed_count,6940,5604,-268,1068
LAUCN261610000000004,2003,M12,6632,"",26,161,04,Washtenaw,2003-12-01,unemployed_count,6672,5884,-40,748
LAUCN261610000000004,2004,M01,7560,"",26,161,04,Washtenaw,2004-01-01,unemployed_count,6632,7042,928,518
LAUCN261610000000004,2004,M02,7470,"",26,161,04,Washtenaw,2004-02-01,unemployed_count,7560,7044,-90,426
LAUCN261610000000004,2004,M03,8389,"",26,161,04,Washtenaw,2004-03-01,unemployed_count,7470,7364,919,1025
LAUCN261610000000004,2004,M04,6873,"",26,161,04,Washtenaw,2004-04-01,unemployed_count,8389,6687,-1516,186
LAUCN261610000000004,2004,M05,8087,"",26,161,04,Washtenaw,2004-05-01,unemployed_count,6873,7959,1214,128
LAUCN261610000000004,2004,M06,9100,"",26,161,04,Washtenaw,2004-06-01,unemployed_count,8087,9459,1013,-359
LAUCN261610000000004,2004,M07,8898,"",26,161,04,Washtenaw,2004-07-01,unemployed_count,9100,8942,-202,-44
LAUCN261610000000004,2004,M08,7701,"",26,161,04,Washtenaw,2004-08-01,unemployed_count,8898,7878,-1197,-177
LAUCN261610000000004,2004,M09,7790,"",26,161,04,Washtenaw,2004-09-01,unemployed_count,7701,7716,89,74
LAUCN261610000000004,2004,M10,7345,"",26,161,04,Washtenaw,2004-10-01,unemployed_count,7790,6940,-445,405
LAUCN261610000000004,2004,M11,7744,"",26,161,04,Washtenaw,2004-11-01,unemployed_count,7345,6672,399,1072
LAUCN261610000000004,2004,M12,7965,"",26,161,04,Washtenaw,2004-12-01,unemployed_count,7744,6632,221,1333
LAUCN261610000000004,2005,M01,8596,"",26,161,04,Washtenaw,2005-01-01,unemployed_count,7965,7560,631,1036
LAUCN261610000000004,2005,M02,8744,"",26,161,04,Washtenaw,2005-02-01,unemployed_count,8596,7470,148,1274
LAUCN261610000000004,2005,M03,8552,"",26,161,04,Washtenaw,2005-03-01,unemployed_count,8744,8389,-192,163
LAUCN261610000000004,2005,M04,8174,"",26,161,04,Washtenaw,2005-04-01,unemployed_count,8552,6873,-378,1301
LAUCN261610000000004,2005,M05,8862,"",26,161,04,Washtenaw,2005-05-01,unemployed_count,8174,8087,688,775
LAUCN261610000000004,2005,M06,9047,"",26,161,04,Washtenaw,2005-06-01,unemployed_count,8862,9100,185,-53
LAUCN261610000000004,2005,M07,9164,"",26,161,04,Washtenaw,2005-07-01,unemployed_count,9047,8898,117,266
LAUCN261610000000004,2005,M08,8066,"",26,161,04,Washtenaw,2005-08-01,unemployed_count,9164,7701,-1098,365
LAUCN261610000000004,2005,M09,8223,"",26,161,04,Washtenaw,2005-09-01,unemployed_count,8066,7790,157,433
LAUCN261610000000004,2005,M10,7282,"",26,161,04,Washtenaw,2005-10-01,unemployed_count,8223,7345,-941,-63
LAUCN261610000000004,2005,M11,8053,"",26,161,04,Washtenaw,2005-11-01,unemployed_count,7282,7744,771,309
LAUCN261610000000004,2005,M12,8029,"",26,161,04,Washtenaw,2005-12-01,unemployed_count,8053,7965,-24,64
LAUCN261610000000004,2006,M01,8584,"",26,161,04,Washtenaw,2006-01-01,unemployed_count,8029,8596,555,-12
LAUCN261610000000004,2006,M02,8953,"",26,161,04,Washtenaw,2006-02-01,unemployed_count,8584,8744,369,209
LAUCN261610000000004,2006,M03,9153,"",26,161,04,Washtenaw,2006-03-01,unemployed_count,8953,8552,200,601
LAUCN261610000000004,2006,M04,8444,"",26,161,04,Washtenaw,2006-04-01,unemployed_count,9153,8174,-709,270
LAUCN261610000000004,2006,M05,8623,"",26,161,04,Washtenaw,2006-05-01,unemployed_count,8444,8862,179,-239
LAUCN261610000000004,2006,M06,9723,"",26,161,04,Washtenaw,2006-06-01,unemployed_count,8623,9047,1100,676
LAUCN261610000000004,2006,M07,10023,"",26,161,04,Washtenaw,2006-07-01,unemployed_count,9723,9164,300,859
LAUCN261610000000004,2006,M08,9236,"",26,161,04,Washtenaw,2006-08-01,unemployed_count,10023,8066,-787,1170
LAUCN261610000000004,2006,M09,9081,"",26,161,04,Washtenaw,2006-09-01,unemployed_count,9236,8223,-155,858
LAUCN261610000000004,2006,M10,8253,"",26,161,04,Washtenaw,2006-10-01,unemployed_count,9081,7282,-828,971
LAUCN261610000000004,2006,M11,8185,"",26,161,04,Washtenaw,2006-11-01,unemployed_count,8253,8053,-68,132
LAUCN261610000000004,2006,M12,8617,"",26,161,04,Washtenaw,2006-12-01,unemployed_count,8185,8029,432,588
LAUCN261610000000004,2007,M01,9227,"",26,161,04,Washtenaw,2007-01-01,unemployed_count,8617,8584,610,643
LAUCN261610000000004,2007,M02,8896,"",26,161,04,Washtenaw,2007-02-01,unemployed_count,9227,8953,-331,-57
LAUCN261610000000004,2007,M03,8833,"",26,161,04,Washtenaw,2007-03-01,unemployed_count,8896,9153,-63,-320
LAUCN261610000000004,2007,M04,8528,"",26,161,04,Washtenaw,2007-04-01,unemployed_count,8833,8444,-305,84
LAUCN261610000000004,2007,M05,8873,"",26,161,04,Washtenaw,2007-05-01,unemployed_count,8528,8623,345,250
LAUCN261610000000004,2007,M06,10047,"",26,161,04,Washtenaw,2007-06-01,unemployed_count,8873,9723,1174,324
LAUCN261610000000004,2007,M07,10614,"",26,161,04,Washtenaw,2007-07-01,unemployed_count,10047,10023,567,591
LAUCN261610000000004,2007,M08,9494,"",26,161,04,Washtenaw,2007-08-01,unemployed_count,10614,9236,-1120,258
LAUCN261610000000004,2007,M09,9593,"",26,161,04,Washtenaw,2007-09-01,unemployed_count,9494,9081,99,512
LAUCN261610000000004,2007,M10,8713,"",26,161,04,Washtenaw,2007-10-01,unemployed_count,9593,8253,-880,460
LAUCN261610000000004,2007,M11,8502,"",26,161,04,Washtenaw,2007-11-01,unemployed_count,8713,8185,-211,317
LAUCN261610000000004,2007,M12,9064,"",26,161,04,Washtenaw,2007-12-01,unemployed_count,8502,8617,562,447
LAUCN261610000000004,2008,M01,9102,"",26,161,04,Washtenaw,2008-01-01,unemployed_count,9064,9227,38,-125
LAUCN261610000000004,2008,M02,8893,"",26,161,04,Washtenaw,2008-02-01,unemployed_count,9102,8896,-209,-3
LAUCN261610000000004,2008,M03,9329,"",26,161,04,Washtenaw,2008-03-01,unemployed_count,8893,8833,436,496
LAUCN261610000000004,2008,M04,8772,"",26,161,04,Washtenaw,2008-04-01,unemployed_count,9329,8528,-557,244
LAUCN261610000000004,2008,M05,11008,"",26,161,04,Washtenaw,2008-05-01,unemployed_count,8772,8873,2236,2135
LAUCN261610000000004,2008,M06,12048,"",26,161,04,Washtenaw,2008-06-01,unemployed_count,11008,10047,1040,2001
LAUCN261610000000004,2008,M07,12488,"",26,161,04,Washtenaw,2008-07-01,unemployed_count,12048,10614,440,1874
LAUCN261610000000004,2008,M08,11623,"",26,161,04,Washtenaw,2008-08-01,unemployed_count,12488,9494,-865,2129
LAUCN261610000000004,2008,M09,11239,"",26,161,04,Washtenaw,2008-09-01,unemployed_count,11623,9593,-384,1646
LAUCN261610000000004,2008,M10,10759,"",26,161,04,Washtenaw,2008-10-01,unemployed_count,11239,8713,-480,2046
LAUCN261610000000004,2008,M11,10497,"",26,161,04,Washtenaw,2008-11-01,unemployed_count,10759,8502,-262,1995
LAUCN261610000000004,2008,M12,11656,"",26,161,04,Washtenaw,2008-12-01,unemployed_count,10497,9064,1159,2592
LAUCN261610000000004,2009,M01,12737,"",26,161,04,Washtenaw,2009-01-01,unemployed_count,11656,9102,1081,3635
LAUCN261610000000004,2009,M02,14345,"",26,161,04,Washtenaw,2009-02-01,unemployed_count,12737,8893,1608,5452
LAUCN261610000000004,2009,M03,15165,"",26,161,04,Washtenaw,2009-03-01,unemployed_count,14345,9329,820,5836
LAUCN261610000000004,2009,M04,15145,"",26,161,04,Washtenaw,2009-04-01,unemployed_count,15165,8772,-20,6373
LAUCN261610000000004,2009,M05,16903,"",26,161,04,Washtenaw,2009-05-01,unemployed_count,15145,11008,1758,5895
LAUCN261610000000004,2009,M06,19450,"",26,161,04,Washtenaw,2009-06-01,unemployed_count,16903,12048,2547,7402
LAUCN261610000000004,2009,M07,19187,"",26,161,04,Washtenaw,2009-07-01,unemployed_count,19450,12488,-263,6699
LAUCN261610000000004,2009,M08,17344,"",26,161,04,Washtenaw,2009-08-01,unemployed_count,19187,11623,-1843,5721
LAUCN261610000000004,2009,M09,16822,"",26,161,04,Washtenaw,2009-09-01,unemployed_count,17344,11239,-522,5583
LAUCN261610000000004,2009,M10,16152,"",26,161,04,Washtenaw,2009-10-01,unemployed_count,16822,10759,-670,5393
LAUCN261610000000004,2009,M11,15311,"",26,161,04,Washtenaw,2009-11-01,unemployed_count,16152,10497,-841,4814
LAUCN261610000000004,2009,M12,15414,"",26,161,04,Washtenaw,2009-12-01,unemployed_count,15311,11656,103,3758
LAUCN261610000000004,2010,M01,16081,"",26,161,04,Washtenaw,2010-01-01,unemployed_count,15414,12737,667,3344
LAUCN261610000000004,2010,M02,15683,"",26,161,04,Washtenaw,2010-02-01,unemployed_count,16081,14345,-398,1338
LAUCN261610000000004,2010,M03,16278,"",26,161,04,Washtenaw,2010-03-01,unemployed_count,15683,15165,595,1113
LAUCN261610000000004,2010,M04,15194,"",26,161,04,Washtenaw,2010-04-01,unemployed_count,16278,15145,-1084,49
LAUCN261610000000004,2010,M05,15544,"",26,161,04,Washtenaw,2010-05-01,unemployed_count,15194,16903,350,-1359
LAUCN261610000000004,2010,M06,16518,"",26,161,04,Washtenaw,2010-06-01,unemployed_count,15544,19450,974,-2932
LAUCN261610000000004,2010,M07,17324,"",26,161,04,Washtenaw,2010-07-01,unemployed_count,16518,19187,806,-1863
LAUCN261610000000004,2010,M08,15303,"",26,161,04,Washtenaw,2010-08-01,unemployed_count,17324,17344,-2021,-2041
LAUCN261610000000004,2010,M09,14139,"",26,161,04,Washtenaw,2010-09-01,unemployed_count,15303,16822,-1164,-2683
LAUCN261610000000004,2010,M10,13088,"",26,161,04,Washtenaw,2010-10-01,unemployed_count,14139,16152,-1051,-3064
LAUCN261610000000004,2010,M11,12354,"",26,161,04,Washtenaw,2010-11-01,unemployed_count,13088,15311,-734,-2957
LAUCN261610000000004,2010,M12,11662,"",26,161,04,Washtenaw,2010-12-01,unemployed_count,12354,15414,-692,-3752
LAUCN261610000000004,2011,M01,12307,"",26,161,04,Washtenaw,2011-01-01,unemployed_count,11662,16081,645,-3774
LAUCN261610000000004,2011,M02,11969,"",26,161,04,Washtenaw,2011-02-01,unemployed_count,12307,15683,-338,-3714
LAUCN261610000000004,2011,M03,12324,"",26,161,04,Washtenaw,2011-03-01,unemployed_count,11969,16278,355,-3954
LAUCN261610000000004,2011,M04,11420,"",26,161,04,Washtenaw,2011-04-01,unemployed_count,12324,15194,-904,-3774
LAUCN261610000000004,2011,M05,12294,"",26,161,04,Washtenaw,2011-05-01,unemployed_count,11420,15544,874,-3250
LAUCN261610000000004,2011,M06,13683,"",26,161,04,Washtenaw,2011-06-01,unemployed_count,12294,16518,1389,-2835
LAUCN261610000000004,2011,M07,14307,"",26,161,04,Washtenaw,2011-07-01,unemployed_count,13683,17324,624,-3017
LAUCN261610000000004,2011,M08,12753,"",26,161,04,Washtenaw,2011-08-01,unemployed_count,14307,15303,-1554,-2550
LAUCN261610000000004,2011,M09,11917,"",26,161,04,Washtenaw,2011-09-01,unemployed_count,12753,14139,-836,-2222
LAUCN261610000000004,2011,M10,10915,"",26,161,04,Washtenaw,2011-10-01,unemployed_count,11917,13088,-1002,-2173
LAUCN261610000000004,2011,M11,9979,"",26,161,04,Washtenaw,2011-11-01,unemployed_count,10915,12354,-936,-2375
LAUCN261610000000004,2011,M12,10136,"",26,161,04,Washtenaw,2011-12-01,unemployed_count,9979,11662,157,-1526
LAUCN261610000000004,2012,M01,10592,"",26,161,04,Washtenaw,2012-01-01,unemployed_count,10136,12307,456,-1715
LAUCN261610000000004,2012,M02,10606,"",26,161,04,Washtenaw,2012-02-01,unemployed_count,10592,11969,14,-1363
LAUCN261610000000004,2012,M03,10900,"",26,161,04,Washtenaw,2012-03-01,unemployed_count,10606,12324,294,-1424
LAUCN261610000000004,2012,M04,10130,"",26,161,04,Washtenaw,2012-04-01,unemployed_count,10900,11420,-770,-1290
LAUCN261610000000004,2012,M05,11259,"",26,161,04,Washtenaw,2012-05-01,unemployed_count,10130,12294,1129,-1035
LAUCN261610000000004,2012,M06,12385,"",26,161,04,Washtenaw,2012-06-01,unemployed_count,11259,13683,1126,-1298
LAUCN261610000000004,2012,M07,13320,"",26,161,04,Washtenaw,2012-07-01,unemployed_count,12385,14307,935,-987
LAUCN261610000000004,2012,M08,11361,"",26,161,04,Washtenaw,2012-08-01,unemployed_count,13320,12753,-1959,-1392
LAUCN261610000000004,2012,M09,9963,"",26,161,04,Washtenaw,2012-09-01,unemployed_count,11361,11917,-1398,-1954
LAUCN261610000000004,2012,M10,9756,"",26,161,04,Washtenaw,2012-10-01,unemployed_count,9963,10915,-207,-1159
LAUCN261610000000004,2012,M11,9002,"",26,161,04,Washtenaw,2012-11-01,unemployed_count,9756,9979,-754,-977
LAUCN261610000000004,2012,M12,9941,"",26,161,04,Washtenaw,2012-12-01,unemployed_count,9002,10136,939,-195
LAUCN261610000000004,2013,M01,10513,"",26,161,04,Washtenaw,2013-01-01,unemployed_count,9941,10592,572,-79
LAUCN261610000000004,2013,M02,10315,"",26,161,04,Washtenaw,2013-02-01,unemployed_count,10513,10606,-198,-291
LAUCN261610000000004,2013,M03,10256,"",26,161,04,Washtenaw,2013-03-01,unemployed_count,10315,10900,-59,-644
LAUCN261610000000004,2013,M04,9903,"",26,161,04,Washtenaw,2013-04-01,unemployed_count,10256,10130,-353,-227
LAUCN261610000000004,2013,M05,11331,"",26,161,04,Washtenaw,2013-05-01,unemployed_count,9903,11259,1428,72
LAUCN261610000000004,2013,M06,12634,"",26,161,04,Washtenaw,2013-06-01,unemployed_count,11331,12385,1303,249
LAUCN261610000000004,2013,M07,13159,"",26,161,04,Washtenaw,2013-07-01,unemployed_count,12634,13320,525,-161
LAUCN261610000000004,2013,M08,11425,"",26,161,04,Washtenaw,2013-08-01,unemployed_count,13159,11361,-1734,64
LAUCN261610000000004,2013,M09,10414,"",26,161,04,Washtenaw,2013-09-01,unemployed_count,11425,9963,-1011,451
LAUCN261610000000004,2013,M10,10297,"",26,161,04,Washtenaw,2013-10-01,unemployed_count,10414,9756,-117,541
LAUCN261610000000004,2013,M11,9336,"",26,161,04,Washtenaw,2013-11-01,unemployed_count,10297,9002,-961,334
LAUCN261610000000004,2013,M12,8994,"",26,161,04,Washtenaw,2013-12-01,unemployed_count,9336,9941,-342,-947
LAUCN261610000000004,2014,M01,9194,"",26,161,04,Washtenaw,2014-01-01,unemployed_count,8994,10513,200,-1319
LAUCN261610000000004,2014,M02,9696,"",26,161,04,Washtenaw,2014-02-01,unemployed_count,9194,10315,502,-619
LAUCN261610000000004,2014,M03,9730,"",26,161,04,Washtenaw,2014-03-01,unemployed_count,9696,10256,34,-526
LAUCN261610000000004,2014,M04,8897,"",26,161,04,Washtenaw,2014-04-01,unemployed_count,9730,9903,-833,-1006
LAUCN261610000000004,2014,M05,10110,"",26,161,04,Washtenaw,2014-05-01,unemployed_count,8897,11331,1213,-1221
LAUCN261610000000004,2014,M06,10445,"",26,161,04,Washtenaw,2014-06-01,unemployed_count,10110,12634,335,-2189
LAUCN261610000000004,2014,M07,11329,"",26,161,04,Washtenaw,2014-07-01,unemployed_count,10445,13159,884,-1830
LAUCN261610000000004,2014,M08,9205,"",26,161,04,Washtenaw,2014-08-01,unemployed_count,11329,11425,-2124,-2220
LAUCN261610000000004,2014,M09,8760,"",26,161,04,Washtenaw,2014-09-01,unemployed_count,9205,10414,-445,-1654
LAUCN261610000000004,2014,M10,8054,"",26,161,04,Washtenaw,2014-10-01,unemployed_count,8760,10297,-706,-2243
LAUCN261610000000004,2014,M11,7187,"",26,161,04,Washtenaw,2014-11-01,unemployed_count,8054,9336,-867,-2149
LAUCN261610000000004,2014,M12,6727,"",26,161,04,Washtenaw,2014-12-01,unemployed_count,7187,8994,-460,-2267
LAUCN261610000000004,2015,M01,7627,"",26,161,04,Washtenaw,2015-01-01,unemployed_count,6727,9194,900,-1567
LAUCN261610000000004,2015,M02,6996,"",26,161,04,Washtenaw,2015-02-01,unemployed_count,7627,9696,-631,-2700
LAUCN261610000000004,2015,M03,6936,"",26,161,04,Washtenaw,2015-03-01,unemployed_count,6996,9730,-60,-2794
LAUCN261610000000004,2015,M04,6683,"",26,161,04,Washtenaw,2015-04-01,unemployed_count,6936,8897,-253,-2214
LAUCN261610000000004,2015,M05,8166,"",26,161,04,Washtenaw,2015-05-01,unemployed_count,6683,10110,1483,-1944
LAUCN261610000000004,2015,M06,8212,"",26,161,04,Washtenaw,2015-06-01,unemployed_count,8166,10445,46,-2233
LAUCN261610000000004,2015,M07,8620,"",26,161,04,Washtenaw,2015-07-01,unemployed_count,8212,11329,408,-2709
LAUCN261610000000004,2015,M08,7112,"",26,161,04,Washtenaw,2015-08-01,unemployed_count,8620,9205,-1508,-2093
LAUCN261610000000004,2015,M09,6467,"",26,161,04,Washtenaw,2015-09-01,unemployed_count,7112,8760,-645,-2293
LAUCN261610000000004,2015,M10,6439,"",26,161,04,Washtenaw,2015-10-01,unemployed_count,6467,8054,-28,-1615
LAUCN261610000000004,2015,M11,5616,"",26,161,04,Washtenaw,2015-11-01,unemployed_count,6439,7187,-823,-1571
LAUCN261610000000004,2015,M12,5430,"",26,161,04,Washtenaw,2015-12-01,unemployed_count,5616,6727,-186,-1297
LAUCN261610000000004,2016,M01,6151,T,26,161,04,Washtenaw,2016-01-01,unemployed_count,5430,7627,721,-1476
LAUCN261610000000004,2016,M02,6275,T,26,161,04,Washtenaw,2016-02-01,unemployed_count,6151,6996,124,-721
LAUCN261610000000004,2016,M03,6575,T,26,161,04,Washtenaw,2016-03-01,unemployed_count,6275,6936,300,-361
LAUCN261610000000004,2016,M04,6276,T,26,161,04,Washtenaw,2016-04-01,unemployed_count,6575,6683,-299,-407
LAUCN261610000000004,2016,M05,6961,T,26,161,04,Washtenaw,2016-05-01,unemployed_count,6276,8166,685,-1205
LAUCN261610000000004,2016,M06,7888,T,26,161,04,Washtenaw,2016-06-01,unemployed_count,6961,8212,927,-324
LAUCN261610000000004,2016,M07,8741,T,26,161,04,Washtenaw,2016-07-01,unemployed_count,7888,8620,853,121
LAUCN261610000000004,2016,M08,7826,T,26,161,04,Washtenaw,2016-08-01,unemployed_count,8741,7112,-915,714
LAUCN261610000000004,2016,M09,7252,T,26,161,04,Washtenaw,2016-09-01,unemployed_count,7826,6467,-574,785
LAUCN261610000000004,2016,M10,7411,T,26,161,04,Washtenaw,2016-10-01,unemployed_count,7252,6439,159,972
LAUCN261610000000004,2016,M11,6208,T,26,161,04,Washtenaw,2016-11-01,unemployed_count,7411,5616,-1203,592
LAUCN261610000000004,2016,M12,5597,T,26,161,04,Washtenaw,2016-12-01,unemployed_count,6208,5430,-611,167
LAUCN261610000000004,2017,M01,6856,T,26,161,04,Washtenaw,2017-01-01,unemployed_count,5597,6151,1259,705
LAUCN261610000000004,2017,M02,6753,T,26,161,04,Washtenaw,2017-02-01,unemployed_count,6856,6275,-103,478
LAUCN261610000000004,2017,M03,5952,T,26,161,04,Washtenaw,2017-03-01,unemployed_count,6753,6575,-801,-623
LAUCN261610000000004,2017,M04,5134,T,26,161,04,Washtenaw,2017-04-01,unemployed_count,5952,6276,-818,-1142
LAUCN261610000000004,2017,M05,6219,T,26,161,04,Washtenaw,2017-05-01,unemployed_count,5134,6961,1085,-742
LAUCN261610000000004,2017,M06,7253,T,26,161,04,Washtenaw,2017-06-01,unemployed_count,6219,7888,1034,-635
LAUCN261610000000004,2017,M07,8924,T,26,161,04,Washtenaw,2017-07-01,unemployed_count,7253,8741,1671,183
LAUCN261610000000004,2017,M08,7797,T,26,161,04,Washtenaw,2017-08-01,unemployed_count,8924,7826,-1127,-29
LAUCN261610000000004,2017,M09,7525,T,26,161,04,Washtenaw,2017-09-01,unemployed_count,7797,7252,-272,273
LAUCN261610000000004,2017,M10,6295,T,26,161,04,Washtenaw,2017-10-01,unemployed_count,7525,7411,-1230,-1116
LAUCN261610000000004,2017,M11,5854,T,26,161,04,Washtenaw,2017-11-01,unemployed_count,6295,6208,-441,-354
LAUCN261610000000004,2017,M12,5589,T,26,161,04,Washtenaw,2017-12-01,unemployed_count,5854,5597,-265,-8
LAUCN261610000000004,2018,M01,6367,T,26,161,04,Washtenaw,2018-01-01,unemployed_count,5589,6856,778,-489
LAUCN261610000000004,2018,M02,6329,T,26,161,04,Washtenaw,2018-02-01,unemployed_count,6367,6753,-38,-424
LAUCN261610000000004,2018,M03,5713,T,26,161,04,Washtenaw,2018-03-01,unemployed_count,6329,5952,-616,-239
LAUCN261610000000004,2018,M04,5289,T,26,161,04,Washtenaw,2018-04-01,unemployed_count,5713,5134,-424,155
LAUCN261610000000004,2018,M05,5712,T,26,161,04,Washtenaw,2018-05-01,unemployed_count,5289,6219,423,-507
LAUCN261610000000004,2018,M06,6826,T,26,161,04,Washtenaw,2018-06-01,unemployed_count,5712,7253,1114,-427
LAUCN261610000000004,2018,M07,7472,T,26,161,04,Washtenaw,2018-07-01,unemployed_count,6826,8924,646,-1452
LAUCN261610000000004,2018,M08,6151,T,26,161,04,Washtenaw,2018-08-01,unemployed_count,7472,7797,-1321,-1646
LAUCN261610000000004,2018,M09,5755,T,26,161,04,Washtenaw,2018-09-01,unemployed_count,6151,7525,-396,-1770
LAUCN261610000000004,2018,M10,5687,T,26,161,04,Washtenaw,2018-10-01,unemployed_count,5755,6295,-68,-608
LAUCN261610000000004,2018,M11,4999,T,26,161,04,Washtenaw,2018-11-01,unemployed_count,5687,5854,-688,-855
LAUCN261610000000004,2018,M12,5293,T,26,161,04,Washtenaw,2018-12-01,unemployed_count,4999,5589,294,-296
LAUCN261610000000004,2019,M01,5658,T,26,161,04,Washtenaw,2019-01-01,unemployed_count,5293,6367,365,-709
LAUCN261610000000004,2019,M02,5809,T,26,161,04,Washtenaw,2019-02-01,unemployed_count,5658,6329,151,-520
LAUCN261610000000004,2019,M03,6281,T,26,161,04,Washtenaw,2019-03-01,unemployed_count,5809,5713,472,568
LAUCN261610000000004,2019,M04,5247,T,26,161,04,Washtenaw,2019-04-01,unemployed_count,6281,5289,-1034,-42
LAUCN261610000000004,2019,M05,5864,T,26,161,04,Washtenaw,2019-05-01,unemployed_count,5247,5712,617,152
LAUCN261610000000004,2019,M06,6801,T,26,161,04,Washtenaw,2019-06-01,unemployed_count,5864,6826,937,-25
LAUCN261610000000004,2019,M07,7986,T,26,161,04,Washtenaw,2019-07-01,unemployed_count,6801,7472,1185,514
LAUCN261610000000004,2019,M08,6455,T,26,161,04,Washtenaw,2019-08-01,unemployed_count,7986,6151,-1531,304
LAUCN261610000000004,2019,M09,5734,T,26,161,04,Washtenaw,2019-09-01,unemployed_count,6455,5755,-721,-21
LAUCN261610000000004,2019,M10,4829,T,26,161,04,Washtenaw,2019-10-01,unemployed_count,5734,5687,-905,-858
LAUCN261610000000004,2019,M11,4344,T,26,161,04,Washtenaw,2019-11-01,unemployed_count,4829,4999,-485,-655
LAUCN261610000000004,2019,M12,4332,T,26,161,04,Washtenaw,2019-12-01,unemployed_count,4344,5293,-12,-961
LAUCN261610000000004,2020,M01,4777,T,26,161,04,Washtenaw,2020-01-01,unemployed_count,4332,5658,445,-881
LAUCN261610000000004,2020,M02,4692,T,26,161,04,Washtenaw,2020-02-01,unemployed_count,4777,5809,-85,-1117
LAUCN261610000000004,2020,M03,5931,T,26,161,04,Washtenaw,2020-03-01,unemployed_count,4692,6281,1239,-350
LAUCN261610000000004,2020,M04,25613,T,26,161,04,Washtenaw,2020-04-01,unemployed_count,5931,5247,19682,20366
LAUCN261610000000004,2020,M05,22492,T,26,161,04,Washtenaw,2020-05-01,unemployed_count,25613,5864,-3121,16628
LAUCN261610000000004,2020,M06,20892,T,26,161,04,Washtenaw,2020-06-01,unemployed_count,22492,6801,-1600,14091
LAUCN261610000000004,2020,M07,19462,T,26,161,04,Washtenaw,2020-07-01,unemployed_count,20892,7986,-1430,11476
LAUCN261610000000004,2020,M08,14503,T,26,161,04,Washtenaw,2020-08-01,unemployed_count,19462,6455,-4959,8048
LAUCN261610000000004,2020,M09,12247,T,26,161,04,Washtenaw,2020-09-01,unemployed_count,14503,5734,-2256,6513
LAUCN261610000000004,2020,M10,9233,T,26,161,04,Washtenaw,2020-10-01,unemployed_count,12247,4829,-3014,4404
LAUCN261610000000004,2020,M11,8327,T,26,161,04,Washtenaw,2020-11-01,unemployed_count,9233,4344,-906,3983
LAUCN261610000000004,2020,M12,8824,T,26,161,04,Washtenaw,2020-12-01,unemployed_count,8327,4332,497,4492
LAUCN261610000000004,2021,M01,8681,T,26,161,04,Washtenaw,2021-01-01,unemployed_count,8824,4777,-143,3904
LAUCN261610000000004,2021,M02,8523,T,26,161,04,Washtenaw,2021-02-01,unemployed_count,8681,4692,-158,3831
LAUCN261610000000004,2021,M03,8650,T,26,161,04,Washtenaw,2021-03-01,unemployed_count,8523,5931,127,2719
LAUCN261610000000004,2021,M04,8195,T,26,161,04,Washtenaw,2021-04-01,unemployed_count,8650,25613,-455,-17418
LAUCN261610000000004,2021,M05,8874,T,26,161,04,Washtenaw,2021-05-01,unemployed_count,8195,22492,679,-13618
LAUCN261610000000004,2021,M06,9712,T,26,161,04,Washtenaw,2021-06-01,unemployed_count,8874,20892,838,-11180
LAUCN261610000000004,2021,M07,9677,T,26,161,04,Washtenaw,2021-07-01,unemployed_count,9712,19462,-35,-9785
LAUCN261610000000004,2021,M08,8111,T,26,161,04,Washtenaw,2021-08-01,unemployed_count,9677,14503,-1566,-6392
LAUCN261610000000004,2021,M09,7026,T,26,161,04,Washtenaw,2021-09-01,unemployed_count,8111,12247,-1085,-5221
LAUCN261610000000004,2021,M10,6133,T,26,161,04,Washtenaw,2021-10-01,unemployed_count,7026,9233,-893,-3100
LAUCN261610000000004,2021,M11,5187,T,26,161,04,Washtenaw,2021-11-01,unemployed_count,6133,8327,-946,-3140
LAUCN261610000000004,2021,M12,5529,T,26,161,04,Washtenaw,2021-12-01,unemployed_count,5187,8824,342,-3295
LAUCN261610000000004,2022,M01,6539,T,26,161,04,Washtenaw,2022-01-01,unemployed_count,5529,8681,1010,-2142
LAUCN261610000000004,2022,M02,7182,T,26,161,04,Washtenaw,2022-02-01,unemployed_count,6539,8523,643,-1341
LAUCN261610000000004,2022,M03,6689,T,26,161,04,Washtenaw,2022-03-01,unemployed_count,7182,8650,-493,-1961
LAUCN261610000000004,2022,M04,6188,T,26,161,04,Washtenaw,2022-04-01,unemployed_count,6689,8195,-501,-2007
LAUCN261610000000004,2022,M05,7493,T,26,161,04,Washtenaw,2022-05-01,unemployed_count,6188,8874,1305,-1381
LAUCN261610000000004,2022,M06,8198,T,26,161,04,Washtenaw,2022-06-01,unemployed_count,7493,9712,705,-1514
LAUCN261610000000004,2022,M07,8214,T,26,161,04,Washtenaw,2022-07-01,unemployed_count,8198,9677,16,-1463
LAUCN261610000000004,2022,M08,7330,T,26,161,04,Washtenaw,2022-08-01,unemployed_count,8214,8111,-884,-781
LAUCN261610000000004,2022,M09,6409,T,26,161,04,Washtenaw,2022-09-01,unemployed_count,7330,7026,-921,-617
LAUCN261610000000004,2022,M10,6459,T,26,161,04,Washtenaw,2022-10-01,unemployed_count,6409,6133,50,326
LAUCN261610000000004,2022,M11,5990,T,26,161,04,Washtenaw,2022-11-01,unemployed_count,6459,5187,-469,803
LAUCN261610000000004,2022,M12,5785,T,26,161,04,Washtenaw,2022-12-01,unemployed_count,5990,5529,-205,256
LAUCN261610000000004,2023,M01,6625,T,26,161,04,Washtenaw,2023-01-01,unemployed_count,5785,6539,840,86
LAUCN261610000000004,2023,M02,6719,T,26,161,04,Washtenaw,2023-02-01,unemployed_count,6625,7182,94,-463
LAUCN261610000000004,2023,M03,6537,T,26,161,04,Washtenaw,2023-03-01,unemployed_count,6719,6689,-182,-152
LAUCN261610000000004,2023,M04,5136,T,26,161,04,Washtenaw,2023-04-01,unemployed_count,6537,6188,-1401,-1052
LAUCN261610000000004,2023,M05,7058,T,26,161,04,Washtenaw,2023-05-01,unemployed_count,5136,7493,1922,-435
LAUCN261610000000004,2023,M06,7644,T,26,161,04,Washtenaw,2023-06-01,unemployed_count,7058,8198,586,-554
LAUCN261610000000004,2023,M07,7937,T,26,161,04,Washtenaw,2023-07-01,unemployed_count,7644,8214,293,-277
LAUCN261610000000004,2023,M08,7710,T,26,161,04,Washtenaw,2023-08-01,unemployed_count,7937,7330,-227,380
LAUCN261610000000004,2023,M09,6734,T,26,161,04,Washtenaw,2023-09-01,unemployed_count,7710,6409,-976,325
LAUCN261610000000004,2023,M10,6378,T,26,161,04,Washtenaw,2023-10-01,unemployed_count,6734,6459,-356,-81
LAUCN261610000000004,2023,M11,5489,T,26,161,04,Washtenaw,2023-11-01,unemployed_count,6378,5990,-889,-501
LAUCN261610000000004,2023,M12,5529,T,26,161,04,Washtenaw,2023-12-01,unemployed_count,5489,5785,40,-256
LAUCN261610000000004,2024,M01,6163,T,26,161,04,Washtenaw,2024-01-01,unemployed_count,5529,6625,634,-462
LAUCN261610000000004,2024,M02,6595,T,26,161,04,Washtenaw,2024-02-01,unemployed_count,6163,6719,432,-124
LAUCN261610000000004,2024,M03,6881,T,26,161,04,Washtenaw,2024-03-01,unemployed_count,6595,6537,286,344
LAUCN261610000000004,2024,M04,6406,T,26,161,04,Washtenaw,2024-04-01,unemployed_count,6881,5136,-475,1270
LAUCN261610000000004,2024,M05,7860,T,26,161,04,Washtenaw,2024-05-01,unemployed_count,6406,7058,1454,802
LAUCN261610000000004,2024,M06,9319,T,26,161,04,Washtenaw,2024-06-01,unemployed_count,7860,7644,1459,1675
LAUCN261610000000004,2024,M07,10416,T,26,161,04,Washtenaw,2024-07-01,unemployed_count,9319,7937,1097,2479
LAUCN261610000000004,2024,M08,9222,T,26,161,04,Washtenaw,2024-08-01,unemployed_count,10416,7710,-1194,1512
LAUCN261610000000004,2024,M09,7867,T,26,161,04,Washtenaw,2024-09-01,unemployed_count,9222,6734,-1355,1133
LAUCN261610000000004,2024,M10,7767,T,26,161,04,Washtenaw,2024-10-01,unemployed_count,7867,6378,-100,1389
LAUCN261610000000004,2024,M11,7935,T,26,161,04,Washtenaw,2024-11-01,unemployed_count,7767,5489,168,2446
LAUCN261610000000004,2024,M12,8059,T,26,161,04,Washtenaw,2024-12-01,unemployed_count,7935,5529,124,2530
LAUCN261610000000004,2025,M01,9001,T,26,161,04,Washtenaw,2025-01-01,unemployed_count,8059,6163,942,2838
LAUCN261610000000004,2025,M02,8926,T,26,161,04,Washtenaw,2025-02-01,unemployed_count,9001,6595,-75,2331
LAUCN261610000000004,2025,M03,9454,T,26,161,04,Washtenaw,2025-03-01,unemployed_count,8926,6881,528,2573
LAUCN261610000000004,2025,M04,8205,T,26,161,04,Washtenaw,2025-04-01,unemployed_count,9454,6406,-1249,1799
LAUCN261610000000004,2025,M05,9506,T,26,161,04,Washtenaw,2025-05-01,unemployed_count,8205,7860,1301,1646
LAUCN261610000000004,2025,M06,10079,T,26,161,04,Washtenaw,2025-06-01,unemployed_count,9506,9319,573,760
LAUCN261610000000004,2025,M07,10224,T,26,161,04,Washtenaw,2025-07-01,unemployed_count,10079,10416,145,-192
LAUCN261610000000004,2025,M08,9238,T,26,161,04,Washtenaw,2025-08-01,unemployed_count,10224,9222,-986,16
LAUCN261610000000004,2025,M09,7886,T,26,161,04,Washtenaw,2025-09-01,unemployed_count,9238,7867,-1352,19
LAUCN261610000000004,2025,M11,8126,T,26,161,04,Washtenaw,2025-11-01,unemployed_count,7886,7767,240,359
LAUCN261610000000004,2025,M12,7555,T,26,161,04,Washtenaw,2025-12-01,unemployed_count,8126,7935,-571,-380
LAUCN261610000000004,2026,M01,8547,"",26,161,04,Washtenaw,2026-01-01,unemployed_count,7555,8059,992,488
LAUCN261610000000004,2026,M02,7418,"",26,161,04,Washtenaw,2026-02-01,unemployed_count,8547,9001,-1129,-1583
LAUCN261610000000004,2026,M03,7445,"",26,161,04,Washtenaw,2026-03-01,unemployed_count,7418,8926,27,-1481
LAUCN261610000000004,2026,M04,6765,P,26,161,04,Washtenaw,2026-04-01,unemployed_count,7445,9454,-680,-2689
LAUCN261610000000003,1990,M01,5.4,"",26,161,03,Washtenaw,1990-01-01,unemployment_rate,,,,
LAUCN261610000000003,1990,M02,4.7,"",26,161,03,Washtenaw,1990-02-01,unemployment_rate,5.4,,-0.7,
LAUCN261610000000003,1990,M03,4.4,"",26,161,03,Washtenaw,1990-03-01,unemployment_rate,4.7,,-0.3,
LAUCN261610000000003,1990,M04,4.3,"",26,161,03,Washtenaw,1990-04-01,unemployment_rate,4.4,,-0.100000000000001,
LAUCN261610000000003,1990,M05,4.4,"",26,161,03,Washtenaw,1990-05-01,unemployment_rate,4.3,,0.100000000000001,
LAUCN261610000000003,1990,M06,4.6,"",26,161,03,Washtenaw,1990-06-01,unemployment_rate,4.4,,0.199999999999999,
LAUCN261610000000003,1990,M07,6.5,"",26,161,03,Washtenaw,1990-07-01,unemployment_rate,4.6,,1.9,
LAUCN261610000000003,1990,M08,5.3,"",26,161,03,Washtenaw,1990-08-01,unemployment_rate,6.5,,-1.2,
LAUCN261610000000003,1990,M09,4.1,"",26,161,03,Washtenaw,1990-09-01,unemployment_rate,5.3,,-1.2,
LAUCN261610000000003,1990,M10,5.1,"",26,161,03,Washtenaw,1990-10-01,unemployment_rate,4.1,,1,
LAUCN261610000000003,1990,M11,4.4,"",26,161,03,Washtenaw,1990-11-01,unemployment_rate,5.1,,-0.699999999999999,
LAUCN261610000000003,1990,M12,4.6,"",26,161,03,Washtenaw,1990-12-01,unemployment_rate,4.4,,0.199999999999999,
LAUCN261610000000003,1991,M01,5.4,"",26,161,03,Washtenaw,1991-01-01,unemployment_rate,4.6,5.4,0.800000000000001,0
LAUCN261610000000003,1991,M02,6,"",26,161,03,Washtenaw,1991-02-01,unemployment_rate,5.4,4.7,0.6,1.3
LAUCN261610000000003,1991,M03,5.3,"",26,161,03,Washtenaw,1991-03-01,unemployment_rate,6,4.4,-0.7,0.9
LAUCN261610000000003,1991,M04,6.1,"",26,161,03,Washtenaw,1991-04-01,unemployment_rate,5.3,4.3,0.8,1.8
LAUCN261610000000003,1991,M05,5.5,"",26,161,03,Washtenaw,1991-05-01,unemployment_rate,6.1,4.4,-0.6,1.1
LAUCN261610000000003,1991,M06,5.8,"",26,161,03,Washtenaw,1991-06-01,unemployment_rate,5.5,4.6,0.3,1.2
LAUCN261610000000003,1991,M07,7,"",26,161,03,Washtenaw,1991-07-01,unemployment_rate,5.8,6.5,1.2,0.5
LAUCN261610000000003,1991,M08,6.5,"",26,161,03,Washtenaw,1991-08-01,unemployment_rate,7,5.3,-0.5,1.2
LAUCN261610000000003,1991,M09,5.8,"",26,161,03,Washtenaw,1991-09-01,unemployment_rate,6.5,4.1,-0.7,1.7
LAUCN261610000000003,1991,M10,5.3,"",26,161,03,Washtenaw,1991-10-01,unemployment_rate,5.8,5.1,-0.5,0.2
LAUCN261610000000003,1991,M11,4.8,"",26,161,03,Washtenaw,1991-11-01,unemployment_rate,5.3,4.4,-0.5,0.399999999999999
LAUCN261610000000003,1991,M12,5.6,"",26,161,03,Washtenaw,1991-12-01,unemployment_rate,4.8,4.6,0.8,1
LAUCN261610000000003,1992,M01,5.3,"",26,161,03,Washtenaw,1992-01-01,unemployment_rate,5.6,5.4,-0.3,-0.100000000000001
LAUCN261610000000003,1992,M02,6.1,"",26,161,03,Washtenaw,1992-02-01,unemployment_rate,5.3,6,0.8,0.0999999999999996
LAUCN261610000000003,1992,M03,6,"",26,161,03,Washtenaw,1992-03-01,unemployment_rate,6.1,5.3,-0.0999999999999996,0.7
LAUCN261610000000003,1992,M04,4.6,"",26,161,03,Washtenaw,1992-04-01,unemployment_rate,6,6.1,-1.4,-1.5
LAUCN261610000000003,1992,M05,4.8,"",26,161,03,Washtenaw,1992-05-01,unemployment_rate,4.6,5.5,0.2,-0.7
LAUCN261610000000003,1992,M06,5.1,"",26,161,03,Washtenaw,1992-06-01,unemployment_rate,4.8,5.8,0.3,-0.7
LAUCN261610000000003,1992,M07,5.4,"",26,161,03,Washtenaw,1992-07-01,unemployment_rate,5.1,7,0.300000000000001,-1.6
LAUCN261610000000003,1992,M08,5.4,"",26,161,03,Washtenaw,1992-08-01,unemployment_rate,5.4,6.5,0,-1.1
LAUCN261610000000003,1992,M09,4.8,"",26,161,03,Washtenaw,1992-09-01,unemployment_rate,5.4,5.8,-0.600000000000001,-1
LAUCN261610000000003,1992,M10,4.3,"",26,161,03,Washtenaw,1992-10-01,unemployment_rate,4.8,5.3,-0.5,-1
LAUCN261610000000003,1992,M11,4.1,"",26,161,03,Washtenaw,1992-11-01,unemployment_rate,4.3,4.8,-0.2,-0.7
LAUCN261610000000003,1992,M12,4.1,"",26,161,03,Washtenaw,1992-12-01,unemployment_rate,4.1,5.6,0,-1.5
LAUCN261610000000003,1993,M01,4.7,"",26,161,03,Washtenaw,1993-01-01,unemployment_rate,4.1,5.3,0.600000000000001,-0.6
LAUCN261610000000003,1993,M02,4.3,"",26,161,03,Washtenaw,1993-02-01,unemployment_rate,4.7,6.1,-0.4,-1.8
LAUCN261610000000003,1993,M03,4.7,"",26,161,03,Washtenaw,1993-03-01,unemployment_rate,4.3,6,0.4,-1.3
LAUCN261610000000003,1993,M04,3.8,"",26,161,03,Washtenaw,1993-04-01,unemployment_rate,4.7,4.6,-0.9,-0.8
LAUCN261610000000003,1993,M05,4.2,"",26,161,03,Washtenaw,1993-05-01,unemployment_rate,3.8,4.8,0.4,-0.6
LAUCN261610000000003,1993,M06,4.7,"",26,161,03,Washtenaw,1993-06-01,unemployment_rate,4.2,5.1,0.5,-0.399999999999999
LAUCN261610000000003,1993,M07,5.1,"",26,161,03,Washtenaw,1993-07-01,unemployment_rate,4.7,5.4,0.399999999999999,-0.300000000000001
LAUCN261610000000003,1993,M08,4.1,"",26,161,03,Washtenaw,1993-08-01,unemployment_rate,5.1,5.4,-1,-1.3
LAUCN261610000000003,1993,M09,4.1,"",26,161,03,Washtenaw,1993-09-01,unemployment_rate,4.1,4.8,0,-0.7
LAUCN261610000000003,1993,M10,3.8,"",26,161,03,Washtenaw,1993-10-01,unemployment_rate,4.1,4.3,-0.3,-0.5
LAUCN261610000000003,1993,M11,3.6,"",26,161,03,Washtenaw,1993-11-01,unemployment_rate,3.8,4.1,-0.2,-0.5
LAUCN261610000000003,1993,M12,3.6,"",26,161,03,Washtenaw,1993-12-01,unemployment_rate,3.6,4.1,0,-0.5
LAUCN261610000000003,1994,M01,4.3,"",26,161,03,Washtenaw,1994-01-01,unemployment_rate,3.6,4.7,0.7,-0.4
LAUCN261610000000003,1994,M02,4.1,"",26,161,03,Washtenaw,1994-02-01,unemployment_rate,4.3,4.3,-0.2,-0.2
LAUCN261610000000003,1994,M03,3.9,"",26,161,03,Washtenaw,1994-03-01,unemployment_rate,4.1,4.7,-0.2,-0.8
LAUCN261610000000003,1994,M04,3.5,"",26,161,03,Washtenaw,1994-04-01,unemployment_rate,3.9,3.8,-0.4,-0.3
LAUCN261610000000003,1994,M05,3.4,"",26,161,03,Washtenaw,1994-05-01,unemployment_rate,3.5,4.2,-0.1,-0.8
LAUCN261610000000003,1994,M06,3.6,"",26,161,03,Washtenaw,1994-06-01,unemployment_rate,3.4,4.7,0.2,-1.1
LAUCN261610000000003,1994,M07,3.8,"",26,161,03,Washtenaw,1994-07-01,unemployment_rate,3.6,5.1,0.2,-1.3
LAUCN261610000000003,1994,M08,3.4,"",26,161,03,Washtenaw,1994-08-01,unemployment_rate,3.8,4.1,-0.4,-0.7
LAUCN261610000000003,1994,M09,3.1,"",26,161,03,Washtenaw,1994-09-01,unemployment_rate,3.4,4.1,-0.3,-1
LAUCN261610000000003,1994,M10,2.7,"",26,161,03,Washtenaw,1994-10-01,unemployment_rate,3.1,3.8,-0.4,-1.1
LAUCN261610000000003,1994,M11,2.3,"",26,161,03,Washtenaw,1994-11-01,unemployment_rate,2.7,3.6,-0.4,-1.3
LAUCN261610000000003,1994,M12,2.2,"",26,161,03,Washtenaw,1994-12-01,unemployment_rate,2.3,3.6,-0.0999999999999996,-1.4
LAUCN261610000000003,1995,M01,3.2,"",26,161,03,Washtenaw,1995-01-01,unemployment_rate,2.2,4.3,1,-1.1
LAUCN261610000000003,1995,M02,2.7,"",26,161,03,Washtenaw,1995-02-01,unemployment_rate,3.2,4.1,-0.5,-1.4
LAUCN261610000000003,1995,M03,2.7,"",26,161,03,Washtenaw,1995-03-01,unemployment_rate,2.7,3.9,0,-1.2
LAUCN261610000000003,1995,M04,2.8,"",26,161,03,Washtenaw,1995-04-01,unemployment_rate,2.7,3.5,0.0999999999999996,-0.7
LAUCN261610000000003,1995,M05,2.9,"",26,161,03,Washtenaw,1995-05-01,unemployment_rate,2.8,3.4,0.1,-0.5
LAUCN261610000000003,1995,M06,3.2,"",26,161,03,Washtenaw,1995-06-01,unemployment_rate,2.9,3.6,0.3,-0.4
LAUCN261610000000003,1995,M07,3.6,"",26,161,03,Washtenaw,1995-07-01,unemployment_rate,3.2,3.8,0.4,-0.2
LAUCN261610000000003,1995,M08,3,"",26,161,03,Washtenaw,1995-08-01,unemployment_rate,3.6,3.4,-0.6,-0.4
LAUCN261610000000003,1995,M09,2.7,"",26,161,03,Washtenaw,1995-09-01,unemployment_rate,3,3.1,-0.3,-0.4
LAUCN261610000000003,1995,M10,2.3,"",26,161,03,Washtenaw,1995-10-01,unemployment_rate,2.7,2.7,-0.4,-0.4
LAUCN261610000000003,1995,M11,2.1,"",26,161,03,Washtenaw,1995-11-01,unemployment_rate,2.3,2.3,-0.2,-0.2
LAUCN261610000000003,1995,M12,1.9,"",26,161,03,Washtenaw,1995-12-01,unemployment_rate,2.1,2.2,-0.2,-0.3
LAUCN261610000000003,1996,M01,2.6,"",26,161,03,Washtenaw,1996-01-01,unemployment_rate,1.9,3.2,0.7,-0.6
LAUCN261610000000003,1996,M02,2.5,"",26,161,03,Washtenaw,1996-02-01,unemployment_rate,2.6,2.7,-0.1,-0.2
LAUCN261610000000003,1996,M03,2.2,"",26,161,03,Washtenaw,1996-03-01,unemployment_rate,2.5,2.7,-0.3,-0.5
LAUCN261610000000003,1996,M04,2.2,"",26,161,03,Washtenaw,1996-04-01,unemployment_rate,2.2,2.8,0,-0.6
LAUCN261610000000003,1996,M05,2.3,"",26,161,03,Washtenaw,1996-05-01,unemployment_rate,2.2,2.9,0.0999999999999996,-0.6
LAUCN261610000000003,1996,M06,2.4,"",26,161,03,Washtenaw,1996-06-01,unemployment_rate,2.3,3.2,0.1,-0.8
LAUCN261610000000003,1996,M07,3,"",26,161,03,Washtenaw,1996-07-01,unemployment_rate,2.4,3.6,0.6,-0.6
LAUCN261610000000003,1996,M08,2.2,"",26,161,03,Washtenaw,1996-08-01,unemployment_rate,3,3,-0.8,-0.8
LAUCN261610000000003,1996,M09,2.1,"",26,161,03,Washtenaw,1996-09-01,unemployment_rate,2.2,2.7,-0.1,-0.6
LAUCN261610000000003,1996,M10,1.8,"",26,161,03,Washtenaw,1996-10-01,unemployment_rate,2.1,2.3,-0.3,-0.5
LAUCN261610000000003,1996,M11,1.7,"",26,161,03,Washtenaw,1996-11-01,unemployment_rate,1.8,2.1,-0.1,-0.4
LAUCN261610000000003,1996,M12,2,"",26,161,03,Washtenaw,1996-12-01,unemployment_rate,1.7,1.9,0.3,0.1
LAUCN261610000000003,1997,M01,2.5,"",26,161,03,Washtenaw,1997-01-01,unemployment_rate,2,2.6,0.5,-0.1
LAUCN261610000000003,1997,M02,2.2,"",26,161,03,Washtenaw,1997-02-01,unemployment_rate,2.5,2.5,-0.3,-0.3
LAUCN261610000000003,1997,M03,2.1,"",26,161,03,Washtenaw,1997-03-01,unemployment_rate,2.2,2.2,-0.1,-0.1
LAUCN261610000000003,1997,M04,2.1,"",26,161,03,Washtenaw,1997-04-01,unemployment_rate,2.1,2.2,0,-0.1
LAUCN261610000000003,1997,M05,2,"",26,161,03,Washtenaw,1997-05-01,unemployment_rate,2.1,2.3,-0.1,-0.3
LAUCN261610000000003,1997,M06,2.3,"",26,161,03,Washtenaw,1997-06-01,unemployment_rate,2,2.4,0.3,-0.1
LAUCN261610000000003,1997,M07,2.6,"",26,161,03,Washtenaw,1997-07-01,unemployment_rate,2.3,3,0.3,-0.4
LAUCN261610000000003,1997,M08,1.9,"",26,161,03,Washtenaw,1997-08-01,unemployment_rate,2.6,2.2,-0.7,-0.3
LAUCN261610000000003,1997,M09,1.9,"",26,161,03,Washtenaw,1997-09-01,unemployment_rate,1.9,2.1,0,-0.2
LAUCN261610000000003,1997,M10,1.6,"",26,161,03,Washtenaw,1997-10-01,unemployment_rate,1.9,1.8,-0.3,-0.2
LAUCN261610000000003,1997,M11,1.7,"",26,161,03,Washtenaw,1997-11-01,unemployment_rate,1.6,1.7,0.0999999999999999,0
LAUCN261610000000003,1997,M12,1.7,"",26,161,03,Washtenaw,1997-12-01,unemployment_rate,1.7,2,0,-0.3
LAUCN261610000000003,1998,M01,2.1,"",26,161,03,Washtenaw,1998-01-01,unemployment_rate,1.7,2.5,0.4,-0.4
LAUCN261610000000003,1998,M02,2,"",26,161,03,Washtenaw,1998-02-01,unemployment_rate,2.1,2.2,-0.1,-0.2
LAUCN261610000000003,1998,M03,1.9,"",26,161,03,Washtenaw,1998-03-01,unemployment_rate,2,2.1,-0.1,-0.2
LAUCN261610000000003,1998,M04,1.4,"",26,161,03,Washtenaw,1998-04-01,unemployment_rate,1.9,2.1,-0.5,-0.7
LAUCN261610000000003,1998,M05,1.6,"",26,161,03,Washtenaw,1998-05-01,unemployment_rate,1.4,2,0.2,-0.4
LAUCN261610000000003,1998,M06,1.8,"",26,161,03,Washtenaw,1998-06-01,unemployment_rate,1.6,2.3,0.2,-0.5
LAUCN261610000000003,1998,M07,3.1,"",26,161,03,Washtenaw,1998-07-01,unemployment_rate,1.8,2.6,1.3,0.5
LAUCN261610000000003,1998,M08,1.6,"",26,161,03,Washtenaw,1998-08-01,unemployment_rate,3.1,1.9,-1.5,-0.3
LAUCN261610000000003,1998,M09,2,"",26,161,03,Washtenaw,1998-09-01,unemployment_rate,1.6,1.9,0.4,0.1
LAUCN261610000000003,1998,M10,1.5,"",26,161,03,Washtenaw,1998-10-01,unemployment_rate,2,1.6,-0.5,-0.1
LAUCN261610000000003,1998,M11,1.4,"",26,161,03,Washtenaw,1998-11-01,unemployment_rate,1.5,1.7,-0.1,-0.3
LAUCN261610000000003,1998,M12,1.5,"",26,161,03,Washtenaw,1998-12-01,unemployment_rate,1.4,1.7,0.1,-0.2
LAUCN261610000000003,1999,M01,2,"",26,161,03,Washtenaw,1999-01-01,unemployment_rate,1.5,2.1,0.5,-0.1
LAUCN261610000000003,1999,M02,2,"",26,161,03,Washtenaw,1999-02-01,unemployment_rate,2,2,0,0
LAUCN261610000000003,1999,M03,1.7,"",26,161,03,Washtenaw,1999-03-01,unemployment_rate,2,1.9,-0.3,-0.2
LAUCN261610000000003,1999,M04,1.6,"",26,161,03,Washtenaw,1999-04-01,unemployment_rate,1.7,1.4,-0.0999999999999999,0.2
LAUCN261610000000003,1999,M05,1.8,"",26,161,03,Washtenaw,1999-05-01,unemployment_rate,1.6,1.6,0.2,0.2
LAUCN261610000000003,1999,M06,1.8,"",26,161,03,Washtenaw,1999-06-01,unemployment_rate,1.8,1.8,0,0
LAUCN261610000000003,1999,M07,2.1,"",26,161,03,Washtenaw,1999-07-01,unemployment_rate,1.8,3.1,0.3,-1
LAUCN261610000000003,1999,M08,1.4,"",26,161,03,Washtenaw,1999-08-01,unemployment_rate,2.1,1.6,-0.7,-0.2
LAUCN261610000000003,1999,M09,1.5,"",26,161,03,Washtenaw,1999-09-01,unemployment_rate,1.4,2,0.1,-0.5
LAUCN261610000000003,1999,M10,1.3,"",26,161,03,Washtenaw,1999-10-01,unemployment_rate,1.5,1.5,-0.2,-0.2
LAUCN261610000000003,1999,M11,1.4,"",26,161,03,Washtenaw,1999-11-01,unemployment_rate,1.3,1.4,0.0999999999999999,0
LAUCN261610000000003,1999,M12,1.3,"",26,161,03,Washtenaw,1999-12-01,unemployment_rate,1.4,1.5,-0.0999999999999999,-0.2
LAUCN261610000000003,2000,M01,2.3,"",26,161,03,Washtenaw,2000-01-01,unemployment_rate,1.3,2,1,0.3
LAUCN261610000000003,2000,M02,2.1,"",26,161,03,Washtenaw,2000-02-01,unemployment_rate,2.3,2,-0.2,0.1
LAUCN261610000000003,2000,M03,2.4,"",26,161,03,Washtenaw,2000-03-01,unemployment_rate,2.1,1.7,0.3,0.7
LAUCN261610000000003,2000,M04,2,"",26,161,03,Washtenaw,2000-04-01,unemployment_rate,2.4,1.6,-0.4,0.4
LAUCN261610000000003,2000,M05,2.5,"",26,161,03,Washtenaw,2000-05-01,unemployment_rate,2,1.8,0.5,0.7
LAUCN261610000000003,2000,M06,2.8,"",26,161,03,Washtenaw,2000-06-01,unemployment_rate,2.5,1.8,0.3,1
LAUCN261610000000003,2000,M07,3.2,"",26,161,03,Washtenaw,2000-07-01,unemployment_rate,2.8,2.1,0.4,1.1
LAUCN261610000000003,2000,M08,2.5,"",26,161,03,Washtenaw,2000-08-01,unemployment_rate,3.2,1.4,-0.7,1.1
LAUCN261610000000003,2000,M09,2.5,"",26,161,03,Washtenaw,2000-09-01,unemployment_rate,2.5,1.5,0,1
LAUCN261610000000003,2000,M10,2.2,"",26,161,03,Washtenaw,2000-10-01,unemployment_rate,2.5,1.3,-0.3,0.9
LAUCN261610000000003,2000,M11,2.2,"",26,161,03,Washtenaw,2000-11-01,unemployment_rate,2.2,1.4,0,0.8
LAUCN261610000000003,2000,M12,2.2,"",26,161,03,Washtenaw,2000-12-01,unemployment_rate,2.2,1.3,0,0.9
LAUCN261610000000003,2001,M01,2.6,"",26,161,03,Washtenaw,2001-01-01,unemployment_rate,2.2,2.3,0.4,0.3
LAUCN261610000000003,2001,M02,2.7,"",26,161,03,Washtenaw,2001-02-01,unemployment_rate,2.6,2.1,0.1,0.6
LAUCN261610000000003,2001,M03,2.8,"",26,161,03,Washtenaw,2001-03-01,unemployment_rate,2.7,2.4,0.0999999999999996,0.4
LAUCN261610000000003,2001,M04,2.6,"",26,161,03,Washtenaw,2001-04-01,unemployment_rate,2.8,2,-0.2,0.6
LAUCN261610000000003,2001,M05,2.9,"",26,161,03,Washtenaw,2001-05-01,unemployment_rate,2.6,2.5,0.3,0.4
LAUCN261610000000003,2001,M06,3.4,"",26,161,03,Washtenaw,2001-06-01,unemployment_rate,2.9,2.8,0.5,0.6
LAUCN261610000000003,2001,M07,3.2,"",26,161,03,Washtenaw,2001-07-01,unemployment_rate,3.4,3.2,-0.2,0
LAUCN261610000000003,2001,M08,3.1,"",26,161,03,Washtenaw,2001-08-01,unemployment_rate,3.2,2.5,-0.1,0.6
LAUCN261610000000003,2001,M09,3.2,"",26,161,03,Washtenaw,2001-09-01,unemployment_rate,3.1,2.5,0.1,0.7
LAUCN261610000000003,2001,M10,3.1,"",26,161,03,Washtenaw,2001-10-01,unemployment_rate,3.2,2.2,-0.1,0.9
LAUCN261610000000003,2001,M11,3.2,"",26,161,03,Washtenaw,2001-11-01,unemployment_rate,3.1,2.2,0.1,1
LAUCN261610000000003,2001,M12,3.4,"",26,161,03,Washtenaw,2001-12-01,unemployment_rate,3.2,2.2,0.2,1.2
LAUCN261610000000003,2002,M01,3.9,"",26,161,03,Washtenaw,2002-01-01,unemployment_rate,3.4,2.6,0.5,1.3
LAUCN261610000000003,2002,M02,3.6,"",26,161,03,Washtenaw,2002-02-01,unemployment_rate,3.9,2.7,-0.3,0.9
LAUCN261610000000003,2002,M03,3.8,"",26,161,03,Washtenaw,2002-03-01,unemployment_rate,3.6,2.8,0.2,1
LAUCN261610000000003,2002,M04,3.6,"",26,161,03,Washtenaw,2002-04-01,unemployment_rate,3.8,2.6,-0.2,1
LAUCN261610000000003,2002,M05,3.9,"",26,161,03,Washtenaw,2002-05-01,unemployment_rate,3.6,2.9,0.3,1
LAUCN261610000000003,2002,M06,4.5,"",26,161,03,Washtenaw,2002-06-01,unemployment_rate,3.9,3.4,0.6,1.1
LAUCN261610000000003,2002,M07,4.2,"",26,161,03,Washtenaw,2002-07-01,unemployment_rate,4.5,3.2,-0.3,1
LAUCN261610000000003,2002,M08,3.4,"",26,161,03,Washtenaw,2002-08-01,unemployment_rate,4.2,3.1,-0.8,0.3
LAUCN261610000000003,2002,M09,3.2,"",26,161,03,Washtenaw,2002-09-01,unemployment_rate,3.4,3.2,-0.2,0
LAUCN261610000000003,2002,M10,2.8,"",26,161,03,Washtenaw,2002-10-01,unemployment_rate,3.2,3.1,-0.4,-0.3
LAUCN261610000000003,2002,M11,3,"",26,161,03,Washtenaw,2002-11-01,unemployment_rate,2.8,3.2,0.2,-0.2
LAUCN261610000000003,2002,M12,3.2,"",26,161,03,Washtenaw,2002-12-01,unemployment_rate,3,3.4,0.2,-0.2
LAUCN261610000000003,2003,M01,3.8,"",26,161,03,Washtenaw,2003-01-01,unemployment_rate,3.2,3.9,0.6,-0.1
LAUCN261610000000003,2003,M02,3.8,"",26,161,03,Washtenaw,2003-02-01,unemployment_rate,3.8,3.6,0,0.2
LAUCN261610000000003,2003,M03,4,"",26,161,03,Washtenaw,2003-03-01,unemployment_rate,3.8,3.8,0.2,0.2
LAUCN261610000000003,2003,M04,3.6,"",26,161,03,Washtenaw,2003-04-01,unemployment_rate,4,3.6,-0.4,0
LAUCN261610000000003,2003,M05,4.3,"",26,161,03,Washtenaw,2003-05-01,unemployment_rate,3.6,3.9,0.7,0.4
LAUCN261610000000003,2003,M06,5.1,"",26,161,03,Washtenaw,2003-06-01,unemployment_rate,4.3,4.5,0.8,0.6
LAUCN261610000000003,2003,M07,4.9,"",26,161,03,Washtenaw,2003-07-01,unemployment_rate,5.1,4.2,-0.199999999999999,0.7
LAUCN261610000000003,2003,M08,4.3,"",26,161,03,Washtenaw,2003-08-01,unemployment_rate,4.9,3.4,-0.600000000000001,0.9
LAUCN261610000000003,2003,M09,4.2,"",26,161,03,Washtenaw,2003-09-01,unemployment_rate,4.3,3.2,-0.0999999999999996,1
LAUCN261610000000003,2003,M10,3.7,"",26,161,03,Washtenaw,2003-10-01,unemployment_rate,4.2,2.8,-0.5,0.9
LAUCN261610000000003,2003,M11,3.6,"",26,161,03,Washtenaw,2003-11-01,unemployment_rate,3.7,3,-0.1,0.6
LAUCN261610000000003,2003,M12,3.6,"",26,161,03,Washtenaw,2003-12-01,unemployment_rate,3.6,3.2,0,0.4
LAUCN261610000000003,2004,M01,4.1,"",26,161,03,Washtenaw,2004-01-01,unemployment_rate,3.6,3.8,0.5,0.3
LAUCN261610000000003,2004,M02,4,"",26,161,03,Washtenaw,2004-02-01,unemployment_rate,4.1,3.8,-0.0999999999999996,0.2
LAUCN261610000000003,2004,M03,4.5,"",26,161,03,Washtenaw,2004-03-01,unemployment_rate,4,4,0.5,0.5
LAUCN261610000000003,2004,M04,3.7,"",26,161,03,Washtenaw,2004-04-01,unemployment_rate,4.5,3.6,-0.8,0.1
LAUCN261610000000003,2004,M05,4.3,"",26,161,03,Washtenaw,2004-05-01,unemployment_rate,3.7,4.3,0.6,0
LAUCN261610000000003,2004,M06,4.8,"",26,161,03,Washtenaw,2004-06-01,unemployment_rate,4.3,5.1,0.5,-0.3
LAUCN261610000000003,2004,M07,4.8,"",26,161,03,Washtenaw,2004-07-01,unemployment_rate,4.8,4.9,0,-0.100000000000001
LAUCN261610000000003,2004,M08,4.1,"",26,161,03,Washtenaw,2004-08-01,unemployment_rate,4.8,4.3,-0.7,-0.2
LAUCN261610000000003,2004,M09,4.2,"",26,161,03,Washtenaw,2004-09-01,unemployment_rate,4.1,4.2,0.100000000000001,0
LAUCN261610000000003,2004,M10,3.9,"",26,161,03,Washtenaw,2004-10-01,unemployment_rate,4.2,3.7,-0.3,0.2
LAUCN261610000000003,2004,M11,4,"",26,161,03,Washtenaw,2004-11-01,unemployment_rate,3.9,3.6,0.1,0.4
LAUCN261610000000003,2004,M12,4.2,"",26,161,03,Washtenaw,2004-12-01,unemployment_rate,4,3.6,0.2,0.6
LAUCN261610000000003,2005,M01,4.6,"",26,161,03,Washtenaw,2005-01-01,unemployment_rate,4.2,4.1,0.399999999999999,0.5
LAUCN261610000000003,2005,M02,4.6,"",26,161,03,Washtenaw,2005-02-01,unemployment_rate,4.6,4,0,0.6
LAUCN261610000000003,2005,M03,4.5,"",26,161,03,Washtenaw,2005-03-01,unemployment_rate,4.6,4.5,-0.0999999999999996,0
LAUCN261610000000003,2005,M04,4.2,"",26,161,03,Washtenaw,2005-04-01,unemployment_rate,4.5,3.7,-0.3,0.5
LAUCN261610000000003,2005,M05,4.6,"",26,161,03,Washtenaw,2005-05-01,unemployment_rate,4.2,4.3,0.399999999999999,0.3
LAUCN261610000000003,2005,M06,4.8,"",26,161,03,Washtenaw,2005-06-01,unemployment_rate,4.6,4.8,0.2,0
LAUCN261610000000003,2005,M07,4.9,"",26,161,03,Washtenaw,2005-07-01,unemployment_rate,4.8,4.8,0.100000000000001,0.100000000000001
LAUCN261610000000003,2005,M08,4.3,"",26,161,03,Washtenaw,2005-08-01,unemployment_rate,4.9,4.1,-0.600000000000001,0.2
LAUCN261610000000003,2005,M09,4.4,"",26,161,03,Washtenaw,2005-09-01,unemployment_rate,4.3,4.2,0.100000000000001,0.2
LAUCN261610000000003,2005,M10,3.8,"",26,161,03,Washtenaw,2005-10-01,unemployment_rate,4.4,3.9,-0.600000000000001,-0.1
LAUCN261610000000003,2005,M11,4.1,"",26,161,03,Washtenaw,2005-11-01,unemployment_rate,3.8,4,0.3,0.0999999999999996
LAUCN261610000000003,2005,M12,4.2,"",26,161,03,Washtenaw,2005-12-01,unemployment_rate,4.1,4.2,0.100000000000001,0
LAUCN261610000000003,2006,M01,4.5,"",26,161,03,Washtenaw,2006-01-01,unemployment_rate,4.2,4.6,0.3,-0.0999999999999996
LAUCN261610000000003,2006,M02,4.7,"",26,161,03,Washtenaw,2006-02-01,unemployment_rate,4.5,4.6,0.2,0.100000000000001
LAUCN261610000000003,2006,M03,4.8,"",26,161,03,Washtenaw,2006-03-01,unemployment_rate,4.7,4.5,0.0999999999999996,0.3
LAUCN261610000000003,2006,M04,4.4,"",26,161,03,Washtenaw,2006-04-01,unemployment_rate,4.8,4.2,-0.399999999999999,0.2
LAUCN261610000000003,2006,M05,4.6,"",26,161,03,Washtenaw,2006-05-01,unemployment_rate,4.4,4.6,0.199999999999999,0
LAUCN261610000000003,2006,M06,5.1,"",26,161,03,Washtenaw,2006-06-01,unemployment_rate,4.6,4.8,0.5,0.3
LAUCN261610000000003,2006,M07,5.4,"",26,161,03,Washtenaw,2006-07-01,unemployment_rate,5.1,4.9,0.300000000000001,0.5
LAUCN261610000000003,2006,M08,4.9,"",26,161,03,Washtenaw,2006-08-01,unemployment_rate,5.4,4.3,-0.5,0.600000000000001
LAUCN261610000000003,2006,M09,4.8,"",26,161,03,Washtenaw,2006-09-01,unemployment_rate,4.9,4.4,-0.100000000000001,0.399999999999999
LAUCN261610000000003,2006,M10,4.4,"",26,161,03,Washtenaw,2006-10-01,unemployment_rate,4.8,3.8,-0.399999999999999,0.600000000000001
LAUCN261610000000003,2006,M11,4.3,"",26,161,03,Washtenaw,2006-11-01,unemployment_rate,4.4,4.1,-0.100000000000001,0.2
LAUCN261610000000003,2006,M12,4.5,"",26,161,03,Washtenaw,2006-12-01,unemployment_rate,4.3,4.2,0.2,0.3
LAUCN261610000000003,2007,M01,4.9,"",26,161,03,Washtenaw,2007-01-01,unemployment_rate,4.5,4.5,0.4,0.4
LAUCN261610000000003,2007,M02,4.7,"",26,161,03,Washtenaw,2007-02-01,unemployment_rate,4.9,4.7,-0.2,0
LAUCN261610000000003,2007,M03,4.7,"",26,161,03,Washtenaw,2007-03-01,unemployment_rate,4.7,4.8,0,-0.0999999999999996
LAUCN261610000000003,2007,M04,4.5,"",26,161,03,Washtenaw,2007-04-01,unemployment_rate,4.7,4.4,-0.2,0.0999999999999996
LAUCN261610000000003,2007,M05,4.8,"",26,161,03,Washtenaw,2007-05-01,unemployment_rate,4.5,4.6,0.3,0.2
LAUCN261610000000003,2007,M06,5.3,"",26,161,03,Washtenaw,2007-06-01,unemployment_rate,4.8,5.1,0.5,0.2
LAUCN261610000000003,2007,M07,5.7,"",26,161,03,Washtenaw,2007-07-01,unemployment_rate,5.3,5.4,0.4,0.3
LAUCN261610000000003,2007,M08,5.1,"",26,161,03,Washtenaw,2007-08-01,unemployment_rate,5.7,4.9,-0.600000000000001,0.199999999999999
LAUCN261610000000003,2007,M09,5.1,"",26,161,03,Washtenaw,2007-09-01,unemployment_rate,5.1,4.8,0,0.3
LAUCN261610000000003,2007,M10,4.6,"",26,161,03,Washtenaw,2007-10-01,unemployment_rate,5.1,4.4,-0.5,0.199999999999999
LAUCN261610000000003,2007,M11,4.5,"",26,161,03,Washtenaw,2007-11-01,unemployment_rate,4.6,4.3,-0.0999999999999996,0.2
LAUCN261610000000003,2007,M12,4.8,"",26,161,03,Washtenaw,2007-12-01,unemployment_rate,4.5,4.5,0.3,0.3
LAUCN261610000000003,2008,M01,4.9,"",26,161,03,Washtenaw,2008-01-01,unemployment_rate,4.8,4.9,0.100000000000001,0
LAUCN261610000000003,2008,M02,4.8,"",26,161,03,Washtenaw,2008-02-01,unemployment_rate,4.9,4.7,-0.100000000000001,0.0999999999999996
LAUCN261610000000003,2008,M03,5,"",26,161,03,Washtenaw,2008-03-01,unemployment_rate,4.8,4.7,0.2,0.3
LAUCN261610000000003,2008,M04,4.7,"",26,161,03,Washtenaw,2008-04-01,unemployment_rate,5,4.5,-0.3,0.2
LAUCN261610000000003,2008,M05,5.9,"",26,161,03,Washtenaw,2008-05-01,unemployment_rate,4.7,4.8,1.2,1.1
LAUCN261610000000003,2008,M06,6.4,"",26,161,03,Washtenaw,2008-06-01,unemployment_rate,5.9,5.3,0.5,1.1
LAUCN261610000000003,2008,M07,6.7,"",26,161,03,Washtenaw,2008-07-01,unemployment_rate,6.4,5.7,0.3,1
LAUCN261610000000003,2008,M08,6.3,"",26,161,03,Washtenaw,2008-08-01,unemployment_rate,6.7,5.1,-0.4,1.2
LAUCN261610000000003,2008,M09,6.1,"",26,161,03,Washtenaw,2008-09-01,unemployment_rate,6.3,5.1,-0.2,1
LAUCN261610000000003,2008,M10,5.8,"",26,161,03,Washtenaw,2008-10-01,unemployment_rate,6.1,4.6,-0.3,1.2
LAUCN261610000000003,2008,M11,5.6,"",26,161,03,Washtenaw,2008-11-01,unemployment_rate,5.8,4.5,-0.2,1.1
LAUCN261610000000003,2008,M12,6.3,"",26,161,03,Washtenaw,2008-12-01,unemployment_rate,5.6,4.8,0.7,1.5
LAUCN261610000000003,2009,M01,6.9,"",26,161,03,Washtenaw,2009-01-01,unemployment_rate,6.3,4.9,0.600000000000001,2
LAUCN261610000000003,2009,M02,7.7,"",26,161,03,Washtenaw,2009-02-01,unemployment_rate,6.9,4.8,0.8,2.9
LAUCN261610000000003,2009,M03,8.1,"",26,161,03,Washtenaw,2009-03-01,unemployment_rate,7.7,5,0.399999999999999,3.1
LAUCN261610000000003,2009,M04,8.1,"",26,161,03,Washtenaw,2009-04-01,unemployment_rate,8.1,4.7,0,3.4
LAUCN261610000000003,2009,M05,9.1,"",26,161,03,Washtenaw,2009-05-01,unemployment_rate,8.1,5.9,1,3.2
LAUCN261610000000003,2009,M06,10.4,"",26,161,03,Washtenaw,2009-06-01,unemployment_rate,9.1,6.4,1.3,4
LAUCN261610000000003,2009,M07,10.3,"",26,161,03,Washtenaw,2009-07-01,unemployment_rate,10.4,6.7,-0.0999999999999996,3.6
LAUCN261610000000003,2009,M08,9.5,"",26,161,03,Washtenaw,2009-08-01,unemployment_rate,10.3,6.3,-0.800000000000001,3.2
LAUCN261610000000003,2009,M09,9.2,"",26,161,03,Washtenaw,2009-09-01,unemployment_rate,9.5,6.1,-0.300000000000001,3.1
LAUCN261610000000003,2009,M10,8.8,"",26,161,03,Washtenaw,2009-10-01,unemployment_rate,9.2,5.8,-0.399999999999999,3
LAUCN261610000000003,2009,M11,8.3,"",26,161,03,Washtenaw,2009-11-01,unemployment_rate,8.8,5.6,-0.5,2.7
LAUCN261610000000003,2009,M12,8.4,"",26,161,03,Washtenaw,2009-12-01,unemployment_rate,8.3,6.3,0.0999999999999996,2.1
LAUCN261610000000003,2010,M01,8.9,"",26,161,03,Washtenaw,2010-01-01,unemployment_rate,8.4,6.9,0.5,2
LAUCN261610000000003,2010,M02,8.6,"",26,161,03,Washtenaw,2010-02-01,unemployment_rate,8.9,7.7,-0.300000000000001,0.9
LAUCN261610000000003,2010,M03,8.9,"",26,161,03,Washtenaw,2010-03-01,unemployment_rate,8.6,8.1,0.300000000000001,0.800000000000001
LAUCN261610000000003,2010,M04,8.3,"",26,161,03,Washtenaw,2010-04-01,unemployment_rate,8.9,8.1,-0.6,0.200000000000001
LAUCN261610000000003,2010,M05,8.6,"",26,161,03,Washtenaw,2010-05-01,unemployment_rate,8.3,9.1,0.299999999999999,-0.5
LAUCN261610000000003,2010,M06,9.1,"",26,161,03,Washtenaw,2010-06-01,unemployment_rate,8.6,10.4,0.5,-1.3
LAUCN261610000000003,2010,M07,9.5,"",26,161,03,Washtenaw,2010-07-01,unemployment_rate,9.1,10.3,0.4,-0.800000000000001
LAUCN261610000000003,2010,M08,8.5,"",26,161,03,Washtenaw,2010-08-01,unemployment_rate,9.5,9.5,-1,-1
LAUCN261610000000003,2010,M09,7.8,"",26,161,03,Washtenaw,2010-09-01,unemployment_rate,8.5,9.2,-0.7,-1.4
LAUCN261610000000003,2010,M10,7.2,"",26,161,03,Washtenaw,2010-10-01,unemployment_rate,7.8,8.8,-0.6,-1.6
LAUCN261610000000003,2010,M11,6.7,"",26,161,03,Washtenaw,2010-11-01,unemployment_rate,7.2,8.3,-0.5,-1.6
LAUCN261610000000003,2010,M12,6.4,"",26,161,03,Washtenaw,2010-12-01,unemployment_rate,6.7,8.4,-0.3,-2
LAUCN261610000000003,2011,M01,6.8,"",26,161,03,Washtenaw,2011-01-01,unemployment_rate,6.4,8.9,0.399999999999999,-2.1
LAUCN261610000000003,2011,M02,6.6,"",26,161,03,Washtenaw,2011-02-01,unemployment_rate,6.8,8.6,-0.2,-2
LAUCN261610000000003,2011,M03,6.8,"",26,161,03,Washtenaw,2011-03-01,unemployment_rate,6.6,8.9,0.2,-2.1
LAUCN261610000000003,2011,M04,6.3,"",26,161,03,Washtenaw,2011-04-01,unemployment_rate,6.8,8.3,-0.5,-2
LAUCN261610000000003,2011,M05,6.8,"",26,161,03,Washtenaw,2011-05-01,unemployment_rate,6.3,8.6,0.5,-1.8
LAUCN261610000000003,2011,M06,7.6,"",26,161,03,Washtenaw,2011-06-01,unemployment_rate,6.8,9.1,0.8,-1.5
LAUCN261610000000003,2011,M07,8,"",26,161,03,Washtenaw,2011-07-01,unemployment_rate,7.6,9.5,0.4,-1.5
LAUCN261610000000003,2011,M08,7.2,"",26,161,03,Washtenaw,2011-08-01,unemployment_rate,8,8.5,-0.8,-1.3
LAUCN261610000000003,2011,M09,6.6,"",26,161,03,Washtenaw,2011-09-01,unemployment_rate,7.2,7.8,-0.600000000000001,-1.2
LAUCN261610000000003,2011,M10,6,"",26,161,03,Washtenaw,2011-10-01,unemployment_rate,6.6,7.2,-0.6,-1.2
LAUCN261610000000003,2011,M11,5.4,"",26,161,03,Washtenaw,2011-11-01,unemployment_rate,6,6.7,-0.6,-1.3
LAUCN261610000000003,2011,M12,5.6,"",26,161,03,Washtenaw,2011-12-01,unemployment_rate,5.4,6.4,0.199999999999999,-0.800000000000001
LAUCN261610000000003,2012,M01,5.9,"",26,161,03,Washtenaw,2012-01-01,unemployment_rate,5.6,6.8,0.300000000000001,-0.9
LAUCN261610000000003,2012,M02,5.8,"",26,161,03,Washtenaw,2012-02-01,unemployment_rate,5.9,6.6,-0.100000000000001,-0.8
LAUCN261610000000003,2012,M03,6,"",26,161,03,Washtenaw,2012-03-01,unemployment_rate,5.8,6.8,0.2,-0.8
LAUCN261610000000003,2012,M04,5.5,"",26,161,03,Washtenaw,2012-04-01,unemployment_rate,6,6.3,-0.5,-0.8
LAUCN261610000000003,2012,M05,6.2,"",26,161,03,Washtenaw,2012-05-01,unemployment_rate,5.5,6.8,0.7,-0.6
LAUCN261610000000003,2012,M06,6.8,"",26,161,03,Washtenaw,2012-06-01,unemployment_rate,6.2,7.6,0.6,-0.8
LAUCN261610000000003,2012,M07,7.3,"",26,161,03,Washtenaw,2012-07-01,unemployment_rate,6.8,8,0.5,-0.7
LAUCN261610000000003,2012,M08,6.3,"",26,161,03,Washtenaw,2012-08-01,unemployment_rate,7.3,7.2,-1,-0.9
LAUCN261610000000003,2012,M09,5.5,"",26,161,03,Washtenaw,2012-09-01,unemployment_rate,6.3,6.6,-0.8,-1.1
LAUCN261610000000003,2012,M10,5.3,"",26,161,03,Washtenaw,2012-10-01,unemployment_rate,5.5,6,-0.2,-0.7
LAUCN261610000000003,2012,M11,4.9,"",26,161,03,Washtenaw,2012-11-01,unemployment_rate,5.3,5.4,-0.399999999999999,-0.5
LAUCN261610000000003,2012,M12,5.4,"",26,161,03,Washtenaw,2012-12-01,unemployment_rate,4.9,5.6,0.5,-0.199999999999999
LAUCN261610000000003,2013,M01,5.8,"",26,161,03,Washtenaw,2013-01-01,unemployment_rate,5.4,5.9,0.399999999999999,-0.100000000000001
LAUCN261610000000003,2013,M02,5.6,"",26,161,03,Washtenaw,2013-02-01,unemployment_rate,5.8,5.8,-0.2,-0.2
LAUCN261610000000003,2013,M03,5.6,"",26,161,03,Washtenaw,2013-03-01,unemployment_rate,5.6,6,0,-0.4
LAUCN261610000000003,2013,M04,5.3,"",26,161,03,Washtenaw,2013-04-01,unemployment_rate,5.6,5.5,-0.3,-0.2
LAUCN261610000000003,2013,M05,6.1,"",26,161,03,Washtenaw,2013-05-01,unemployment_rate,5.3,6.2,0.8,-0.100000000000001
LAUCN261610000000003,2013,M06,6.8,"",26,161,03,Washtenaw,2013-06-01,unemployment_rate,6.1,6.8,0.7,0
LAUCN261610000000003,2013,M07,7.2,"",26,161,03,Washtenaw,2013-07-01,unemployment_rate,6.8,7.3,0.4,-0.0999999999999996
LAUCN261610000000003,2013,M08,6.3,"",26,161,03,Washtenaw,2013-08-01,unemployment_rate,7.2,6.3,-0.9,0
LAUCN261610000000003,2013,M09,5.7,"",26,161,03,Washtenaw,2013-09-01,unemployment_rate,6.3,5.5,-0.6,0.2
LAUCN261610000000003,2013,M10,5.6,"",26,161,03,Washtenaw,2013-10-01,unemployment_rate,5.7,5.3,-0.100000000000001,0.3
LAUCN261610000000003,2013,M11,5,"",26,161,03,Washtenaw,2013-11-01,unemployment_rate,5.6,4.9,-0.6,0.0999999999999996
LAUCN261610000000003,2013,M12,4.9,"",26,161,03,Washtenaw,2013-12-01,unemployment_rate,5,5.4,-0.0999999999999996,-0.5
LAUCN261610000000003,2014,M01,5,"",26,161,03,Washtenaw,2014-01-01,unemployment_rate,4.9,5.8,0.0999999999999996,-0.8
LAUCN261610000000003,2014,M02,5.2,"",26,161,03,Washtenaw,2014-02-01,unemployment_rate,5,5.6,0.2,-0.399999999999999
LAUCN261610000000003,2014,M03,5.2,"",26,161,03,Washtenaw,2014-03-01,unemployment_rate,5.2,5.6,0,-0.399999999999999
LAUCN261610000000003,2014,M04,4.7,"",26,161,03,Washtenaw,2014-04-01,unemployment_rate,5.2,5.3,-0.5,-0.6
LAUCN261610000000003,2014,M05,5.3,"",26,161,03,Washtenaw,2014-05-01,unemployment_rate,4.7,6.1,0.6,-0.8
LAUCN261610000000003,2014,M06,5.6,"",26,161,03,Washtenaw,2014-06-01,unemployment_rate,5.3,6.8,0.3,-1.2
LAUCN261610000000003,2014,M07,6.1,"",26,161,03,Washtenaw,2014-07-01,unemployment_rate,5.6,7.2,0.5,-1.1
LAUCN261610000000003,2014,M08,5,"",26,161,03,Washtenaw,2014-08-01,unemployment_rate,6.1,6.3,-1.1,-1.3
LAUCN261610000000003,2014,M09,4.7,"",26,161,03,Washtenaw,2014-09-01,unemployment_rate,5,5.7,-0.3,-1
LAUCN261610000000003,2014,M10,4.2,"",26,161,03,Washtenaw,2014-10-01,unemployment_rate,4.7,5.6,-0.5,-1.4
LAUCN261610000000003,2014,M11,3.7,"",26,161,03,Washtenaw,2014-11-01,unemployment_rate,4.2,5,-0.5,-1.3
LAUCN261610000000003,2014,M12,3.5,"",26,161,03,Washtenaw,2014-12-01,unemployment_rate,3.7,4.9,-0.2,-1.4
LAUCN261610000000003,2015,M01,4.1,"",26,161,03,Washtenaw,2015-01-01,unemployment_rate,3.5,5,0.6,-0.9
LAUCN261610000000003,2015,M02,3.7,"",26,161,03,Washtenaw,2015-02-01,unemployment_rate,4.1,5.2,-0.399999999999999,-1.5
LAUCN261610000000003,2015,M03,3.7,"",26,161,03,Washtenaw,2015-03-01,unemployment_rate,3.7,5.2,0,-1.5
LAUCN261610000000003,2015,M04,3.5,"",26,161,03,Washtenaw,2015-04-01,unemployment_rate,3.7,4.7,-0.2,-1.2
LAUCN261610000000003,2015,M05,4.3,"",26,161,03,Washtenaw,2015-05-01,unemployment_rate,3.5,5.3,0.8,-1
LAUCN261610000000003,2015,M06,4.4,"",26,161,03,Washtenaw,2015-06-01,unemployment_rate,4.3,5.6,0.100000000000001,-1.2
LAUCN261610000000003,2015,M07,4.6,"",26,161,03,Washtenaw,2015-07-01,unemployment_rate,4.4,6.1,0.199999999999999,-1.5
LAUCN261610000000003,2015,M08,3.8,"",26,161,03,Washtenaw,2015-08-01,unemployment_rate,4.6,5,-0.8,-1.2
LAUCN261610000000003,2015,M09,3.5,"",26,161,03,Washtenaw,2015-09-01,unemployment_rate,3.8,4.7,-0.3,-1.2
LAUCN261610000000003,2015,M10,3.4,"",26,161,03,Washtenaw,2015-10-01,unemployment_rate,3.5,4.2,-0.1,-0.8
LAUCN261610000000003,2015,M11,2.9,"",26,161,03,Washtenaw,2015-11-01,unemployment_rate,3.4,3.7,-0.5,-0.8
LAUCN261610000000003,2015,M12,2.8,"",26,161,03,Washtenaw,2015-12-01,unemployment_rate,2.9,3.5,-0.1,-0.7
LAUCN261610000000003,2016,M01,3.2,T,26,161,03,Washtenaw,2016-01-01,unemployment_rate,2.8,4.1,0.4,-0.9
LAUCN261610000000003,2016,M02,3.2,T,26,161,03,Washtenaw,2016-02-01,unemployment_rate,3.2,3.7,0,-0.5
LAUCN261610000000003,2016,M03,3.4,T,26,161,03,Washtenaw,2016-03-01,unemployment_rate,3.2,3.7,0.2,-0.3
LAUCN261610000000003,2016,M04,3.2,T,26,161,03,Washtenaw,2016-04-01,unemployment_rate,3.4,3.5,-0.2,-0.3
LAUCN261610000000003,2016,M05,3.6,T,26,161,03,Washtenaw,2016-05-01,unemployment_rate,3.2,4.3,0.4,-0.7
LAUCN261610000000003,2016,M06,4.1,T,26,161,03,Washtenaw,2016-06-01,unemployment_rate,3.6,4.4,0.5,-0.300000000000001
LAUCN261610000000003,2016,M07,4.5,T,26,161,03,Washtenaw,2016-07-01,unemployment_rate,4.1,4.6,0.4,-0.0999999999999996
LAUCN261610000000003,2016,M08,4.1,T,26,161,03,Washtenaw,2016-08-01,unemployment_rate,4.5,3.8,-0.4,0.3
LAUCN261610000000003,2016,M09,3.7,T,26,161,03,Washtenaw,2016-09-01,unemployment_rate,4.1,3.5,-0.399999999999999,0.2
LAUCN261610000000003,2016,M10,3.8,T,26,161,03,Washtenaw,2016-10-01,unemployment_rate,3.7,3.4,0.0999999999999996,0.4
LAUCN261610000000003,2016,M11,3.1,T,26,161,03,Washtenaw,2016-11-01,unemployment_rate,3.8,2.9,-0.7,0.2
LAUCN261610000000003,2016,M12,2.9,T,26,161,03,Washtenaw,2016-12-01,unemployment_rate,3.1,2.8,-0.2,0.1
LAUCN261610000000003,2017,M01,3.5,T,26,161,03,Washtenaw,2017-01-01,unemployment_rate,2.9,3.2,0.6,0.3
LAUCN261610000000003,2017,M02,3.4,T,26,161,03,Washtenaw,2017-02-01,unemployment_rate,3.5,3.2,-0.1,0.2
LAUCN261610000000003,2017,M03,3,T,26,161,03,Washtenaw,2017-03-01,unemployment_rate,3.4,3.4,-0.4,-0.4
LAUCN261610000000003,2017,M04,2.6,T,26,161,03,Washtenaw,2017-04-01,unemployment_rate,3,3.2,-0.4,-0.6
LAUCN261610000000003,2017,M05,3.2,T,26,161,03,Washtenaw,2017-05-01,unemployment_rate,2.6,3.6,0.6,-0.4
LAUCN261610000000003,2017,M06,3.7,T,26,161,03,Washtenaw,2017-06-01,unemployment_rate,3.2,4.1,0.5,-0.399999999999999
LAUCN261610000000003,2017,M07,4.6,T,26,161,03,Washtenaw,2017-07-01,unemployment_rate,3.7,4.5,0.9,0.0999999999999996
LAUCN261610000000003,2017,M08,4,T,26,161,03,Washtenaw,2017-08-01,unemployment_rate,4.6,4.1,-0.6,-0.0999999999999996
LAUCN261610000000003,2017,M09,3.8,T,26,161,03,Washtenaw,2017-09-01,unemployment_rate,4,3.7,-0.2,0.0999999999999996
LAUCN261610000000003,2017,M10,3.2,T,26,161,03,Washtenaw,2017-10-01,unemployment_rate,3.8,3.8,-0.6,-0.6
LAUCN261610000000003,2017,M11,2.9,T,26,161,03,Washtenaw,2017-11-01,unemployment_rate,3.2,3.1,-0.3,-0.2
LAUCN261610000000003,2017,M12,2.8,T,26,161,03,Washtenaw,2017-12-01,unemployment_rate,2.9,2.9,-0.1,-0.1
LAUCN261610000000003,2018,M01,3.2,T,26,161,03,Washtenaw,2018-01-01,unemployment_rate,2.8,3.5,0.4,-0.3
LAUCN261610000000003,2018,M02,3.2,T,26,161,03,Washtenaw,2018-02-01,unemployment_rate,3.2,3.4,0,-0.2
LAUCN261610000000003,2018,M03,2.8,T,26,161,03,Washtenaw,2018-03-01,unemployment_rate,3.2,3,-0.4,-0.2
LAUCN261610000000003,2018,M04,2.6,T,26,161,03,Washtenaw,2018-04-01,unemployment_rate,2.8,2.6,-0.2,0
LAUCN261610000000003,2018,M05,2.9,T,26,161,03,Washtenaw,2018-05-01,unemployment_rate,2.6,3.2,0.3,-0.3
LAUCN261610000000003,2018,M06,3.5,T,26,161,03,Washtenaw,2018-06-01,unemployment_rate,2.9,3.7,0.6,-0.2
LAUCN261610000000003,2018,M07,3.8,T,26,161,03,Washtenaw,2018-07-01,unemployment_rate,3.5,4.6,0.3,-0.8
LAUCN261610000000003,2018,M08,3.1,T,26,161,03,Washtenaw,2018-08-01,unemployment_rate,3.8,4,-0.7,-0.9
LAUCN261610000000003,2018,M09,2.9,T,26,161,03,Washtenaw,2018-09-01,unemployment_rate,3.1,3.8,-0.2,-0.9
LAUCN261610000000003,2018,M10,2.8,T,26,161,03,Washtenaw,2018-10-01,unemployment_rate,2.9,3.2,-0.1,-0.4
LAUCN261610000000003,2018,M11,2.4,T,26,161,03,Washtenaw,2018-11-01,unemployment_rate,2.8,2.9,-0.4,-0.5
LAUCN261610000000003,2018,M12,2.6,T,26,161,03,Washtenaw,2018-12-01,unemployment_rate,2.4,2.8,0.2,-0.2
LAUCN261610000000003,2019,M01,2.9,T,26,161,03,Washtenaw,2019-01-01,unemployment_rate,2.6,3.2,0.3,-0.3
LAUCN261610000000003,2019,M02,2.9,T,26,161,03,Washtenaw,2019-02-01,unemployment_rate,2.9,3.2,0,-0.3
LAUCN261610000000003,2019,M03,3.1,T,26,161,03,Washtenaw,2019-03-01,unemployment_rate,2.9,2.8,0.2,0.3
LAUCN261610000000003,2019,M04,2.6,T,26,161,03,Washtenaw,2019-04-01,unemployment_rate,3.1,2.6,-0.5,0
LAUCN261610000000003,2019,M05,2.9,T,26,161,03,Washtenaw,2019-05-01,unemployment_rate,2.6,2.9,0.3,0
LAUCN261610000000003,2019,M06,3.4,T,26,161,03,Washtenaw,2019-06-01,unemployment_rate,2.9,3.5,0.5,-0.1
LAUCN261610000000003,2019,M07,4,T,26,161,03,Washtenaw,2019-07-01,unemployment_rate,3.4,3.8,0.6,0.2
LAUCN261610000000003,2019,M08,3.2,T,26,161,03,Washtenaw,2019-08-01,unemployment_rate,4,3.1,-0.8,0.1
LAUCN261610000000003,2019,M09,2.8,T,26,161,03,Washtenaw,2019-09-01,unemployment_rate,3.2,2.9,-0.4,-0.1
LAUCN261610000000003,2019,M10,2.4,T,26,161,03,Washtenaw,2019-10-01,unemployment_rate,2.8,2.8,-0.4,-0.4
LAUCN261610000000003,2019,M11,2.1,T,26,161,03,Washtenaw,2019-11-01,unemployment_rate,2.4,2.4,-0.3,-0.3
LAUCN261610000000003,2019,M12,2.1,T,26,161,03,Washtenaw,2019-12-01,unemployment_rate,2.1,2.6,0,-0.5
LAUCN261610000000003,2020,M01,2.4,T,26,161,03,Washtenaw,2020-01-01,unemployment_rate,2.1,2.9,0.3,-0.5
LAUCN261610000000003,2020,M02,2.3,T,26,161,03,Washtenaw,2020-02-01,unemployment_rate,2.4,2.9,-0.1,-0.6
LAUCN261610000000003,2020,M03,2.9,T,26,161,03,Washtenaw,2020-03-01,unemployment_rate,2.3,3.1,0.6,-0.2
LAUCN261610000000003,2020,M04,13.9,T,26,161,03,Washtenaw,2020-04-01,unemployment_rate,2.9,2.6,11,11.3
LAUCN261610000000003,2020,M05,11.7,T,26,161,03,Washtenaw,2020-05-01,unemployment_rate,13.9,2.9,-2.2,8.8
LAUCN261610000000003,2020,M06,10.3,T,26,161,03,Washtenaw,2020-06-01,unemployment_rate,11.7,3.4,-1.4,6.9
LAUCN261610000000003,2020,M07,9.8,T,26,161,03,Washtenaw,2020-07-01,unemployment_rate,10.3,4,-0.5,5.8
LAUCN261610000000003,2020,M08,7.3,T,26,161,03,Washtenaw,2020-08-01,unemployment_rate,9.8,3.2,-2.5,4.1
LAUCN261610000000003,2020,M09,6.2,T,26,161,03,Washtenaw,2020-09-01,unemployment_rate,7.3,2.8,-1.1,3.4
LAUCN261610000000003,2020,M10,4.7,T,26,161,03,Washtenaw,2020-10-01,unemployment_rate,6.2,2.4,-1.5,2.3
LAUCN261610000000003,2020,M11,4.3,T,26,161,03,Washtenaw,2020-11-01,unemployment_rate,4.7,2.1,-0.4,2.2
LAUCN261610000000003,2020,M12,4.6,T,26,161,03,Washtenaw,2020-12-01,unemployment_rate,4.3,2.1,0.3,2.5
LAUCN261610000000003,2021,M01,4.6,T,26,161,03,Washtenaw,2021-01-01,unemployment_rate,4.6,2.4,0,2.2
LAUCN261610000000003,2021,M02,4.4,T,26,161,03,Washtenaw,2021-02-01,unemployment_rate,4.6,2.3,-0.199999999999999,2.1
LAUCN261610000000003,2021,M03,4.5,T,26,161,03,Washtenaw,2021-03-01,unemployment_rate,4.4,2.9,0.0999999999999996,1.6
LAUCN261610000000003,2021,M04,4.3,T,26,161,03,Washtenaw,2021-04-01,unemployment_rate,4.5,13.9,-0.2,-9.6
LAUCN261610000000003,2021,M05,4.7,T,26,161,03,Washtenaw,2021-05-01,unemployment_rate,4.3,11.7,0.4,-7
LAUCN261610000000003,2021,M06,5.2,T,26,161,03,Washtenaw,2021-06-01,unemployment_rate,4.7,10.3,0.5,-5.1
LAUCN261610000000003,2021,M07,5.1,T,26,161,03,Washtenaw,2021-07-01,unemployment_rate,5.2,9.8,-0.100000000000001,-4.7
LAUCN261610000000003,2021,M08,4.3,T,26,161,03,Washtenaw,2021-08-01,unemployment_rate,5.1,7.3,-0.8,-3
LAUCN261610000000003,2021,M09,3.6,T,26,161,03,Washtenaw,2021-09-01,unemployment_rate,4.3,6.2,-0.7,-2.6
LAUCN261610000000003,2021,M10,3.2,T,26,161,03,Washtenaw,2021-10-01,unemployment_rate,3.6,4.7,-0.4,-1.5
LAUCN261610000000003,2021,M11,2.6,T,26,161,03,Washtenaw,2021-11-01,unemployment_rate,3.2,4.3,-0.6,-1.7
LAUCN261610000000003,2021,M12,2.8,T,26,161,03,Washtenaw,2021-12-01,unemployment_rate,2.6,4.6,0.2,-1.8
LAUCN261610000000003,2022,M01,3.3,T,26,161,03,Washtenaw,2022-01-01,unemployment_rate,2.8,4.6,0.5,-1.3
LAUCN261610000000003,2022,M02,3.6,T,26,161,03,Washtenaw,2022-02-01,unemployment_rate,3.3,4.4,0.3,-0.8
LAUCN261610000000003,2022,M03,3.3,T,26,161,03,Washtenaw,2022-03-01,unemployment_rate,3.6,4.5,-0.3,-1.2
LAUCN261610000000003,2022,M04,3.1,T,26,161,03,Washtenaw,2022-04-01,unemployment_rate,3.3,4.3,-0.2,-1.2
LAUCN261610000000003,2022,M05,3.7,T,26,161,03,Washtenaw,2022-05-01,unemployment_rate,3.1,4.7,0.6,-1
LAUCN261610000000003,2022,M06,4.1,T,26,161,03,Washtenaw,2022-06-01,unemployment_rate,3.7,5.2,0.399999999999999,-1.1
LAUCN261610000000003,2022,M07,4.1,T,26,161,03,Washtenaw,2022-07-01,unemployment_rate,4.1,5.1,0,-1
LAUCN261610000000003,2022,M08,3.7,T,26,161,03,Washtenaw,2022-08-01,unemployment_rate,4.1,4.3,-0.399999999999999,-0.6
LAUCN261610000000003,2022,M09,3.2,T,26,161,03,Washtenaw,2022-09-01,unemployment_rate,3.7,3.6,-0.5,-0.4
LAUCN261610000000003,2022,M10,3.2,T,26,161,03,Washtenaw,2022-10-01,unemployment_rate,3.2,3.2,0,0
LAUCN261610000000003,2022,M11,3,T,26,161,03,Washtenaw,2022-11-01,unemployment_rate,3.2,2.6,-0.2,0.4
LAUCN261610000000003,2022,M12,2.9,T,26,161,03,Washtenaw,2022-12-01,unemployment_rate,3,2.8,-0.1,0.1
LAUCN261610000000003,2023,M01,3.3,T,26,161,03,Washtenaw,2023-01-01,unemployment_rate,2.9,3.3,0.4,0
LAUCN261610000000003,2023,M02,3.3,T,26,161,03,Washtenaw,2023-02-01,unemployment_rate,3.3,3.6,0,-0.3
LAUCN261610000000003,2023,M03,3.2,T,26,161,03,Washtenaw,2023-03-01,unemployment_rate,3.3,3.3,-0.0999999999999996,-0.0999999999999996
LAUCN261610000000003,2023,M04,2.5,T,26,161,03,Washtenaw,2023-04-01,unemployment_rate,3.2,3.1,-0.7,-0.6
LAUCN261610000000003,2023,M05,3.4,T,26,161,03,Washtenaw,2023-05-01,unemployment_rate,2.5,3.7,0.9,-0.3
LAUCN261610000000003,2023,M06,3.7,T,26,161,03,Washtenaw,2023-06-01,unemployment_rate,3.4,4.1,0.3,-0.399999999999999
LAUCN261610000000003,2023,M07,3.8,T,26,161,03,Washtenaw,2023-07-01,unemployment_rate,3.7,4.1,0.0999999999999996,-0.3
LAUCN261610000000003,2023,M08,3.7,T,26,161,03,Washtenaw,2023-08-01,unemployment_rate,3.8,3.7,-0.0999999999999996,0
LAUCN261610000000003,2023,M09,3.3,T,26,161,03,Washtenaw,2023-09-01,unemployment_rate,3.7,3.2,-0.4,0.0999999999999996
LAUCN261610000000003,2023,M10,3.1,T,26,161,03,Washtenaw,2023-10-01,unemployment_rate,3.3,3.2,-0.2,-0.1
LAUCN261610000000003,2023,M11,2.6,T,26,161,03,Washtenaw,2023-11-01,unemployment_rate,3.1,3,-0.5,-0.4
LAUCN261610000000003,2023,M12,2.7,T,26,161,03,Washtenaw,2023-12-01,unemployment_rate,2.6,2.9,0.1,-0.2
LAUCN261610000000003,2024,M01,3,T,26,161,03,Washtenaw,2024-01-01,unemployment_rate,2.7,3.3,0.3,-0.3
LAUCN261610000000003,2024,M02,3.2,T,26,161,03,Washtenaw,2024-02-01,unemployment_rate,3,3.3,0.2,-0.0999999999999996
LAUCN261610000000003,2024,M03,3.3,T,26,161,03,Washtenaw,2024-03-01,unemployment_rate,3.2,3.2,0.0999999999999996,0.0999999999999996
LAUCN261610000000003,2024,M04,3.1,T,26,161,03,Washtenaw,2024-04-01,unemployment_rate,3.3,2.5,-0.2,0.6
LAUCN261610000000003,2024,M05,3.8,T,26,161,03,Washtenaw,2024-05-01,unemployment_rate,3.1,3.4,0.7,0.4
LAUCN261610000000003,2024,M06,4.4,T,26,161,03,Washtenaw,2024-06-01,unemployment_rate,3.8,3.7,0.600000000000001,0.7
LAUCN261610000000003,2024,M07,4.9,T,26,161,03,Washtenaw,2024-07-01,unemployment_rate,4.4,3.8,0.5,1.1
LAUCN261610000000003,2024,M08,4.4,T,26,161,03,Washtenaw,2024-08-01,unemployment_rate,4.9,3.7,-0.5,0.7
LAUCN261610000000003,2024,M09,3.8,T,26,161,03,Washtenaw,2024-09-01,unemployment_rate,4.4,3.3,-0.600000000000001,0.5
LAUCN261610000000003,2024,M10,3.7,T,26,161,03,Washtenaw,2024-10-01,unemployment_rate,3.8,3.1,-0.0999999999999996,0.6
LAUCN261610000000003,2024,M11,3.8,T,26,161,03,Washtenaw,2024-11-01,unemployment_rate,3.7,2.6,0.0999999999999996,1.2
LAUCN261610000000003,2024,M12,3.9,T,26,161,03,Washtenaw,2024-12-01,unemployment_rate,3.8,2.7,0.1,1.2
LAUCN261610000000003,2025,M01,4.3,T,26,161,03,Washtenaw,2025-01-01,unemployment_rate,3.9,3,0.4,1.3
LAUCN261610000000003,2025,M02,4.3,T,26,161,03,Washtenaw,2025-02-01,unemployment_rate,4.3,3.2,0,1.1
LAUCN261610000000003,2025,M03,4.5,T,26,161,03,Washtenaw,2025-03-01,unemployment_rate,4.3,3.3,0.2,1.2
LAUCN261610000000003,2025,M04,3.9,T,26,161,03,Washtenaw,2025-04-01,unemployment_rate,4.5,3.1,-0.6,0.8
LAUCN261610000000003,2025,M05,4.5,T,26,161,03,Washtenaw,2025-05-01,unemployment_rate,3.9,3.8,0.6,0.7
LAUCN261610000000003,2025,M06,4.8,T,26,161,03,Washtenaw,2025-06-01,unemployment_rate,4.5,4.4,0.3,0.399999999999999
LAUCN261610000000003,2025,M07,4.9,T,26,161,03,Washtenaw,2025-07-01,unemployment_rate,4.8,4.9,0.100000000000001,0
LAUCN261610000000003,2025,M08,4.5,T,26,161,03,Washtenaw,2025-08-01,unemployment_rate,4.9,4.4,-0.4,0.0999999999999996
LAUCN261610000000003,2025,M09,3.8,T,26,161,03,Washtenaw,2025-09-01,unemployment_rate,4.5,3.8,-0.7,0
LAUCN261610000000003,2025,M11,4,T,26,161,03,Washtenaw,2025-11-01,unemployment_rate,3.8,3.7,0.2,0.3
LAUCN261610000000003,2025,M12,3.8,T,26,161,03,Washtenaw,2025-12-01,unemployment_rate,4,3.8,-0.2,0
LAUCN261610000000003,2026,M01,4.3,"",26,161,03,Washtenaw,2026-01-01,unemployment_rate,3.8,3.9,0.5,0.4
LAUCN261610000000003,2026,M02,3.7,"",26,161,03,Washtenaw,2026-02-01,unemployment_rate,4.3,4.3,-0.6,-0.6
LAUCN261610000000003,2026,M03,3.7,"",26,161,03,Washtenaw,2026-03-01,unemployment_rate,3.7,4.3,0,-0.6
LAUCN261610000000003,2026,M04,3.5,P,26,161,03,Washtenaw,2026-04-01,unemployment_rate,3.7,4.5,-0.2,-1
